"Post ID","Account ID","Account username","Account name",Description,"Duration (sec)","Publish time",Permalink,"Post type","Data comment",Date,Views,Reach,Likes,Shares,Follows,Comments,Saves
17927030286112504,17841414051683694,purapura.ponsel,"Pura Pura Ponsel","Colok Bali VS Colok Jawa 😆

Pura Pura Ponsel - Toko HP Baru & Second Terlengkap di Denpasar! ✨

Cari iPhone atau Android bekas berkualitas dengan garansi resmi?
Di sini tempatnya! Kami menyediakan beragam pilihan HP bekas yang sudah melewati proses QC ketat, jadi dijamin aman dan terpercaya.

✅ Jual Beli HP Second & Baru
✅ Bergaransi
✅ Tersedia Berbagai Merk: iPhone, Samsung, Xiaomi, Oppo, Vivo, dan lainnya
✅ Bisa Tukar Tambah & Kredit HP (Syarat & Ketentuan Berlaku)

📍 Kunjungi cabang terdekat kami:
- Kesiman: Jl. Kroya No. 3, Kesiman, Denpasar Timur
- Pemecutan Klod: Jl. Subur No. 4, Pemecutan Klod, Denpasar Barat

⏰ Buka setiap hari pukul 09:00 - 22:00 WITA.

📲 Hubungi kami untuk info stok & pemesanan: 081237200400
🌐 Cek promo terbaru di website kami: purapuraponsel.com
🛒 Belanja online aman di Tokopedia & Shopee: Pura Pura Ponsel Official

Kualitas Tidak Pernah Pura Pura.
#purapuraponsel #viral #fyp #xyzbca #reelsinstagram",48,"10/09/2025 03:22",https://www.instagram.com/reel/DPlbRZ7kyv-/,"IG reel",,Lifetime,91237,59078,1356,108,20,55,34
18103072213699344,17841414051683694,purapura.ponsel,"Pura Pura Ponsel","JANUARY PROMO IS COMING 😆‼️

Buat bestie yang lagi cari iPhone Brand New 🥳 
Jangan bingung karena Pura Pura Ponsel hadir dengan berbagai series iPhone Brand New yang tentunya dengan Promo menarik ya bestie 🥰

Kenapa harus di Pura Pura Ponsel ? 
✅ Bergaransi resmi
✅ Kualitas barang sama
✅ Bisa kredit, dapatkan PROMO Bunga dan DP 0%
✅ Bisa TUKAR TAMBAH, bahkan dari series terlama sekalipun
✅ Bisa SPLIT PAYMENT
✅ Dibantu pemindahan data dari handphone lama ke handphone baru
✅ After Sales ( yang pastinya fast response dan dibantu jika terjadi kendala )
✅ DAN MASIH BANYAK BENEFIT LAINNYA ‼️

Buat kalian yang nggak bisa datang ke toko bisa checkout di toko online Minpur yaa. Ada CASHBACK hingga jutaan rupiah 🤩 pengiriman cepat, dijamin aman sampai tujuan whoosh 💨
Jadi tunggu apalagi ? Yuk Segera tentukan pilihanmu bestie 🥰

Toko Kroya: Jl. Kroya No. 3, Kesiman, Denpasar
Toko Munang Maning: Jl. Subur No. 4 Pemecutan Klod, Denpasar Barat
Jam Buka: Setiap Hari 09:00 - 22:00 WITA
Admin WA: 081237200400 (Klik Link di Bio!)
Tokopedia/Shopee/TikTok Shop: Pura Pura Ponsel

Kualitas Tidak Pernah Pura Pura - Solusi tukar tambah HP terbaik di Bali.",0,"12/31/2025 19:10",https://www.instagram.com/p/DS89YjGAU5w/,"IG carousel",,Lifetime,429221,127805,660,133,74,22,159
17858322375578939,17841414051683694,purapura.ponsel,"Pura Pura Ponsel","MACET - MACETAN ATAU TIDAK BISA KESENTUH ?  SERVICE DISINI SAJA BESTIE 😊

Punya keluhan atau kendala dengan handphone bestie ? bawa saja ke Pura Pura Ponsel yaa. Kami menyediakan layanan Service dengan Teknisi yang terpercaya dan kompeten! 🤩
Kenapa harus Service di Pura Pura Ponsel ? 
✅ Service bisa ditunggu
✅ Bisa lihat prosesnya atau dilakukan secara Face To Face
✅ Free tempared glass dan case 
✅ Dapatkan potongan up to 50%

Yuk konsultasikan keluhanmu sekarang 😊🚀

Toko Kroya: Jl. Kroya No. 3, Kesiman, Denpasar
Toko Munang Maning: Jl. Subur No. 4 Pemecutan Klod, Denpasar Barat
Jam Buka: Setiap Hari 09:00 - 22:00 WITA
Admin WA: 081237200400 (Klik Link di Bio!)
Tokopedia/Shopee/TikTok Shop: Pura Pura Ponsel

Kualitas Tidak Pernah Pura Pura - Solusi tukar tambah HP terbaik di Bali.",0,"12/31/2025 18:25",https://www.instagram.com/p/DS84N3sgMLn/,"IG carousel",,Lifetime,315522,140247,243,14,74,14,38
18103142500704650,17841414051683694,purapura.ponsel,"Pura Pura Ponsel","JANUARY PROMO IS COMING 😆‼️

Buat bestie yang lagi cari Android Brand New 🥳 
Jangan bingung karena Pura Pura Ponsel hadir dengan berbagai series Android Brand New yang tentunya lengkap dan dengan PROMO yang ga nanggung nanggung 😱

Kenapa harus di Pura Pura Ponsel ? 
✅ Bergaransi resmi
✅ Kualitas barang sama
✅ Bisa kredit, dapatkan PROMO Bunga dan DP 0%
✅ Bisa TUKAR TAMBAH, bahkan dari series terlama sekalipun
✅ Bisa SPLIT PAYMENT
✅ After Sales ( yang pastinya fast response dan dibantu jika terjadi kendala )
✅ DAN MASIH BANYAK BENEFIT LAINNYA ‼️

Dan tentunya BERKESEMPATAN LUCKY DRAW di setiap pembelian Android Brand New yang hadiahnya berupa VOUCHER BELANJA JUTAAN rupiah hingga HANDPHONE 🤩

Buat kalian yang nggak bisa datang ke toko bisa checkout di toko online Minpur yaa. Ada CASHBACK hingga jutaan rupiah 🤩 pengiriman cepat, dijamin aman sampai tujuan whoosh 💨
Jadi tunggu apalagi ? Yuk Segera tentukan pilihanmu bestie 🥰

Toko Kroya: Jl. Kroya No. 3, Kesiman, Denpasar
Toko Munang Maning: Jl. Subur No. 4 Pemecutan Klod, Denpasar Barat
Jam Buka: Setiap Hari 09:00 - 22:00 WITA
Admin WA: 081237200400 (Klik Link di Bio!)
Tokopedia/Shopee/TikTok Shop: Pura Pura Ponsel

Kualitas Tidak Pernah Pura Pura - Solusi tukar tambah HP terbaik di Bali.",0,"12/31/2025 18:20",https://www.instagram.com/p/DS83oXTjSRU/,"IG carousel",,Lifetime,389711,121437,485,23,96,30,106
18104764108672139,17841414051683694,purapura.ponsel,"Pura Pura Ponsel","Tahun Baru dapat Rejeki Nomplok😱

kalau kalian dalam posisi nemu uang dijalan, kalian lebih memilih ambil langsung atau pura pura jadi orang baik dulu  diapa tau bisa dapat lebih gituuu😬

Bingung mau Upgrade HP tapi HP lama gak terpakai?
Jangan khawatir! Bawa saja ke Pura Pura Ponsel
Kami terima Tukar Tambah semua kondisi dan series!

✅ Series Terlama? Bisa!
✅ Android ke iPhone? Bisa Banget!
✅ KREDIT DP & BUNGA 0% (S&K Berlaku)
✅ BISA SPLIT PAYMENT
✅ BANYAK BENEFIT eksklusif lainnya!

Stop galau, saatnya ganti gadget baru tanpa ribet dan untung maksimal!
Kunjungi Toko Kami Sekarang!

Toko Kroya: Jl. Kroya No. 3, Kesiman, Denpasar
Toko Munang Maning: Jl. Subur No. 4 Pemecutan Klod, Denpasar Barat
Jam Buka: Setiap Hari 09:00 - 22:00 WITA
Admin WA: 081237200400 (Klik Link di Bio!)
Tokopedia/Shopee/TikTok Shop: Pura Pura Ponsel

Kualitas Tidak Pernah Pura Pura - Solusi tukar tambah HP terbaik di Bali.",26,"12/31/2025 18:01",https://www.instagram.com/reel/DS81dLUE5iB/,"IG reel",,Lifetime,11259,6245,60,1,1,2,2
18084101900279007,17841414051683694,purapura.ponsel,"Pura Pura Ponsel","BESTIE PENGGUNA IPHONE ATAU MACBOOK ? 🥰 

belum lengkap kalau belum koleksi Apple Product lainnya nih. Transfer data yang mudah, sinkronisasi antar perangkat, serta pengalaman pengguna yang konsisten disemua perangkat. 

Kenapa harus di Pura Pura Ponsel ? 
✅ Bergaransi resmi
✅ Kualitas barang sama
✅ Bisa kredit, dapatkan PROMO Bunga dan DP 0%
✅ Bisa SPLIT PAYMENT
✅ After Sales ( yang pastinya fast response dan dibantu jika terjadi kendala )
✅ DAN MASIH BANYAK BENEFIT LAINNYA ‼️

Buat kalian yang nggak bisa datang ke toko bisa checkout di toko online Minpur yaa. Pengiriman cepat, dijamin aman sampai tujuan whoosh 💨
Jadi tunggu apalagi ? Yuk Segera tentukan pilihanmu bestie 🥰

Toko Kroya: Jl. Kroya No. 3, Kesiman, Denpasar
Toko Munang Maning: Jl. Subur No. 4 Pemecutan Klod, Denpasar Barat
Jam Buka: Setiap Hari 09:00 - 22:00 WITA
Admin WA: 081237200400 (Klik Link di Bio!)
Tokopedia/Shopee/TikTok Shop: Pura Pura Ponsel

Kualitas Tidak Pernah Pura Pura - Solusi tukar tambah HP terbaik di Bali.",0,"12/31/2025 17:00",https://www.instagram.com/p/DS8uhCSCGMb/,"IG carousel",,Lifetime,300624,112362,207,36,33,10,34
18056902946652287,17841414051683694,purapura.ponsel,"Pura Pura Ponsel","MAU UPGRADE HANDPHONE TAPI GAMAU UANG BERKURANG ? BISA BANGET DONG BESTIE 🤩

Khusus untuk bestie yang kaum mendang mending atau budget menipis. Tenang Minpur punya solusinya yaa 🥳
Bestie bisa KREDIT dengan berbagai pilihan finance :
✅ Indodana
✅ Home Credit
✅ Akulaku
✅ Kredivo
✅ Samsung Finance+
✅ Spaylater limit X-tra

Dapatkan PROMO BUNGA dan DP 0% hingga FREE 2 kali cicilan 🥳
Yuk langsung datang ke toko dengan bawa KTP dan Handphone saja ya bestie 🤩🚀

Toko Kroya: Jl. Kroya No. 3, Kesiman, Denpasar
Toko Munang Maning: Jl. Subur No. 4 Pemecutan Klod, Denpasar Barat
Jam Buka: Setiap Hari 09:00 - 22:00 WITA
Admin WA: 081237200400 (Klik Link di Bio!)
Tokopedia/Shopee/TikTok Shop: Pura Pura Ponsel

Kualitas Tidak Pernah Pura Pura - Solusi tukar tambah HP terbaik di Bali.",0,"12/31/2025 17:00",https://www.instagram.com/p/DS8ugL6jVbM/,"IG carousel",,Lifetime,430040,121964,341,9,51,24,68
18430418719128268,17841414051683694,purapura.ponsel,"Pura Pura Ponsel","Habis hujan datanglah pelangi🌈

ayokkk jangan bohong dehhh kalian lihat kan pelanginya dimna? itu lohhh warnanya indah bangettt gelap dikit kagat ngaruhhh🫣

Bingung mau Upgrade HP tapi HP lama gak terpakai?
Jangan khawatir! Bawa saja ke Pura Pura Ponsel
Kami terima Tukar Tambah semua kondisi dan series!

✅ Series Terlama? Bisa!
✅ Android ke iPhone? Bisa Banget!
✅ KREDIT DP & BUNGA 0% (S&K Berlaku)
✅ BISA SPLIT PAYMENT
✅ BANYAK BENEFIT eksklusif lainnya!

Stop galau, saatnya ganti gadget baru tanpa ribet dan untung maksimal!
Kunjungi Toko Kami Sekarang!

Toko Kroya: Jl. Kroya No. 3, Kesiman, Denpasar
Toko Munang Maning: Jl. Subur No. 4 Pemecutan Klod, Denpasar Barat
Jam Buka: Setiap Hari 09:00 - 22:00 WITA
Admin WA: 081237200400 (Klik Link di Bio!)
Tokopedia/Shopee/TikTok Shop: Pura Pura Ponsel

Kualitas Tidak Pernah Pura Pura - Solusi tukar tambah HP terbaik di Bali.",18,"12/30/2025 18:01",https://www.instagram.com/reel/DS6QlmFDmSN/,"IG reel",,Lifetime,16448,9969,130,51,4,0,6
17872978167397942,17841414051683694,purapura.ponsel,"Pura Pura Ponsel","Hiduplah seperti bunglon, sedikitnya kita harus main licik dikit biar gak polos polos banget😄

Bingung mau Upgrade HP tapi HP lama gak terpakai?
Jangan khawatir! Bawa saja ke Pura Pura Ponsel
Kami terima Tukar Tambah semua kondisi dan series!

✅ Series Terlama? Bisa!
✅ Android ke iPhone? Bisa Banget!
✅ KREDIT DP & BUNGA 0% (S&K Berlaku)
✅ BISA SPLIT PAYMENT
✅ BANYAK BENEFIT eksklusif lainnya!

Stop galau, saatnya ganti gadget baru tanpa ribet dan untung maksimal!
Kunjungi Toko Kami Sekarang!

Toko Kroya: Jl. Kroya No. 3, Kesiman, Denpasar
Toko Munang Maning: Jl. Subur No. 4 Pemecutan Klod, Denpasar Barat
Jam Buka: Setiap Hari 09:00 - 22:00 WITA
Admin WA: 081237200400 (Klik Link di Bio!)
Tokopedia/Shopee/TikTok Shop: Pura Pura Ponsel

Kualitas Tidak Pernah Pura Pura - Solusi tukar tambah HP terbaik di Bali.",12,"12/30/2025 02:01",https://www.instagram.com/reel/DS4ivwGiWCZ/,"IG reel",,Lifetime,31023,17173,188,2,0,2,6
18078859778252328,17841414051683694,purapura.ponsel,"Pura Pura Ponsel","Songong banget lu bang😏

siapa nih yang temanya jago pamer jugaa, lagian si oren pakek dipamerin kayak gak ada kerjaan aja😄

Bingung mau Upgrade HP tapi HP lama gak terpakai?
Jangan khawatir! Bawa saja ke Pura Pura Ponsel
Kami terima Tukar Tambah semua kondisi dan series!

✅ Series Terlama? Bisa!
✅ Android ke iPhone? Bisa Banget!
✅ KREDIT DP & BUNGA 0% (S&K Berlaku)
✅ BISA SPLIT PAYMENT
✅ BANYAK BENEFIT eksklusif lainnya!

Stop galau, saatnya ganti gadget baru tanpa ribet dan untung maksimal!
Kunjungi Toko Kami Sekarang!

Toko Kroya: Jl. Kroya No. 3, Kesiman, Denpasar
Toko Munang Maning: Jl. Subur No. 4 Pemecutan Klod, Denpasar Barat
Jam Buka: Setiap Hari 09:00 - 22:00 WITA
Admin WA: 081237200400 (Klik Link di Bio!)
Tokopedia/Shopee/TikTok Shop: Pura Pura Ponsel

Kualitas Tidak Pernah Pura Pura - Solusi tukar tambah HP terbaik di Bali.",15,"12/29/2025 18:01",https://www.instagram.com/reel/DS3r2ZcAnCd/,"IG reel",,Lifetime,16757,9668,65,1,1,0,2
17870249187499456,17841414051683694,purapura.ponsel,"Pura Pura Ponsel","Nanti gantian yaaa videoinnya🥰

Kenapa gak satu motor aja sihhh, tebak ya ini mereka pacaran atau berburu cilok sihh?

Bingung mau Upgrade HP tapi HP lama gak terpakai?
Jangan khawatir! Bawa saja ke Pura Pura Ponsel
Kami terima Tukar Tambah semua kondisi dan series!

✅ Series Terlama? Bisa!
✅ Android ke iPhone? Bisa Banget!
✅ KREDIT DP & BUNGA 0% (S&K Berlaku)
✅ BISA SPLIT PAYMENT
✅ BANYAK BENEFIT eksklusif lainnya!

Stop galau, saatnya ganti gadget baru tanpa ribet dan untung maksimal!
Kunjungi Toko Kami Sekarang!

Toko Kroya: Jl. Kroya No. 3, Kesiman, Denpasar
Toko Munang Maning: Jl. Subur No. 4 Pemecutan Klod, Denpasar Barat
Jam Buka: Setiap Hari 09:00 - 22:00 WITA
Admin WA: 081237200400 (Klik Link di Bio!)
Tokopedia/Shopee/TikTok Shop: Pura Pura Ponsel

Kualitas Tidak Pernah Pura Pura - Solusi tukar tambah HP terbaik di Bali.",14,"12/29/2025 02:00",https://www.instagram.com/reel/DS196jAD8ti/,"IG reel",,Lifetime,15490,9854,73,0,0,2,1
18084495884515549,17841414051683694,purapura.ponsel,"Pura Pura Ponsel","Cara Charger yang SALAH✖️
Cara Charger yang BENAR✔️

Bingung mau Upgrade HP tapi HP lama gak terpakai?
Jangan khawatir! Bawa saja ke Pura Pura Ponsel
Kami terima Tukar Tambah semua kondisi dan series!

✅ Series Terlama? Bisa!
✅ Android ke iPhone? Bisa Banget!
✅ KREDIT DP & BUNGA 0% (S&K Berlaku)
✅ BISA SPLIT PAYMENT
✅ BANYAK BENEFIT eksklusif lainnya!

Stop galau, saatnya ganti gadget baru tanpa ribet dan untung maksimal!
Kunjungi Toko Kami Sekarang!

Toko Kroya: Jl. Kroya No. 3, Kesiman, Denpasar
Toko Munang Maning: Jl. Subur No. 4 Pemecutan Klod, Denpasar Barat
Jam Buka: Setiap Hari 09:00 - 22:00 WITA
Admin WA: 081237200400 (Klik Link di Bio!)
Tokopedia/Shopee/TikTok Shop: Pura Pura Ponsel

Kualitas Tidak Pernah Pura Pura - Solusi tukar tambah HP terbaik di Bali.",18,"12/28/2025 18:01",https://www.instagram.com/reel/DS1HCtzjaPG/,"IG reel",,Lifetime,40404,21093,176,8,1,13,5
18108401155629094,17841414051683694,purapura.ponsel,"Pura Pura Ponsel","Tahun Baruan Bingung ???🤷🏻‍♀️

Mau milih bareng siapa ini tuhannn😭

Bingung mau Upgrade HP tapi HP lama gak terpakai?
Jangan khawatir! Bawa saja ke Pura Pura Ponsel
Kami terima Tukar Tambah semua kondisi dan series!

✅ Series Terlama? Bisa!
✅ Android ke iPhone? Bisa Banget!
✅ KREDIT DP & BUNGA 0% (S&K Berlaku)
✅ BISA SPLIT PAYMENT
✅ BANYAK BENEFIT eksklusif lainnya!

Stop galau, saatnya ganti gadget baru tanpa ribet dan untung maksimal!
Kunjungi Toko Kami Sekarang!

Toko Kroya: Jl. Kroya No. 3, Kesiman, Denpasar
Toko Munang Maning: Jl. Subur No. 4 Pemecutan Klod, Denpasar Barat
Jam Buka: Setiap Hari 09:00 - 22:00 WITA
Admin WA: 081237200400 (Klik Link di Bio!)
Tokopedia/Shopee/TikTok Shop: Pura Pura Ponsel

Kualitas Tidak Pernah Pura Pura - Solusi tukar tambah HP terbaik di Bali.",16,"12/28/2025 18:00",https://www.instagram.com/reel/DS1G-u2D0Jd/,"IG reel",,Lifetime,34800,17576,208,19,0,2,1
18037694894744398,17841442251754246,sibliwira,"BLI WIRA","BAHAGIA SEMENTARA

#sibliwira #reelsvideo #reelsinstagram #reels",41,"12/28/2025 02:18",https://www.instagram.com/reel/DSzaphbESE-/,"IG reel",,Lifetime,356480,199821,10337,348,204,84,0
18057614207329288,17841414051683694,purapura.ponsel,"Pura Pura Ponsel","Nasib JOMBLO ya gini😭

Bingung mau Upgrade HP tapi HP lama gak terpakai?
Jangan khawatir! Bawa saja ke Pura Pura Ponsel
Kami terima Tukar Tambah semua kondisi dan series!

✅ Series Terlama? Bisa!
✅ Android ke iPhone? Bisa Banget!
✅ KREDIT DP & BUNGA 0% (S&K Berlaku)
✅ BISA SPLIT PAYMENT
✅ BANYAK BENEFIT eksklusif lainnya!

Stop galau, saatnya ganti gadget baru tanpa ribet dan untung maksimal!
Kunjungi Toko Kami Sekarang!

Toko Kroya: Jl. Kroya No. 3, Kesiman, Denpasar
Toko Munang Maning: Jl. Subur No. 4 Pemecutan Klod, Denpasar Barat
Jam Buka: Setiap Hari 09:00 - 22:00 WITA
Admin WA: 081237200400 (Klik Link di Bio!)
Tokopedia/Shopee/TikTok Shop: Pura Pura Ponsel

Kualitas Tidak Pernah Pura Pura - Solusi tukar tambah HP terbaik di Bali.",16,"12/28/2025 02:01",https://www.instagram.com/reel/DSzZLdDDr-N/,"IG reel",,Lifetime,49781,26034,227,22,0,0,13
17959624446035892,17841414051683694,purapura.ponsel,"Pura Pura Ponsel","Kamera Burem masih suka ngeblur?🤔

udah gak jaman lap lap kamera teruss, 99% orang salah paham soal ini😌Coba cek, lalu share🥰 semoga membantu

Bingung mau Upgrade HP tapi HP lama gak terpakai?
Jangan khawatir! Bawa saja ke Pura Pura Ponsel
Kami terima Tukar Tambah semua kondisi dan series!

✅ Series Terlama? Bisa!
✅ Android ke iPhone? Bisa Banget!
✅ KREDIT DP & BUNGA 0% (S&K Berlaku)
✅ BISA SPLIT PAYMENT
✅ BANYAK BENEFIT eksklusif lainnya!

Stop galau, saatnya ganti gadget baru tanpa ribet dan untung maksimal!
Kunjungi Toko Kami Sekarang!

Toko Kroya: Jl. Kroya No. 3, Kesiman, Denpasar
Toko Munang Maning: Jl. Subur No. 4 Pemecutan Klod, Denpasar Barat
Jam Buka: Setiap Hari 09:00 - 22:00 WITA
Admin WA: 081237200400 (Klik Link di Bio!)
Tokopedia/Shopee/TikTok Shop: Pura Pura Ponsel

Kualitas Tidak Pernah Pura Pura - Solusi tukar tambah HP terbaik di Bali.",81,"12/27/2025 21:01",https://www.instagram.com/reel/DSy21npkrbc/,"IG reel",,Lifetime,40492,22142,302,42,1,2,88
18122292445527399,17841414051683694,purapura.ponsel,"Pura Pura Ponsel","POV : Tebak Yang Paling Pendek😆

Bingung mau Upgrade HP tapi HP lama gak terpakai?
Jangan khawatir! Bawa saja ke Pura Pura Ponsel
Kami terima Tukar Tambah semua kondisi dan series!

✅ Series Terlama? Bisa!
✅ Android ke iPhone? Bisa Banget!
✅ KREDIT DP & BUNGA 0% (S&K Berlaku)
✅ BISA SPLIT PAYMENT
✅ BANYAK BENEFIT eksklusif lainnya!

Stop galau, saatnya ganti gadget baru tanpa ribet dan untung maksimal!
Kunjungi Toko Kami Sekarang!

Toko Kroya: Jl. Kroya No. 3, Kesiman, Denpasar
Toko Munang Maning: Jl. Subur No. 4 Pemecutan Klod, Denpasar Barat
Jam Buka: Setiap Hari 09:00 - 22:00 WITA
Admin WA: 081237200400 (Klik Link di Bio!)
Tokopedia/Shopee/TikTok Shop: Pura Pura Ponsel

Kualitas Tidak Pernah Pura Pura - Solusi tukar tambah HP terbaik di Bali.",16,"12/27/2025 18:00",https://www.instagram.com/reel/DSyiKv0D0cx/,"IG reel",,Lifetime,20240,12737,73,1,1,0,0
17871015027484421,17841460557348833,arthadashing_,"Artha Dashing","Jawa Bali ribut perkara pindang kucing🤣

Jangan ribu soal makanan ya guys, apalagi Chicken Parmigiana sekarang cuma 35K dari harga 57K di @nanueaterybali promo sampai akhir tahun berlaku dari jam 4 sore - 8 malam

Cuma di @purapura.ponsel harga Iphone 13 New cuma 7.499K, iphone 15 New cuma 10.799K, iphone 16 New 13.999K 
Yuk merapat sebelum kehabisan guys

#arthadashing #purapuraponsel #nanueatrybali",135,"12/27/2025 03:49",https://www.instagram.com/reel/DSxAO93kRaA/,"IG reel",,Lifetime,74366,60835,301,7,1,2,0
17952080451063924,17841414051683694,purapura.ponsel,"Pura Pura Ponsel","Kalau kayak gini bakalan rajin bersih-bersih terus deh 🫣, siapa yang mau ikutan bersih-bersih komen dong 🤤

Bingung mau Upgrade HP tapi HP lama gak terpakai?
Jangan khawatir! Bawa saja ke Pura Pura Ponsel
Kami terima Tukar Tambah semua kondisi dan series!

✅ Series Terlama? Bisa!
✅ Android ke iPhone? Bisa Banget!
✅ KREDIT DP & BUNGA 0% (S&K Berlaku)
✅ BISA SPLIT PAYMENT
✅ BANYAK BENEFIT eksklusif lainnya!

Stop galau, saatnya ganti gadget baru tanpa ribet dan untung maksimal!
Kunjungi Toko Kami Sekarang!

Toko Kroya: Jl. Kroya No. 3, Kesiman, Denpasar
Toko Munang Maning: Jl. Subur No. 4 Pemecutan Klod, Denpasar Barat
Jam Buka: Setiap Hari 09:00 - 22:00 WITA
Admin WA: 081237200400 (Klik Link di Bio!)
Tokopedia/Shopee/TikTok Shop: Pura Pura Ponsel

Kualitas Tidak Pernah Pura Pura - Solusi tukar tambah HP terbaik di Bali.",18,"12/27/2025 02:01",https://www.instagram.com/reel/DSw0ZTXjWc_/,"IG reel",,Lifetime,99530,50379,655,230,1,16,68
18027911039587849,17841414051683694,purapura.ponsel,"Pura Pura Ponsel","POV : Ketika lupa pakai celana ke kantor😆

Bingung mau Upgrade HP tapi HP lama gak terpakai?
Jangan khawatir! Bawa saja ke Pura Pura Ponsel
Kami terima Tukar Tambah semua kondisi dan series!

✅ Series Terlama? Bisa!
✅ Android ke iPhone? Bisa Banget!
✅ KREDIT DP & BUNGA 0% (S&K Berlaku)
✅ BISA SPLIT PAYMENT
✅ BANYAK BENEFIT eksklusif lainnya!

Stop galau, saatnya ganti gadget baru tanpa ribet dan untung maksimal!
Kunjungi Toko Kami Sekarang!

Toko Kroya: Jl. Kroya No. 3, Kesiman, Denpasar
Toko Munang Maning: Jl. Subur No. 4 Pemecutan Klod, Denpasar Barat
Jam Buka: Setiap Hari 09:00 - 22:00 WITA
Admin WA: 081237200400 (Klik Link di Bio!)
Tokopedia/Shopee/TikTok Shop: Pura Pura Ponsel

Kualitas Tidak Pernah Pura Pura - Solusi tukar tambah HP terbaik di Bali.",19,"12/26/2025 18:01",https://www.instagram.com/reel/DSv9fYCk4Y6/,"IG reel",,Lifetime,27975,18066,172,1,0,2,6
18052131659401985,17841414051683694,purapura.ponsel,"Pura Pura Ponsel","Pemenang Undian Beli Iphone 17 dapat Kambing😱🐐

Siapa nihh yang bakalan menang undiannya??🥹
Siap siap join Live Tiktok dan Instagram Pura-Pura Ponsel 
kita undi besok tgl 27 Desember 2025 jam 4 sore !!🥰

Bingung mau Upgrade HP tapi HP lama gak terpakai?
Jangan khawatir! Bawa saja ke Pura Pura Ponsel
Kami terima Tukar Tambah semua kondisi dan series!

✅ Series Terlama? Bisa!
✅ Android ke iPhone? Bisa Banget!
✅ KREDIT DP & BUNGA 0% (S&K Berlaku)
✅ BISA SPLIT PAYMENT
✅ BANYAK BENEFIT eksklusif lainnya!

Stop galau, saatnya ganti gadget baru tanpa ribet dan untung maksimal!
Kunjungi Toko Kami Sekarang!

Toko Kroya: Jl. Kroya No. 3, Kesiman, Denpasar
Toko Munang Maning: Jl. Subur No. 4 Pemecutan Klod, Denpasar Barat
Jam Buka: Setiap Hari 09:00 - 22:00 WITA
Admin WA: 081237200400 (Klik Link di Bio!)
Tokopedia/Shopee/TikTok Shop: Pura Pura Ponsel

Kualitas Tidak Pernah Pura Pura - Solusi tukar tambah HP terbaik di Bali.",34,"12/26/2025 05:10",https://www.instagram.com/reel/DSulLBUkwN1/,"IG reel",,Lifetime,13186,8572,64,4,2,4,0
18004336487683320,17841414051683694,purapura.ponsel,"Pura Pura Ponsel","2025 bakal berakhir, gimana 2025 versi kalian ? 😁

Bingung mau Upgrade HP tapi HP lama gak terpakai?
Jangan khawatir! Bawa saja ke Pura Pura Ponsel
Kami terima Tukar Tambah semua kondisi dan series!

✅ Series Terlama? Bisa!
✅ Android ke iPhone? Bisa Banget!
✅ KREDIT DP & BUNGA 0% (S&K Berlaku)
✅ BISA SPLIT PAYMENT
✅ BANYAK BENEFIT eksklusif lainnya!

Stop galau, saatnya ganti gadget baru tanpa ribet dan untung maksimal!
Kunjungi Toko Kami Sekarang!

Toko Kroya: Jl. Kroya No. 3, Kesiman, Denpasar
Toko Munang Maning: Jl. Subur No. 4 Pemecutan Klod, Denpasar Barat
Jam Buka: Setiap Hari 09:00 - 22:00 WITA
Admin WA: 081237200400 (Klik Link di Bio!)
Tokopedia/Shopee/TikTok Shop: Pura Pura Ponsel

Kualitas Tidak Pernah Pura Pura - Solusi tukar tambah HP terbaik di Bali.",20,"12/26/2025 02:01",https://www.instagram.com/reel/DSuPlBckvt4/,"IG reel",,Lifetime,8762,5604,52,0,1,5,2
18107799730725599,17841414051683694,purapura.ponsel,"Pura Pura Ponsel","Jawa Bali mengucapkan selamat hari raya natal 2025 dan selamat tahun baru 2026 semuanya 🥰

Bingung mau Upgrade HP tapi HP lama gak terpakai?
Jangan khawatir! Bawa saja ke Pura Pura Ponsel
Kami terima Tukar Tambah semua kondisi dan series!

✅ Series Terlama? Bisa!
✅ Android ke iPhone? Bisa Banget!
✅ KREDIT DP & BUNGA 0% (S&K Berlaku)
✅ BISA SPLIT PAYMENT
✅ BANYAK BENEFIT eksklusif lainnya!

Stop galau, saatnya ganti gadget baru tanpa ribet dan untung maksimal!
Kunjungi Toko Kami Sekarang!

Toko Kroya: Jl. Kroya No. 3, Kesiman, Denpasar
Toko Munang Maning: Jl. Subur No. 4 Pemecutan Klod, Denpasar Barat
Jam Buka: Setiap Hari 09:00 - 22:00 WITA
Admin WA: 081237200400 (Klik Link di Bio!)
Tokopedia/Shopee/TikTok Shop: Pura Pura Ponsel

Kualitas Tidak Pernah Pura Pura - Solusi tukar tambah HP terbaik di Bali.",70,"12/24/2025 02:01",https://www.instagram.com/reel/DSpF_RjgbNU/,"IG reel",,Lifetime,28722,18902,676,5,12,44,6
18299797810280704,17841472249202841,sunrise.soccerclub,"SUNRISE SOCCER CLUB","LIGA SUNTAY 2025🤩🤩🤩
SUNRISE SOCCER CLUB🔥⚽️

———————————————
Official sponsor : @purapura.ponsel 

Supported by : 
- @bravoarena.bali 
- @kiranika.id 
- @infinity_coffeebali 
- Nasi Tempong Nayla
- Bakso Pak Rahul

VO by @afifahnh__ @_adityagunawan 

#LigaSuntay #SunriseSoccerClub #1stAnniversary",57,"12/23/2025 23:23",https://www.instagram.com/reel/DSozkCiEQyK/,"IG reel",,Lifetime,13674,7555,92,22,1,12,0
18087721595070673,17841414051683694,purapura.ponsel,"Pura Pura Ponsel","Ngapain nunggu hari spesial buat berbagi? 😇

Hari ini aja,  Ada yang mau? 😉 Karena bahagia itu ketika bisa membuat orang lain bahagia. Yuk, jadikan kebaikan sebagai kebiasaan!

Bingung mau Upgrade HP tapi HP lama gak terpakai?
Jangan khawatir! Bawa saja ke Pura Pura Ponsel
Kami terima Tukar Tambah semua kondisi dan series!

✅ Series Terlama? Bisa!
✅ Android ke iPhone? Bisa Banget!
✅ KREDIT DP & BUNGA 0% (S&K Berlaku)
✅ BISA SPLIT PAYMENT
✅ BANYAK BENEFIT eksklusif lainnya!

Stop galau, saatnya ganti gadget baru tanpa ribet dan untung maksimal!
Kunjungi Toko Kami Sekarang!

Toko Kroya: Jl. Kroya No. 3, Kesiman, Denpasar
Toko Munang Maning: Jl. Subur No. 4 Pemecutan Klod, Denpasar Barat
Jam Buka: Setiap Hari 09:00 - 22:00 WITA
Admin WA: 081237200400 (Klik Link di Bio!)
Tokopedia/Shopee/TikTok Shop: Pura Pura Ponsel

Kualitas Tidak Pernah Pura Pura - Solusi tukar tambah HP terbaik di Bali.",48,"12/22/2025 05:01",https://www.instagram.com/reel/DSkQ-ZLjT3i/,"IG reel",,Lifetime,8647,5829,48,1,2,0,1
17857322391577356,17841414051683694,purapura.ponsel,"Pura Pura Ponsel","Cuman tergantung selera aja sihhh, ini filternya yang berlebihan atau mas masnya yang seleranya kelebihan🤔

Bingung mau Upgrade HP tapi HP lama gak terpakai?
Jangan khawatir! Bawa saja ke Pura Pura Ponsel
Kami terima Tukar Tambah semua kondisi dan series!

✅ Series Terlama? Bisa!
✅ Android ke iPhone? Bisa Banget!
✅ KREDIT DP & BUNGA 0% (S&K Berlaku)
✅ BISA SPLIT PAYMENT
✅ BANYAK BENEFIT eksklusif lainnya!

Stop galau, saatnya ganti gadget baru tanpa ribet dan untung maksimal!
Kunjungi Toko Kami Sekarang!

Toko Kroya: Jl. Kroya No. 3, Kesiman, Denpasar
Toko Munang Maning: Jl. Subur No. 4 Pemecutan Klod, Denpasar Barat
Jam Buka: Setiap Hari 09:00 - 22:00 WITA
Admin WA: 081237200400 (Klik Link di Bio!)
Tokopedia/Shopee/TikTok Shop: Pura Pura Ponsel

Kualitas Tidak Pernah Pura Pura - Solusi tukar tambah HP terbaik di Bali.",9,"12/22/2025 02:01",https://www.instagram.com/reel/DSj8X-pikzz/,"IG reel",,Lifetime,29488,14685,106,20,3,0,4
18050815781424958,17841414051683694,purapura.ponsel,"Pura Pura Ponsel","Coba kalau kalian bisa gambar apa aja gais ? 😜

Bingung mau Upgrade HP tapi HP lama gak terpakai?
Jangan khawatir! Bawa saja ke Pura Pura Ponsel
Kami terima Tukar Tambah semua kondisi dan series!

✅ Series Terlama? Bisa!
✅ Android ke iPhone? Bisa Banget!
✅ KREDIT DP & BUNGA 0% (S&K Berlaku)
✅ BISA SPLIT PAYMENT
✅ BANYAK BENEFIT eksklusif lainnya!

Stop galau, saatnya ganti gadget baru tanpa ribet dan untung maksimal!
Kunjungi Toko Kami Sekarang!

Toko Kroya: Jl. Kroya No. 3, Kesiman, Denpasar
Toko Munang Maning: Jl. Subur No. 4 Pemecutan Klod, Denpasar Barat
Jam Buka: Setiap Hari 09:00 - 22:00 WITA
Admin WA: 081237200400 (Klik Link di Bio!)
Tokopedia/Shopee/TikTok Shop: Pura Pura Ponsel

Kualitas Tidak Pernah Pura Pura - Solusi tukar tambah HP terbaik di Bali.",18,"12/21/2025 18:01",https://www.instagram.com/reel/DSjFepblNCA/,"IG reel",,Lifetime,21164,12127,37,0,0,1,2
17963773512007362,17841414051683694,purapura.ponsel,"Pura Pura Ponsel","JANGAN TONTON SAMPAI HABIS😭

Bingung mau Upgrade HP tapi HP lama gak terpakai?
Jangan khawatir! Bawa saja ke Pura Pura Ponsel
Kami terima Tukar Tambah semua kondisi dan series!

✅ Series Terlama? Bisa!
✅ Android ke iPhone? Bisa Banget!
✅ KREDIT DP & BUNGA 0% (S&K Berlaku)
✅ BISA SPLIT PAYMENT
✅ BANYAK BENEFIT eksklusif lainnya!

Stop galau, saatnya ganti gadget baru tanpa ribet dan untung maksimal!
Kunjungi Toko Kami Sekarang!

Toko Kroya: Jl. Kroya No. 3, Kesiman, Denpasar
Toko Munang Maning: Jl. Subur No. 4 Pemecutan Klod, Denpasar Barat
Jam Buka: Setiap Hari 09:00 - 22:00 WITA
Admin WA: 081237200400 (Klik Link di Bio!)
Tokopedia/Shopee/TikTok Shop: Pura Pura Ponsel

Kualitas Tidak Pernah Pura Pura - Solusi tukar tambah HP terbaik di Bali.",10,"12/21/2025 02:14",https://www.instagram.com/reel/DShZJi3Ckhz/,"IG reel",,Lifetime,58437,27064,176,29,0,0,19
18073262768599411,17841414051683694,purapura.ponsel,"Pura Pura Ponsel","Rayakan Natal dengan HP Baru!🎅🎉 

Dapatkan penawaran terbaik di Christmas Super Sale Pura Pura Ponsel. Kunjungi e-commerce kami sekarang dan dapatkan voucher tambahan! Klik Link Di Bio sekarang!! and Happy Christmas Sale🎅🏼🎄ohohohoooo

Bingung mau Upgrade HP tapi HP lama gak terpakai?
Jangan khawatir! Bawa saja ke Pura Pura Ponsel
Kami terima Tukar Tambah semua kondisi dan series!

✅ Series Terlama? Bisa!
✅ Android ke iPhone? Bisa Banget!
✅ KREDIT DP & BUNGA 0% (S&K Berlaku)
✅ BISA SPLIT PAYMENT
✅ BANYAK BENEFIT eksklusif lainnya!

Stop galau, saatnya ganti gadget baru tanpa ribet dan untung maksimal!
Kunjungi Toko Kami Sekarang!

Toko Kroya: Jl. Kroya No. 3, Kesiman, Denpasar
Toko Munang Maning: Jl. Subur No. 4 Pemecutan Klod, Denpasar Barat
Jam Buka: Setiap Hari 09:00 - 22:00 WITA
Admin WA: 081237200400 (Klik Link di Bio!)
Tokopedia/Shopee/TikTok Shop: Pura Pura Ponsel

Kualitas Tidak Pernah Pura Pura - Solusi tukar tambah HP terbaik di Bali.",0,"12/19/2025 02:22",https://www.instagram.com/p/DScQhFMCfaC/,"IG carousel",,Lifetime,34653,9315,103,7,0,2,2
18100973068837019,17841442251754246,sibliwira,"BLI WIRA","GABISA DIAJAK BENGONG DIKIT

#sibliwira #reelsvideo #reelsinstagram #reels",42,"12/19/2025 02:16",https://www.instagram.com/reel/DScPhf3EW9s/,"IG reel",,Lifetime,180823,99944,6574,379,41,56,0
18167198680386518,17841442251754246,sibliwira,"BLI WIRA","UJAN-UJAN DITEMENIN IDOLA

#sibliwira #reelsvideo #reelsinstagram #reels",50,"12/15/2025 02:18",https://www.instagram.com/reel/DSR8kwdEbAl/,"IG reel",,Lifetime,173350,107757,9010,469,65,98,0
17891304198387915,17841414051683694,purapura.ponsel,"Pura Pura Ponsel","Masih pakai charger abal-abal? 😱
Siap-siap deh ganti batre bulan depann!! 🤔

Kenapa harus di Pura Pura Ponsel ?
✅ Bergaransi resmi
✅ Dibantu update iOS
✅ Dibantu pemindahan data dari handphone lama ke
handphone baru
✅ After Sales ( fast response dan pastinya akan
dibantu jika terjadi kendala claim garansi resmi,
dapatkan unit pinjaman selama proses berlangsung )

Dan tidak hanya itu Minpur juga ada Promo untuk 17
series lainnya mulai dari 16Jutaan aja dan Stock Ready
Lengkap ‼️

Info Lebih Lanjut (Click Link on Bio) ✨
📍JI. Kroya No. 3, Kesiman, Denpasar
📍JI. Subur No. 4 Pemecutan Klod, Denpasar Barat
⏰ Open Everyday 09:00 - 22:00 WIB
📲 Admin : 081237200400
🛒 Tokopedia: Pura Pura Ponsel
🛒 Official Shopee: Pura Pura Ponsel

Kualitas Tidak Pernah Pura Pura",85,"12/14/2025 21:01",https://www.instagram.com/reel/DSRYf8TAK0_/,"IG reel",,Lifetime,10505,7721,38,1,0,0,2
18136936099473618,17841414051683694,purapura.ponsel,"Pura Pura Ponsel","Harga RAM naik, harga HP makin mahal tahun depan ?!’ 😱

Pabrik-pabrik RAM sekarang lebih suka jualan ke perusahaan gede yang bikin server raksasa buat menjalankan AI. Kenapa? Karena mereka berani bayar harga fantastis, berkali-kali lipat!. Kalau kamu terpaksa beli HP sekarang, kamu bakal pilih HP yang RAM-nya gede, atau yang harganya tetap murah dan gak bikin dompet jebol? Komen di bawah yaaa gesss!

Kenapa harus di Pura Pura Ponsel ?
✅ Bergaransi resmi
✅ Dibantu update iOS
✅ Dibantu pemindahan data dari handphone lama ke
handphone baru
✅ After Sales ( fast response dan pastinya akan
dibantu jika terjadi kendala claim garansi resmi,
dapatkan unit pinjaman selama proses berlangsung )

Dan tidak hanya itu Minpur juga ada Promo untuk 17
series lainnya mulai dari 16Jutaan aja dan Stock Ready
Lengkap ‼️

Info Lebih Lanjut (Click Link on Bio) ✨
📍JI. Kroya No. 3, Kesiman, Denpasar
📍JI. Subur No. 4 Pemecutan Klod, Denpasar Barat
⏰ Open Everyday 09:00 - 22:00 WIB
📲 Admin : 081237200400
🛒 Tokopedia: Pura Pura Ponsel
🛒 Official Shopee: Pura Pura Ponsel

Kualitas Tidak Pernah Pura Pura",58,"12/14/2025 02:04",https://www.instagram.com/reel/DSPWYFGjA84/,"IG reel",,Lifetime,12823,8609,56,6,1,0,2
18128153062512728,17841414051683694,purapura.ponsel,"Pura Pura Ponsel","IPHONE AIR BRAND NEW DIHARGA 14JUTAAN AJA ? 🫣

Momen yang datang setahun sekali tapi tahun depan belum tentu adaloh 😜
Iphone Air start diharga 14Jutaan aja, Khusus 3orang tercepat ditanggal Cantik 12.12 🫣

Kenapa harus di Pura Pura Ponsel ?
✅ Bergaransi resmi
✅ Dibantu update iOS
✅ Dibantu pemindahan data dari handphone lama ke handphone baru
✅ After Sales ( fast response dan pastinya akan dibantu jika terjadi kendala claim garansi resmi, dapatkan unit pinjaman selama proses berlangsung )

Dan tidak hanya itu Minpur juga ada Promo untuk 17 series lainnya mulai dari 16Jutaan aja dan Stock Ready Lengkap ‼️

Jadi tunggu apalagi ? Yuk catat tanggalnya dan langsung datang ke toko ya 12.12 gas 💨

Info Lebih Lanjut (Click Link on Bio) ✨
📍JI. Kroya No. 3, Kesiman, Denpasar
📍JI. Subur No. 4 Pemecutan Klod, Denpasar Barat
⏰ Open Everyday 09:00 - 22:00 WIB
📲 Admin : 081237200400
🛒 Tokopedia: Pura Pura Ponsel 
🛒 Official Shopee: Pura Pura Ponsel

Kualitas Tidak Pernah Pura Pura
#service #smartphone #iphonebali #android #purapuraponsel #promo #iphoneair",20,"12/11/2025 00:55",https://www.instagram.com/reel/DSHgDwSCmW1/,"IG reel",,Lifetime,52450,36867,196,20,7,10,1
18081454114907470,17841403443955617,xmade_official,"TEAM BERSYUKUR",@purapura.ponsel,28,"12/10/2025 04:15",https://www.instagram.com/reel/DSFSMPUE5RC/,"IG reel",,Lifetime,155781,97155,3236,324,13,139,0
18037009253713586,17841414051683694,purapura.ponsel,"Pura Pura Ponsel","Ketika realita dan halusinasi berkolaborasi, jadilah depresi🤣😭

Set busana adat terkeren, terlengkap, dan termurah hanya di @telagabagus 

Iphone 17 series ready stock harga paling murah sebali cuma ada di @purapura.ponsel 

#purapuraponsel #telagabagus #arthadashing",94,"12/09/2025 20:59",https://www.instagram.com/reel/DSEgSUCiovH/,"IG reel",,Lifetime,89630,71631,488,11,3,8,14
18152507290426081,17841414051683694,purapura.ponsel,"Pura Pura Ponsel","Coba deh kalian perhatiin baik-baik menurut kalian mas-mas 1 ini lihat hal absurd apa lagi nih?🤣, kalian bisa tebak apa yang goyang-goyang?

Bingung mau Upgrade HP tapi HP lama gak terpakai?
Jangan khawatir! Bawa saja ke Pura Pura Ponsel
Kami terima Tukar Tambah semua kondisi dan series!

✅ Series Terlama? Bisa!
✅ Android ke iPhone? Bisa Banget!
✅ KREDIT DP & BUNGA 0% (S&K Berlaku)
✅ BISA SPLIT PAYMENT
✅ BANYAK BENEFIT eksklusif lainnya!

Stop galau, saatnya ganti gadget baru tanpa ribet dan untung maksimal!
Kunjungi Toko Kami Sekarang!

Toko Kroya: Jl. Kroya No. 3, Kesiman, Denpasar
Toko Munang Maning: Jl. Subur No. 4 Pemecutan Klod, Denpasar Barat
Jam Buka: Setiap Hari 09:00 - 22:00 WITA
Admin WA: 081237200400 (Klik Link di Bio!)
Tokopedia/Shopee: Pura Pura Ponsel

Kualitas Tidak Pernah Pura Pura - Solusi tukar tambah HP terbaik di Bali.

#service #smartphone #iphonebali #android #purapuraponsel""",25,"12/08/2025 02:01",https://www.instagram.com/reel/DR_5R8bAhKa/,"IG reel",,Lifetime,94864,48194,637,94,2,19,40
18065176055615345,17841414051683694,purapura.ponsel,"Pura Pura Ponsel","bingung nih mau pilih yang ganteng, kaya atau ? yang terpenting itu pilih yang setia yaa temen temen yahhh minimal kaya dikit sama boleh juga ganteng dikit ya kalau bisa kaya dan ganteng dah 😊

Bingung mau Upgrade HP tapi HP lama gak terpakai?
Jangan khawatir! Bawa saja ke Pura Pura Ponsel
Kami terima Tukar Tambah semua kondisi dan series!

✅ Series Terlama? Bisa!
✅ Android ke iPhone? Bisa Banget!
✅ KREDIT DP & BUNGA 0% (S&K Berlaku)
✅ BISA SPLIT PAYMENT
✅ BANYAK BENEFIT eksklusif lainnya!

Stop galau, saatnya ganti gadget baru tanpa ribet dan untung maksimal!
Kunjungi Toko Kami Sekarang!

Toko Kroya: Jl. Kroya No. 3, Kesiman, Denpasar
Toko Munang Maning: Jl. Subur No. 4 Pemecutan Klod, Denpasar Barat
Jam Buka: Setiap Hari 09:00 - 22:00 WITA
Admin WA: 081237200400 (Klik Link di Bio!)
Tokopedia/Shopee: Pura Pura Ponsel

Kualitas Tidak Pernah Pura Pura - Solusi tukar tambah HP terbaik di Bali.

#service #smartphone #iphonebali #android #purapuraponsel",17,"12/06/2025 18:01",https://www.instagram.com/reel/DR8dkEtATSN/,"IG reel",,Lifetime,52394,28163,430,32,0,4,7
18090722612500674,17841414051683694,purapura.ponsel,"Pura Pura Ponsel","SERVICE HERE ‼️
Kalian sudah cek handphone kalian belum? 😬
punya masalah lain sama handphone kamu? Bawa aja ke Pura Pura Ponsel.
Kami ada layanan service terpercaya! 🤩

Kenapa harus service di Pura Pura Ponsel?

✅Free tempered glass dan case
✅Service bisa ditunggu
✅Bisa dilihat secara face to face Pembayaran service bisa kredit
✅Setiap pergantian sparepart apapun potongan up to 50%

_
Info Lebih Lanjut✨
(Click Link on Bio)
📍JI. Kroya No. 3, Kesiman, Denpasar
📍JI. Subur No. 4 Pemecutan Klod, Denpasar Barat
⏰ Open Everyday 09:00 - 22:00 WIB
📲 Admin: 081237200400
🛒Tokopedia: Pura Pura Ponsel Official 
🛒 Shopee: Pura Pura Ponsel
__

Kualitas Tidak Pernah Pura Pura
#iphone #applestore #iphonebali #iphonedenpasar #service",0,"12/04/2025 20:40",https://www.instagram.com/p/DR3mMkKDcRP/,"IG carousel",,Lifetime,65738,8964,65,4,0,6,12
18128542213504451,17841414051683694,purapura.ponsel,"Pura Pura Ponsel","UPGRADE TAPI TANPA UANG ? BISA BANGET DONG ‼️

Mau upgrade tapi gada uang ? 
atau mau beli hadiah handphone tapi budget terbatas ? 
Tenang, Pura Pura Ponsel punya solusinya 🥳

Kalian bisa kredit dengan berbagai pilihan finance dan dapatkan promo DP dan BUNGA 0% 🤩
Brand new maupun second sekalipun bisa yaahh 

Yuk, cukup bawa KTP saja. Kalian sudah bisa dapat handphone impian 🤩

Info Lebih Lanjut (Click Link on Bio) ✨
📍JI. Kroya No. 3, Kesiman, Denpasar
📍JI. Subur No. 4 Pemecutan Klod, Denpasar Barat
⏰ Open Everyday 09:00 - 22:00 WIB
📲 Admin : 081237200400
🛒 Tokopedia: Pura Pura Ponsel 
🛒 Official Shopee: Pura Pura Ponsel

Kualitas Tidak Pernah Pura Pura
#service #smartphone #iphonebali #android #kredit #purapuraponsel",0,"12/04/2025 20:23",https://www.instagram.com/p/DR3kTTEDQFN/,"IG carousel",,Lifetime,51009,6536,43,7,0,4,3
17940638342965506,17841414051683694,purapura.ponsel,"Pura Pura Ponsel","Lah terus yang sama dia siapa?🙃

Bingung mau upgrade handphone tapi kasihan handphone lama tidak terpakai ? Tenang, tukar tambah saja di Pura Pura Ponsel 🥳
Kenapa harus di Pura Pura Ponsel ?
✅ Bisa Tukar Tambah dari series terlama sekalipun
✅ Android ke iPhone ? Bisa banget dong
✅ Banyak BENEFITNYA
✅ Bisa KREDIT dengan DP dan BUNGA 0%
✅ Bisa SPLIT Payment

Dan tentunya handphone lama kalian akan diambil dengan Harga Tinggi 😱

Jadi tunggu apalagi ? Yuk segera datang ke toko yaa 🔥

Info Lebih Lanjut (Click Link on Bio) ✨
📍JI. Kroya No. 3, Kesiman, Denpasar
📍JI. Subur No. 4 Pemecutan Klod, Denpasar Barat
⏰ Open Everyday 09:00 - 22:00 WIB
📲 Admin : 081237200400
🛒 Tokopedia: Pura Pura Ponsel 
🛒 Official Shopee: Pura Pura Ponsel

Kualitas Tidak Pernah Pura Pura
#service #smartphone #iphonebali #android #purapuraponsel""",12,"12/04/2025 18:01",https://www.instagram.com/reel/DR3T6pzCJT5/,"IG reel",,Lifetime,12578,8808,51,0,0,3,2
18133392433488630,17841414051683694,purapura.ponsel,"Pura Pura Ponsel","KEBLOCKIR, GANTI AJA ‼️

Bingung mau upgrade handphone tapi kasihan handphone lama tidak terpakai ? Tenang, tukar tambah saja di Pura Pura Ponsel 🥳
Kenapa harus di Pura Pura Ponsel ?
✅ Bisa Tukar Tambah dari series terlama sekalipun
✅ Android ke iPhone ? Bisa banget dong
✅ Banyak BENEFITNYA
✅ Bisa KREDIT dengan DP dan BUNGA 0%
✅ Bisa SPLIT Payment

Dan tentunya handphone lama kalian akan diambil dengan Harga Tinggi 😱

Jadi tunggu apalagi ? Yuk segera datang ke toko yaa 🔥

Info Lebih Lanjut (Click Link on Bio) ✨
📍JI. Kroya No. 3, Kesiman, Denpasar
📍JI. Subur No. 4 Pemecutan Klod, Denpasar Barat
⏰ Open Everyday 09:00 - 22:00 WIB
📲 Admin : 081237200400
🛒 Tokopedia: Pura Pura Ponsel 
🛒 Official Shopee: Pura Pura Ponsel

Kualitas Tidak Pernah Pura Pura
#service #smartphone #iphonebali #android #purapuraponsel",31,"12/02/2025 18:43",https://www.instagram.com/reel/DRyOxY_E9Ph/,"IG reel",,Lifetime,22367,18235,108,6,1,2,8
17874288126457801,17841401094340198,ivan_gunawan,,"selamat  hp  baru  yah sayang ❤️❤️❤️❤️ semoga  bermanfaat yah  sayang ❤️❤️❤️",22,"12/01/2025 22:03",https://www.instagram.com/reel/DRwBJpYEsgJ/,"IG reel",,Lifetime,9428913,2824706,121433,1136,3192,1288,0
17885411694408164,17841414051683694,purapura.ponsel,"Pura Pura Ponsel","GAS GANTI OLI AWAL BULAN 🫣‼️

Buat kalian yang cari Android Brand New maupun second
Pura Pura Ponsel hadir dengan berbagai series
Android yang lengkap dan tentunya dengan PROMO yang ga nanggung nanggung ❗️
Kenapa harus di Pura Pura Ponsel ?
✅ Kualitas barang SAMA
✅ Bergaransi resmi
✅ Banyak BENEFITNYA
✅ Harga lebih TERJANGKAU
✅ Bisa TUKAR TAMBAH dari series apapun
✅ Bisa KREDIT dengan DP dan BUNGA 0%
✅ Bisa SPLIT Payment

Dan tentunya BERKESEMPATAN Lucky Draw setiap pembelian android brand new yang hadiahnya berupa handphone dan voucher hingga jutaan rupiah 😱

Buat kalian yang nggak bisa datang ke toko bisa checkout di toko online Minpur ya ada cashback hingga jutaan rupiah pengiriman cepat, dijamin aman sampai tujuan whoshhh 💨

Info Lebih Lanjut (Click Link on Bio) ✨
📍JI. Kroya No. 3, Kesiman, Denpasar
📍JI. Subur No. 4 Pemecutan Klod, Denpasar Barat
⏰ Open Everyday 09:00 - 22:00 WIB
📲 Admin : 081237200400
🛒 Tokopedia: Pura Pura Ponsel 
🛒 Official Shopee: Pura Pura Ponsel

Kualitas Tidak Pernah Pura Pura
#service #smartphone #iphonebali #android #purapuraponsel",35,"12/01/2025 20:45",https://www.instagram.com/reel/DRv3tWTE1bQ/,"IG reel",,Lifetime,26200,19895,87,8,0,0,6
18102656734738896,17841414051683694,purapura.ponsel,"Pura Pura Ponsel","DECEMBER PROMO IS COMING ‼️

Buat kalian yang cari Android Brand New maupun second Pura Pura Ponsel hadir dengan berbagai series Android yang lengkap dan tentunya dengan PROMO yang ga nanggung nanggung😱

Kenapa harus di Pura Pura Ponsel ?

Kualitas barang SAMA✅
Bergaransi resmi✅
Banyak BENEFITNYA✅
Harga lebih TERJANGKAU✅
Bisa TUKAR TAMBAH✅
Bisa KREDIT dengan DP dan BUNGA 0%✅
Bisa SPLIT Payment✅

Dan tentunya BERKESEMPATAN Lucky Draw setiap pembelian android brand new yang hadiahnya berupa handphone dan voucher hingga jutaan rupiah😱

Buat kalian yang nggak bisa datang ke toko bisa checkout di toko online Minpur ya ada cashback hingga jutaan rupiah pengiriman cepat, dijamin aman sampai tujuan whoshhh💨
___
Info Lebih Lanjut✨
(Click Link on Bio)
📍JI. Kroya No. 3, Kesiman, Denpasar
📍JI. Subur No. 4 Pemecutan Klod, Denpasar Barat
⏰ Open Everyday 09:00 - 22:00 WIB
📲Admin: 081237200400
🛒Tokopedia: Pura Pura Ponsel Official 
🛒Shopee: Pura Pura Ponsel
---
Kualitas Tidak Pernah Pura Pura
#service #smartphone #iphonebali #android",0,"12/01/2025 18:06",https://www.instagram.com/p/DRvmOMhgaq5/,"IG carousel",,Lifetime,195526,20236,156,15,4,21,37
17863312404455517,17841414051683694,purapura.ponsel,"Pura Pura Ponsel","Kalian pecinta apple product ? 🥰 Belum lengkap kalau belum koleksi semuanya nih🙈 Transfer data yang mudah, sikronisasi antar perangkat, serta pengalaman pengguna yang konsisten di semua perangkat.

Kenapa harus di Pura Pura Ponsel ?

Kualitas barang SAMA✅
Bergaransi resmi✅
Banyak BENEFITNYA✅
Harga lebih TERJANGKAU✅
Bisa KREDIT dengan DP dan BUNGA 0%✅

Dan buat kalian yang belum sempat datang ke toko, bisa checkout di toko online Minpur ya. Packing aman, lengkap dan cepat sampai tujuan💨

Jadi tunggu apalagi ? yuk segera datang ke toko🔥

Pura Pura Ponsel - Toko HP Baru & Second Denpasar!
Jual Beli iPhone & Android Bekas Bergaransi &
Terlengkap.
📍Cabang Kesiman: JI. Kroya No. 3, Kesiman,
Denpasar Timur
📍Cabang Pemecutan Klod: JI. Subur No. 4, Pemecutan Klod, Denpasar Barat
⏰Buka Setiap Hari: 09:00 - 22:00 WITA
📲 Info & Pemesanan: 081237200400
🌐 Cek Stok & Promo Lengkap di:
purapuraponsel.com
🛒 Tokopedia: Pura Pura Ponsel Official
🛒 Shopee: Pura Pura Ponsel
Kualitas Tidak Pernah Pura Pura
#service #smartphone #iphonebali #android
#purapuraponsel #appleproducts",0,"12/01/2025 06:05",https://www.instagram.com/p/DRuTpV4FFFy/,"IG carousel",,Lifetime,464109,89098,320,48,126,21,55
17875186707447545,17841414051683694,purapura.ponsel,"Pura Pura Ponsel","DECEMBER PROMO IS COMING ‼️

Buat kalian yang cari Iphone Brand New😱 jangan khawatir Pura Pura Ponsel hadir dengan berbagai series Iphone yang tentunya dengan Promo yang menarik ya gaes😍

Kenapa harus di Pura Pura Ponsel ?

Kualitas barang SAMA✅
Bergaransi resmi✅
Banyak BENEFITNYA✅
Harga lebih TERJANGKAU✅
Bisa TUKAR TAMBAH✅
Bisa KREDIT dengan DP dan BUNGA 0%✅
Bisa SPLIT Payment✅

Buat kalian yang nggak bisa datang ke toko bisa checkout di toko online Minpur ya ada cashback hingga jutaan rupiah pengiriman cepat, dijamin aman
sampai tujuan 🚀
Jadi tunggu apalagi ? yuk mampir ke store🤩🚀
___
Info Lebih Lanjut✨
(Click Link on Bio)
📍JI. Kroya No. 3, Kesiman, Denpasar
📍JI. Subur No. 4 Pemecutan Klod, Denpasar Barat
⏰ Open Everyday 09:00 - 22:00 WIB
📲Admin: 081237200400
🛒Tokopedia: Pura Pura Ponsel Official 
🛒Shopee: Pura Pura Ponsel
---
Kualitas Tidak Pernah Pura Pura
#iphone #applestore #iphonebali #iphonedenpasar
#purapuraponsel",0,"12/01/2025 06:00",https://www.instagram.com/p/DRuTGkSiEPK/,"IG carousel",,Lifetime,420406,94436,624,153,215,31,141
18100282351794394,17841414051683694,purapura.ponsel,"Pura Pura Ponsel","terkadang karena musibah banjir kita jadi tau bagaimna menyikapi semua musibah ini dengan tidak saling menyalahkan antar umat beragama🙏🏻

Turut berduka atas musibah di Sumatra 🙏🏻

Pura Pura Ponsel - Toko HP Baru & Second Terlengkap di Denpasar! ✨

Cari iPhone atau Android bekas berkualitas dengan garansi resmi?
Di sini tempatnya! Kami menyediakan beragam pilihan HP bekas yang sudah melewati proses QC ketat, jadi dijamin aman dan terpercaya.

✅ Jual Beli HP Second & Baru
✅ Bergaransi
✅ Tersedia Berbagai Merk: iPhone, Samsung, Xiaomi, Oppo, Vivo, dan lainnya
✅ Bisa Tukar Tambah & Kredit HP (Syarat & Ketentuan Berlaku)

📍 Kunjungi cabang terdekat kami:
- Kesiman: Jl. Kroya No. 3, Kesiman, Denpasar Timur
- Pemecutan Klod: Jl. Subur No. 4, Pemecutan Klod, Denpasar Barat

⏰ Buka setiap hari pukul 09:00 - 22:00 WITA.

📲 Hubungi kami untuk info stok & pemesanan: 081237200400
🌐 Cek promo terbaru di website kami: purapuraponsel.com
🛒 Belanja online aman di Tokopedia & Shopee: Pura Pura Ponsel Official

Kualitas Tidak Pernah Pura Pura.
#purapuraponsel #viral #fyp #xyzbca #reelsinstagram",132,"11/30/2025 23:37",https://www.instagram.com/reel/DRtkVhzE9Gx/,"IG reel",,Lifetime,27566,21987,632,27,27,15,17
18365571553092487,17841414051683694,purapura.ponsel,"Pura Pura Ponsel","READY STOCK IPHONE 17 SERIES 🤩

Buat kalian yang lagi cari iPhone 17 series, ga harus PO apalagi nunggu lama karena stock ready! 
Kenapa harus di Pura Pura Ponsel ? 
✅ Bergaransi resmi
✅ Bisa tukar tambah bahkan dari series terlama sekalipun
✅ Bisa kredit, dapatkan promo bunga dan dp 0%
✅ Berkesempatan mendapatkan KAMBING 🥳
✅ Berkesempatan mendapatkan free spin berhadiah voucher belanja jutaan rupiah hingga handphone 🥳
✅ Tebus murah bundling
✅ Free tempared glass
✅ Free case

Itu saja ? Tentu tidak 😜 benefit tambahan yang akan kalian dapatkan yaitu :
✅ Dibantu pemindahan data dari handphone lama ke handphone baru
✅ Dibantu update iOS
✅ After sales ( fast response dan memastikan handphone kalian aman disetiap bulannya )
✅ Jika terjadi kendala, akan dibantu claim garansi resmi dan dapatkan handphone pinjaman selama proses claim berlangsung

Tentu saja, ada PROMO MENARIK LAINNYA YAITU : 
🔥 iPhone 13 128GB Brand New start diharga 7.499K
🔥 iPhone 15 128GB Brand New start diharga 10.799K
🔥 iPhone 16 128GB Brand new start diharga 13.999K
🔥 Ipad gen 11 128GB start diharga 5.999K

⏰ Berlaku untuk 3orang tercepat setiap harinya! 

Yuk yang mau upgrade, pastikan kalian ga kelewatan Limited Promo ini yach 🥳
Dm atau datang ke toko sekarang! 🤩🔥

Pura Pura Ponsel - Toko HP Baru & Second Terlengkap di Denpasar! ✨

Cari iPhone atau Android bekas berkualitas dengan garansi resmi?
Di sini tempatnya! Kami menyediakan beragam pilihan HP bekas yang sudah melewati proses QC ketat, jadi dijamin aman dan terpercaya.

✅ Jual Beli HP Second & Baru
✅ Bergaransi
✅ Tersedia Berbagai Merk: iPhone, Samsung, Xiaomi, Oppo, Vivo, dan lainnya
✅ Bisa Tukar Tambah & Kredit HP (Syarat & Ketentuan Berlaku)

📍 Kunjungi cabang terdekat kami:
- Kesiman: Jl. Kroya No. 3, Kesiman, Denpasar Timur
- Pemecutan Klod: Jl. Subur No. 4, Pemecutan Klod, Denpasar Barat

⏰ Buka setiap hari pukul 09:00 - 22:00 WITA.

📲 Hubungi kami untuk info stok & pemesanan: 081237200400
🌐 Cek promo terbaru di website kami: purapuraponsel.com
🛒 Belanja online aman di Tokopedia & Shopee: Pura Pura Ponsel Official

Kualitas Tidak Pernah Pura Pura.
#purapuraponsel #viral #fyp #xyzbca #reelsinstagram",83,"11/30/2025 22:18",https://www.instagram.com/reel/DRtdL3vk0Ne/,"IG reel",,Lifetime,18581,14333,103,10,26,2,10
18058431935288288,17841414051683694,purapura.ponsel,"Pura Pura Ponsel","STOP❣️
PROMONYA TERBATAS STOKNYA REBUTAN
KHUSUS 3 ORANG TERCEPAT SETIAP HARINYA😍
DI CATAT YAH🤩

Kenapa harus di Pura Pura Ponsel ?
Kualitas barang SAMA✅
Bergaransi resmi✅
Banyak BENEFITNYA✅
Harga lebih TERJANGKAU✅
Bisa TUKAR TAMBAH✅
Bisa KREDIT dengan DP dan BUNGA 0%✅
Bisa SPLIT Payment✅

Jadi tunggu apalagi ? yuk mampir ke store🤩🚀

_
Info Lebih Lanjut✨
(Click Link on Bio)
📍JI. Kroya No. 3, Kesiman, Denpasar
📍JI. Subur No. 4 Pemecutan Klod, Denpasar Barat
⏰ Open Everyday 09:00 - 22:00 WIB
📲Admin: 081237200400
🛒Tokopedia: Pura Pura Ponsel Official 
🛒Shopee: Pura Pura Ponsel
---
Kualitas Tidak Pernah Pura Pura
#iphone #applestore #iphonebali #iphonedenpasar
#purapuraponsel",29,"11/30/2025 21:43",https://www.instagram.com/reel/DRtZ46-k4Cn/,"IG reel",,Lifetime,61422,31048,116,33,19,10,14
17950283858918669,17841401870239980,depraz_,"Deka Pratama Satya Alam","AKHIRNYA IPHONE 17 SERIES SUDAH GA GHOIB🔥

Nih buat yang masih kesulitan nyari iPhone 17 Gasss ke @purapura.ponsel aja karena stock disana RESMI, TERLENGKAP dan TERMURAH di Denpasar!✨

Cari iPhone atau Android bekas berkualitas dengan garansi resmi?
Di @purapura.ponsel tempatnya! Mereka menyediakan beragam pilihan HP bekas yang sudah melewati proses QC ketat, jadi dijamin aman dan terpercaya.

✅ Jual Beli HP Second & Baru
✅ Bergaransi
✅ Tersedia Berbagai Merk: iPhone, Samsung, Xiaomi, Oppo, Vivo, dan lainnya
✅ Bisa Tukar Tambah & Kredit HP (Syarat & Ketentuan Berlaku)

📍 Kunjungi cabang terdekat:
- Kesiman: Jl. Kroya No. 3, Kesiman, Denpasar Timur
- Pemecutan Klod: Jl. Subur No. 4, Pemecutan Klod, Denpasar Barat

⏰ Buka setiap hari pukul 09:00 - 22:00 WITA.

📲 Info stok & pemesanan: 081237200400
🌐 Cek promo terbaru: purapuraponsel.com
🛒 Belanja online aman di Tokopedia & Shopee: Pura Pura Ponsel Official",83,"11/30/2025 20:07",https://www.instagram.com/reel/DRtOl_eEhRF/,"IG reel",,Lifetime,34873,23832,424,18,3,22,0
18063153611563925,17841442251754246,sibliwira,"BLI WIRA","KLE GIMANA MEN😅

@purapura.ponsel 

#sibliwira #reelsvideo #reelsinstagram #reels",25,"11/30/2025 02:13",https://www.instagram.com/reel/DRrULREET1Y/,"IG reel",,Lifetime,408589,216417,9349,152,91,49,0
17928504339151289,17841401094340198,ivan_gunawan,,".
Mau cari ponsel terbaik? 
Ya hanya di @purapura.ponsel ✨
Apa pun pilihan ponselnya, pastikan kalian mendapat yang paling original, paling lengkap, dan pastinya the best deal dari @purapura.ponsel.

Nggak perlu khawatir soal after–sales, karena mereka punya pelayanan yang cepat, responsif, dan benar-benar bisa diandalkan.
Walaupun berlokasi di Bali, mereka menyediakan jasa pengiriman yang aman dan terpercaya… jadi dimanapun kalian berada, ponsel impian tetap bisa sampai di tangan dengan selamat tersedia  di  tokped & shoppe.

#ivangunawan
#purapuraponsel",49,"11/29/2025 03:52",https://www.instagram.com/reel/DRo6z8NkpHV/,"IG reel",,Lifetime,211296,159522,5802,43,13,52,0
17847114918610057,17841403443955617,xmade_official,"TEAM BERSYUKUR","Intine bersyukur :)",79,"11/25/2025 06:40",https://www.instagram.com/reel/DRe5tzpk305/,"IG reel",,Lifetime,59866,35623,1455,22,25,15,0
17916392838236737,17841442251754246,sibliwira,"BLI WIRA","UDAH GANTI BAJU🙏🏻

#sibliwira #reelsvideo #reelsinstagram #reels",57,"11/25/2025 02:14",https://www.instagram.com/reel/DRecBDEEV07/,"IG reel",,Lifetime,302394,185622,13139,760,86,166,0
18025843499583525,17841414051683694,purapura.ponsel,"Pura Pura Ponsel","bisa gak? masak segitu aja gak bisa sihhh, gampang banget lohhh ini😁

Pura Pura Ponsel - Toko HP Baru & Second Terlengkap di Denpasar! ✨

Cari iPhone atau Android bekas berkualitas dengan garansi resmi?
Di sini tempatnya! Kami menyediakan beragam pilihan HP bekas yang sudah melewati proses QC ketat, jadi dijamin aman dan terpercaya.

✅ Jual Beli HP Second & Baru
✅ Bergaransi
✅ Tersedia Berbagai Merk: iPhone, Samsung, Xiaomi, Oppo, Vivo, dan lainnya
✅ Bisa Tukar Tambah & Kredit HP (Syarat & Ketentuan Berlaku)

📍 Kunjungi cabang terdekat kami:
- Kesiman: Jl. Kroya No. 3, Kesiman, Denpasar Timur
- Pemecutan Klod: Jl. Subur No. 4, Pemecutan Klod, Denpasar Barat

⏰ Buka setiap hari pukul 09:00 - 22:00 WITA.

📲 Hubungi kami untuk info stok & pemesanan: 081237200400
🌐 Cek promo terbaru di website kami: purapuraponsel.com
🛒 Belanja online aman di Tokopedia & Shopee: Pura Pura Ponsel Official

Kualitas Tidak Pernah Pura Pura.
#purapuraponsel #viral #fyp #xyzbca #reelsinstagram """,16,"11/24/2025 18:01",https://www.instagram.com/reel/DRdj9dkj9HH/,"IG reel",,Lifetime,42908,20748,122,18,1,16,1
18543848833061146,17841414051683694,purapura.ponsel,"Pura Pura Ponsel","Wish me luck🙏🏻

Rahajeng Galungan lan Kuningan semeton🙏🏻

Pura Pura Ponsel - Toko HP Baru & Second Terlengkap di Denpasar! ✨

Cari iPhone atau Android bekas berkualitas dengan garansi resmi?
Di sini tempatnya! Kami menyediakan beragam pilihan HP bekas yang sudah melewati proses QC ketat, jadi dijamin aman dan terpercaya.

✅ Jual Beli HP Second & Baru
✅ Bergaransi
✅ Tersedia Berbagai Merk: iPhone, Samsung, Xiaomi, Oppo, Vivo, dan lainnya
✅ Bisa Tukar Tambah & Kredit HP (Syarat & Ketentuan Berlaku)

📍 Kunjungi cabang terdekat kami:
- Kesiman: Jl. Kroya No. 3, Kesiman, Denpasar Timur
- Pemecutan Klod: Jl. Subur No. 4, Pemecutan Klod, Denpasar Barat

⏰ Buka setiap hari pukul 09:00 - 22:00 WITA.

📲 Hubungi kami untuk info stok & pemesanan: 081237200400
🌐 Cek promo terbaru di website kami: purapuraponsel.com
🛒 Belanja online aman di Tokopedia & Shopee: Pura Pura Ponsel Official

Kualitas Tidak Pernah Pura Pura.
#purapuraponsel #viral #fyp #xyzbca #reelsinstagram """,53,"11/24/2025 02:01",https://www.instagram.com/reel/DRb2KEAjdYi/,"IG reel",,Lifetime,21029,12870,184,34,5,4,2
17890118622380097,17841414051683694,purapura.ponsel,"Pura Pura Ponsel","Selektif dalam memilih teman🤣

Pura Pura Ponsel - Toko HP Baru & Second Terlengkap di Denpasar! ✨

Cari iPhone atau Android bekas berkualitas dengan garansi resmi?
Di sini tempatnya! Kami menyediakan beragam pilihan HP bekas yang sudah melewati proses QC ketat, jadi dijamin aman dan terpercaya.

✅ Jual Beli HP Second & Baru
✅ Bergaransi
✅ Tersedia Berbagai Merk: iPhone, Samsung, Xiaomi, Oppo, Vivo, dan lainnya
✅ Bisa Tukar Tambah & Kredit HP (Syarat & Ketentuan Berlaku)

📍 Kunjungi cabang terdekat kami:
- Kesiman: Jl. Kroya No. 3, Kesiman, Denpasar Timur
- Pemecutan Klod: Jl. Subur No. 4, Pemecutan Klod, Denpasar Barat

⏰ Buka setiap hari pukul 09:00 - 22:00 WITA.

📲 Hubungi kami untuk info stok & pemesanan: 081237200400
🌐 Cek promo terbaru di website kami: purapuraponsel.com
🛒 Belanja online aman di Tokopedia & Shopee: Pura Pura Ponsel Official

Kualitas Tidak Pernah Pura Pura.
#purapuraponsel #viral #fyp #xyzbca #reelsinstagram """,24,"11/23/2025 18:01",https://www.instagram.com/reel/DRa_L7qD5Oi/,"IG reel",,Lifetime,8168,6683,38,2,4,1,2
18147615058440476,17841414051683694,purapura.ponsel,"Pura Pura Ponsel","Menurut Kalian Valid gak? 😁

Pura Pura Ponsel - Toko HP Baru & Second Terlengkap di Denpasar! ✨

Cari iPhone atau Android bekas berkualitas dengan garansi resmi?
Di sini tempatnya! Kami menyediakan beragam pilihan HP bekas yang sudah melewati proses QC ketat, jadi dijamin aman dan terpercaya.

✅ Jual Beli HP Second & Baru
✅ Bergaransi
✅ Tersedia Berbagai Merk: iPhone, Samsung, Xiaomi, Oppo, Vivo, dan lainnya
✅ Bisa Tukar Tambah & Kredit HP (Syarat & Ketentuan Berlaku)

📍 Kunjungi cabang terdekat kami:
- Kesiman: Jl. Kroya No. 3, Kesiman, Denpasar Timur
- Pemecutan Klod: Jl. Subur No. 4, Pemecutan Klod, Denpasar Barat

⏰ Buka setiap hari pukul 09:00 - 22:00 WITA.

📲 Hubungi kami untuk info stok & pemesanan: 081237200400
🌐 Cek promo terbaru di website kami: purapuraponsel.com
🛒 Belanja online aman di Tokopedia & Shopee: Pura Pura Ponsel Official

Kualitas Tidak Pernah Pura Pura.
#purapuraponsel #viral #fyp #xyzbca #reelsinstagram """"""",14,"11/22/2025 18:01",https://www.instagram.com/reel/DRYaaU7iQPY/,"IG reel",,Lifetime,20666,12769,119,23,3,11,15
17919802998197674,17841414051683694,purapura.ponsel,"Pura Pura Ponsel","ketika Si emas: mode silent. dan Si silver: mode dangdut koplo🤣 

Pura Pura Ponsel - Toko HP Baru & Second Terlengkap di Denpasar! ✨

Cari iPhone atau Android bekas berkualitas dengan garansi resmi?
Di sini tempatnya! Kami menyediakan beragam pilihan HP bekas yang sudah melewati proses QC ketat, jadi dijamin aman dan terpercaya.

✅ Jual Beli HP Second & Baru
✅ Bergaransi
✅ Tersedia Berbagai Merk: iPhone, Samsung, Xiaomi, Oppo, Vivo, dan lainnya
✅ Bisa Tukar Tambah & Kredit HP (Syarat & Ketentuan Berlaku)

📍 Kunjungi cabang terdekat kami:
- Kesiman: Jl. Kroya No. 3, Kesiman, Denpasar Timur
- Pemecutan Klod: Jl. Subur No. 4, Pemecutan Klod, Denpasar Barat

⏰ Buka setiap hari pukul 09:00 - 22:00 WITA.

📲 Hubungi kami untuk info stok & pemesanan: 081237200400
🌐 Cek promo terbaru di website kami: purapuraponsel.com
🛒 Belanja online aman di Tokopedia & Shopee: Pura Pura Ponsel Official

Kualitas Tidak Pernah Pura Pura.
#purapuraponsel #viral #fyp #xyzbca #reelsinstagram """"""",14,"11/22/2025 02:00",https://www.instagram.com/reel/DRWsgTpFsAC/,"IG reel",,Lifetime,13054,8767,110,3,0,1,1
18429298732129731,17841414051683694,purapura.ponsel,"Pura Pura Ponsel","yukkkkss siapkan kata-kata motivasi sekreatif mungkin yaa siapa yang paling menarik bisa mendapatkan hadiah dari pura pura ponsel🥰

Pura Pura Ponsel - Toko HP Baru & Second Terlengkap di Denpasar! ✨

Cari iPhone atau Android bekas berkualitas dengan garansi resmi?
Di sini tempatnya! Kami menyediakan beragam pilihan HP bekas yang sudah melewati proses QC ketat, jadi dijamin aman dan terpercaya.

✅ Jual Beli HP Second & Baru
✅ Bergaransi
✅ Tersedia Berbagai Merk: iPhone, Samsung, Xiaomi, Oppo, Vivo, dan lainnya
✅ Bisa Tukar Tambah & Kredit HP (Syarat & Ketentuan Berlaku)

📍 Kunjungi cabang terdekat kami:
- Kesiman: Jl. Kroya No. 3, Kesiman, Denpasar Timur
- Pemecutan Klod: Jl. Subur No. 4, Pemecutan Klod, Denpasar Barat

⏰ Buka setiap hari pukul 09:00 - 22:00 WITA.

📲 Hubungi kami untuk info stok & pemesanan: 081237200400
🌐 Cek promo terbaru di website kami: purapuraponsel.com
🛒 Belanja online aman di Tokopedia & Shopee: Pura Pura Ponsel Official

Kualitas Tidak Pernah Pura Pura.
#purapuraponsel #viral #fyp #xyzbca #reelsinstagram",20,"11/21/2025 02:12",https://www.instagram.com/reel/DRUJCA7AZ0x/,"IG reel",,Lifetime,30121,20207,207,23,40,946,17
18100680829750287,17841414051683694,purapura.ponsel,"Pura Pura Ponsel","ketika kenyamanan kalah dengan keinginan 😁

Pura Pura Ponsel - Toko HP Baru & Second Terlengkap di Denpasar! ✨

Cari iPhone atau Android bekas berkualitas dengan garansi resmi?
Di sini tempatnya! Kami menyediakan beragam pilihan HP bekas yang sudah melewati proses QC ketat, jadi dijamin aman dan terpercaya.

✅ Jual Beli HP Second & Baru
✅ Bergaransi
✅ Tersedia Berbagai Merk: iPhone, Samsung, Xiaomi, Oppo, Vivo, dan lainnya
✅ Bisa Tukar Tambah & Kredit HP (Syarat & Ketentuan Berlaku)

📍 Kunjungi cabang terdekat kami:
- Kesiman: Jl. Kroya No. 3, Kesiman, Denpasar Timur
- Pemecutan Klod: Jl. Subur No. 4, Pemecutan Klod, Denpasar Barat

⏰ Buka setiap hari pukul 09:00 - 22:00 WITA.

📲 Hubungi kami untuk info stok & pemesanan: 081237200400
🌐 Cek promo terbaru di website kami: purapuraponsel.com
🛒 Belanja online aman di Tokopedia & Shopee: Pura Pura Ponsel Official

Kualitas Tidak Pernah Pura Pura.
#purapuraponsel #viral #fyp #xyzbca #reelsinstagram """"""",24,"11/20/2025 18:01",https://www.instagram.com/reel/DRTQ0bgFXLF/,"IG reel",,Lifetime,13142,9272,63,0,1,0,2
17842195944624886,17841414051683694,purapura.ponsel,"Pura Pura Ponsel","""Lalapan aja zeyeng biar kenyang 😭

Pura Pura Ponsel - Toko HP Baru & Second Terlengkap di Denpasar! ✨

Cari iPhone atau Android bekas berkualitas dengan garansi resmi?
Di sini tempatnya! Kami menyediakan beragam pilihan HP bekas yang sudah melewati proses QC ketat, jadi dijamin aman dan terpercaya.

✅ Jual Beli HP Second & Baru
✅ Bergaransi
✅ Tersedia Berbagai Merk: iPhone, Samsung, Xiaomi, Oppo, Vivo, dan lainnya
✅ Bisa Tukar Tambah & Kredit HP (Syarat & Ketentuan Berlaku)

📍 Kunjungi cabang terdekat kami:
- Kesiman: Jl. Kroya No. 3, Kesiman, Denpasar Timur
- Pemecutan Klod: Jl. Subur No. 4, Pemecutan Klod, Denpasar Barat

⏰ Buka setiap hari pukul 09:00 - 22:00 WITA.

📲 Hubungi kami untuk info stok & pemesanan: 081237200400
🌐 Cek promo terbaru di website kami: purapuraponsel.com
🛒 Belanja online aman di Tokopedia & Shopee: Pura Pura Ponsel Official

Kualitas Tidak Pernah Pura Pura.
#purapuraponsel #viral #fyp #xyzbca #reelsinstagram """"""",13,"11/20/2025 02:01",https://www.instagram.com/reel/DRRjB1KlbVs/,"IG reel",,Lifetime,9612,6724,32,0,1,7,0
17870248938469901,17841414051683694,purapura.ponsel,"Pura Pura Ponsel","Spesial galuan & kuningan, bisa mendapatkan gegemet yang berhadiah voucher belanja atau bahkan HANDPHONE LOH 😱

Pura Pura Ponsel - Toko HP Baru & Second Terlengkap di Denpasar! ✨

Cari iPhone atau Android bekas berkualitas dengan garansi resmi?
Di sini tempatnya! Kami menyediakan beragam pilihan HP bekas yang sudah melewati proses QC ketat, jadi dijamin aman dan terpercaya.

✅ Jual Beli HP Second & Baru
✅ Bergaransi
✅ Tersedia Berbagai Merk: iPhone, Samsung, Xiaomi, Oppo, Vivo, dan lainnya
✅ Bisa Tukar Tambah & Kredit HP (Syarat & Ketentuan Berlaku)

📍 Kunjungi cabang terdekat kami:
- Kesiman: Jl. Kroya No. 3, Kesiman, Denpasar Timur
- Pemecutan Klod: Jl. Subur No. 4, Pemecutan Klod, Denpasar Barat

⏰ Buka setiap hari pukul 09:00 - 22:00 WITA.

📲 Hubungi kami untuk info stok & pemesanan: 081237200400
🌐 Cek promo terbaru di website kami: purapuraponsel.com
🛒 Belanja online aman di Tokopedia & Shopee: Pura Pura Ponsel Official

Kualitas Tidak Pernah Pura Pura.
#purapuraponsel #viral #fyp #xyzbca #reelsinstagram """,46,"11/19/2025 18:01",https://www.instagram.com/reel/DRQsCXYCCiH/,"IG reel",,Lifetime,45439,27013,429,9,13,16,4
18383055838146436,17841414051683694,purapura.ponsel,"Pura Pura Ponsel","Ketika Jawa Bali mencoba akur dan saling mengucapkan Rahajeng Galungan🤣

Pura Pura Ponsel - Toko HP Baru & Second Terlengkap di Denpasar! ✨

Cari iPhone atau Android bekas berkualitas dengan garansi resmi?
Di sini tempatnya! Kami menyediakan beragam pilihan HP bekas yang sudah melewati proses QC ketat, jadi dijamin aman dan terpercaya.

✅ Jual Beli HP Second & Baru
✅ Bergaransi
✅ Tersedia Berbagai Merk: iPhone, Samsung, Xiaomi, Oppo, Vivo, dan lainnya
✅ Bisa Tukar Tambah & Kredit HP (Syarat & Ketentuan Berlaku)

📍 Kunjungi cabang terdekat kami:
- Kesiman: Jl. Kroya No. 3, Kesiman, Denpasar Timur
- Pemecutan Klod: Jl. Subur No. 4, Pemecutan Klod, Denpasar Barat

⏰ Buka setiap hari pukul 09:00 - 22:00 WITA.

📲 Hubungi kami untuk info stok & pemesanan: 081237200400
🌐 Cek promo terbaru di website kami: purapuraponsel.com
🛒 Belanja online aman di Tokopedia & Shopee: Pura Pura Ponsel Official

Kualitas Tidak Pernah Pura Pura.
#purapuraponsel #viral #fyp #xyzbca #reelsinstagram """,68,"11/18/2025 21:19",https://www.instagram.com/reel/DROdvdIExGl/,"IG reel",,Lifetime,205740,157409,7772,339,132,346,148
18070687394523537,17841403237713917,telagabagus,"TELAGA BAGUS","Rela Meinggalkan Perintis Demi Pewaris😭😭

Hidup gak ada yang tau.. kadang di atas kadang di bawah
Namun kalau kalian nanya tempat jual busana adat terlengkap dan termurah mimin tau, beli aja di @telagabagus 
Apalagi kalau kalian nanya tempat beli iphone 17 series tanpa PO dan nyari warna yang silver dimana? Udah jelas di @purapura.ponsel 
Yuk merapat semeton🥰

Rahajeng Galungan Lan Kuningan Semeton😇

By : @arthadashing_ 

Ijin pake Backsound wi @baguswirata_ 🔥

#telagabagus #arthadashing #purapuraponsel #busanabali #busanaadatbali #safari #bajusafari #setcouple #iphone17 #iphone17promaxdenpasar #iphone17didenpasar",110,"11/18/2025 01:59",https://www.instagram.com/reel/DRMYdS8D1Pn/,"IG reel",,Lifetime,97435,68353,1218,48,8,28,0
17928620037118537,17841414051683694,purapura.ponsel,"Pura Pura Ponsel","""Menurut kalian siapa pemenangnya? 🤔

Intinya jangan mudah terprovokasi apalagi belum ada validasi yang jelas yang penting cari tahu dulu yaaa🙏🏻

Rahajeng Nyangra Rahina Galungan & Kuningan semeton 🙏🏻

Pura Pura Ponsel - Toko HP Baru & Second Terlengkap di Denpasar! ✨

Cari iPhone atau Android bekas berkualitas dengan garansi resmi?
Di sini tempatnya! Kami menyediakan beragam pilihan HP bekas yang sudah melewati proses QC ketat, jadi dijamin aman dan terpercaya.

✅ Jual Beli HP Second & Baru
✅ Bergaransi
✅ Tersedia Berbagai Merk: iPhone, Samsung, Xiaomi, Oppo, Vivo, dan lainnya
✅ Bisa Tukar Tambah & Kredit HP (Syarat & Ketentuan Berlaku)

📍 Kunjungi cabang terdekat kami:
- Kesiman: Jl. Kroya No. 3, Kesiman, Denpasar Timur
- Pemecutan Klod: Jl. Subur No. 4, Pemecutan Klod, Denpasar Barat

⏰ Buka setiap hari pukul 09:00 - 22:00 WITA.

📲 Hubungi kami untuk info stok & pemesanan: 081237200400
🌐 Cek promo terbaru di website kami: purapuraponsel.com
🛒 Belanja online aman di Tokopedia & Shopee: Pura Pura Ponsel Official

Kualitas Tidak Pernah Pura Pura.
#purapuraponsel #viral #fyp #xyzbca #reelsinstagram """"""",9,"11/16/2025 18:01",https://www.instagram.com/reel/DRI9q4FDagP/,"IG reel",,Lifetime,50151,23795,168,6,5,14,4
17967344918987025,17841414051683694,purapura.ponsel,"Pura Pura Ponsel","Sang Pria Sejati Mulai Beraksi 😏

Pura Pura Ponsel - Toko HP Baru & Second Terlengkap di Denpasar! ✨

Cari iPhone atau Android bekas berkualitas dengan garansi resmi?
Di sini tempatnya! Kami menyediakan beragam pilihan HP bekas yang sudah melewati proses QC ketat, jadi dijamin aman dan terpercaya.

✅ Jual Beli HP Second & Baru
✅ Bergaransi
✅ Tersedia Berbagai Merk: iPhone, Samsung, Xiaomi, Oppo, Vivo, dan lainnya
✅ Bisa Tukar Tambah & Kredit HP (Syarat & Ketentuan Berlaku)

📍 Kunjungi cabang terdekat kami:
- Kesiman: Jl. Kroya No. 3, Kesiman, Denpasar Timur
- Pemecutan Klod: Jl. Subur No. 4, Pemecutan Klod, Denpasar Barat

⏰ Buka setiap hari pukul 09:00 - 22:00 WITA.

📲 Hubungi kami untuk info stok & pemesanan: 081237200400
🌐 Cek promo terbaru di website kami: purapuraponsel.com
🛒 Belanja online aman di Tokopedia & Shopee: Pura Pura Ponsel Official

Kualitas Tidak Pernah Pura Pura.
#purapuraponsel #viral #fyp #xyzbca #reelsinstagram """"""",11,"11/16/2025 02:00",https://www.instagram.com/reel/DRHPu_lCe7_/,"IG reel",,Lifetime,24181,14599,84,3,1,4,3
18105161221629686,17841414051683694,purapura.ponsel,"Pura Pura Ponsel","Aura cowok Bokek 🤣

Pura Pura Ponsel - Toko HP Baru & Second Terlengkap di Denpasar! ✨

Cari iPhone atau Android bekas berkualitas dengan garansi resmi?
Di sini tempatnya! Kami menyediakan beragam pilihan HP bekas yang sudah melewati proses QC ketat, jadi dijamin aman dan terpercaya.

✅ Jual Beli HP Second & Baru
✅ Bergaransi
✅ Tersedia Berbagai Merk: iPhone, Samsung, Xiaomi, Oppo, Vivo, dan lainnya
✅ Bisa Tukar Tambah & Kredit HP (Syarat & Ketentuan Berlaku)

📍 Kunjungi cabang terdekat kami:
- Kesiman: Jl. Kroya No. 3, Kesiman, Denpasar Timur
- Pemecutan Klod: Jl. Subur No. 4, Pemecutan Klod, Denpasar Barat

⏰ Buka setiap hari pukul 09:00 - 22:00 WITA.

📲 Hubungi kami untuk info stok & pemesanan: 081237200400
🌐 Cek promo terbaru di website kami: purapuraponsel.com
🛒 Belanja online aman di Tokopedia & Shopee: Pura Pura Ponsel Official

Kualitas Tidak Pernah Pura Pura.
#purapuraponsel #viral #fyp #xyzbca #reelsinstagram """,18,"11/14/2025 18:01",https://www.instagram.com/reel/DRD0DLCDgat/,"IG reel",,Lifetime,10787,7667,70,1,0,0,1
18293729350279550,17841414051683694,purapura.ponsel,"Pura Pura Ponsel","Intinya jangan mudah terprovokasi apalagi belum ada validasi yang jelas yang penting cari tahu dulu yaaa🙏🏻

Rahajeng Nyangra Rahina Galungan & Kuningan semeton 🙏🏻

Pura Pura Ponsel - Toko HP Baru & Second Terlengkap di Denpasar! ✨

Cari iPhone atau Android bekas berkualitas dengan garansi resmi?
Di sini tempatnya! Kami menyediakan beragam pilihan HP bekas yang sudah melewati proses QC ketat, jadi dijamin aman dan terpercaya.

✅ Jual Beli HP Second & Baru
✅ Bergaransi
✅ Tersedia Berbagai Merk: iPhone, Samsung, Xiaomi, Oppo, Vivo, dan lainnya
✅ Bisa Tukar Tambah & Kredit HP (Syarat & Ketentuan Berlaku)

📍 Kunjungi cabang terdekat kami:
- Kesiman: Jl. Kroya No. 3, Kesiman, Denpasar Timur
- Pemecutan Klod: Jl. Subur No. 4, Pemecutan Klod, Denpasar Barat

⏰ Buka setiap hari pukul 09:00 - 22:00 WITA.

📲 Hubungi kami untuk info stok & pemesanan: 081237200400
🌐 Cek promo terbaru di website kami: purapuraponsel.com
🛒 Belanja online aman di Tokopedia & Shopee: Pura Pura Ponsel Official

Kualitas Tidak Pernah Pura Pura.
#purapuraponsel #viral #fyp #xyzbca #reelsinstagram """,117,"11/14/2025 02:01",https://www.instagram.com/reel/DRCGM1iF3yc/,"IG reel",,Lifetime,39701,25920,688,11,11,25,14
18092105326708751,17841414051683694,purapura.ponsel,"Pura Pura Ponsel","BUKAN COWOK PROMO🥴

Pura Pura Ponsel - Toko HP Baru & Second Terlengkap di Denpasar! ✨

Cari iPhone atau Android bekas berkualitas dengan garansi resmi?
Di sini tempatnya! Kami menyediakan beragam pilihan HP bekas yang sudah melewati proses QC ketat, jadi dijamin aman dan terpercaya.

✅ Jual Beli HP Second & Baru
✅ Bergaransi
✅ Tersedia Berbagai Merk: iPhone, Samsung, Xiaomi, Oppo, Vivo, dan lainnya
✅ Bisa Tukar Tambah & Kredit HP (Syarat & Ketentuan Berlaku)

📍 Kunjungi cabang terdekat kami:
- Kesiman: Jl. Kroya No. 3, Kesiman, Denpasar Timur
- Pemecutan Klod: Jl. Subur No. 4, Pemecutan Klod, Denpasar Barat

⏰ Buka setiap hari pukul 09:00 - 22:00 WITA.

📲 Hubungi kami untuk info stok & pemesanan: 081237200400
🌐 Cek promo terbaru di website kami: purapuraponsel.com
🛒 Belanja online aman di Tokopedia & Shopee: Pura Pura Ponsel Official

Kualitas Tidak Pernah Pura Pura.
#purapuraponsel #viral #fyp #xyzbca #reelsinstagram """,17,"11/13/2025 18:01",https://www.instagram.com/reel/DRBPOy3ja4Y/,"IG reel",,Lifetime,18909,12378,124,3,2,2,0
18046636571435627,17841414051683694,purapura.ponsel,"Pura Pura Ponsel","Ketik orang jawa kenak cetik 🤣

Pura Pura Ponsel - Toko HP Baru & Second Terlengkap di Denpasar! ✨

Cari iPhone atau Android bekas berkualitas dengan garansi resmi?
Di sini tempatnya! Kami menyediakan beragam pilihan HP bekas yang sudah melewati proses QC ketat, jadi dijamin aman dan terpercaya.

✅ Jual Beli HP Second & Baru
✅ Bergaransi
✅ Tersedia Berbagai Merk: iPhone, Samsung, Xiaomi, Oppo, Vivo, dan lainnya
✅ Bisa Tukar Tambah & Kredit HP (Syarat & Ketentuan Berlaku)

📍 Kunjungi cabang terdekat kami:
- Kesiman: Jl. Kroya No. 3, Kesiman, Denpasar Timur
- Pemecutan Klod: Jl. Subur No. 4, Pemecutan Klod, Denpasar Barat

⏰ Buka setiap hari pukul 09:00 - 22:00 WITA.

📲 Hubungi kami untuk info stok & pemesanan: 081237200400
🌐 Cek promo terbaru di website kami: purapuraponsel.com
🛒 Belanja online aman di Tokopedia & Shopee: Pura Pura Ponsel Official

Kualitas Tidak Pernah Pura Pura.
#purapuraponsel #viral #fyp #xyzbca #reelsinstagram """,71,"11/13/2025 02:01",https://www.instagram.com/reel/DQ_hZftCpOE/,"IG reel",,Lifetime,76361,55297,3362,133,194,116,90
18081011917890061,17841400942598516,kingabdi_jajanmercon,"Abdi Jajan Mercon","ORANG KLO BAIK. pasti juga akan dapat yang terbaik… 😁

ditengah langkah nya minggu awal iphone 17 pro max yang baru rilis. aku gak ada angin gak ada hujan DI KASI HP sama @purapura.ponsel 

tapi karena saya itu orang nya gak tamak. saya juga gak mau hutang budi. saya mau nya tukar aja sama ho saya yg lama. jadi tukar TANPA BAYAR ❤️❤️❤️

dan saking baik nya @purapura.ponsel SAMPEK YG DI TUKAR 17 pro max gak hanya aku aja. tapi juga istri ku @indriani.dina 

makasih baget loh yaa 😍😍😍",165,"11/12/2025 19:56",https://www.instagram.com/reel/DQ-3LQmEW1k/,"IG reel",,Lifetime,387533,263831,18288,48,77,132,0
18047437613419898,17841414051683694,purapura.ponsel,"Pura Pura Ponsel","wah wahhh ini nihhh yang namanya ngelunjak😤

Pura Pura Ponsel - Toko HP Baru & Second Terlengkap di Denpasar! ✨

Cari iPhone atau Android bekas berkualitas dengan garansi resmi?
Di sini tempatnya! Kami menyediakan beragam pilihan HP bekas yang sudah melewati proses QC ketat, jadi dijamin aman dan terpercaya.

✅ Jual Beli HP Second & Baru
✅ Bergaransi
✅ Tersedia Berbagai Merk: iPhone, Samsung, Xiaomi, Oppo, Vivo, dan lainnya
✅ Bisa Tukar Tambah & Kredit HP (Syarat & Ketentuan Berlaku)

📍 Kunjungi cabang terdekat kami:
- Kesiman: Jl. Kroya No. 3, Kesiman, Denpasar Timur
- Pemecutan Klod: Jl. Subur No. 4, Pemecutan Klod, Denpasar Barat

⏰ Buka setiap hari pukul 09:00 - 22:00 WITA.

📲 Hubungi kami untuk info stok & pemesanan: 081237200400
🌐 Cek promo terbaru di website kami: purapuraponsel.com
🛒 Belanja online aman di Tokopedia & Shopee: Pura Pura Ponsel Official

Kualitas Tidak Pernah Pura Pura.
#purapuraponsel #viral #fyp #xyzbca #reelsinstagram """,59,"11/12/2025 02:02",https://www.instagram.com/reel/DQ88uPrjZLS/,"IG reel",,Lifetime,12101,8937,92,0,1,0,1
18088990498937912,17841414051683694,purapura.ponsel,"Pura Pura Ponsel","itu disebelah mana ya gess?🫣

Pura Pura Ponsel - Toko HP Baru & Second Terlengkap di Denpasar! ✨

Cari iPhone atau Android bekas berkualitas dengan garansi resmi?
Di sini tempatnya! Kami menyediakan beragam pilihan HP bekas yang sudah melewati proses QC ketat, jadi dijamin aman dan terpercaya.

✅ Jual Beli HP Second & Baru
✅ Bergaransi
✅ Tersedia Berbagai Merk: iPhone, Samsung, Xiaomi, Oppo, Vivo, dan lainnya
✅ Bisa Tukar Tambah & Kredit HP (Syarat & Ketentuan Berlaku)

📍 Kunjungi cabang terdekat kami:
- Kesiman: Jl. Kroya No. 3, Kesiman, Denpasar Timur
- Pemecutan Klod: Jl. Subur No. 4, Pemecutan Klod, Denpasar Barat

⏰ Buka setiap hari pukul 09:00 - 22:00 WITA.

📲 Hubungi kami untuk info stok & pemesanan: 081237200400
🌐 Cek promo terbaru di website kami: purapuraponsel.com
🛒 Belanja online aman di Tokopedia & Shopee: Pura Pura Ponsel Official

Kualitas Tidak Pernah Pura Pura.
#purapuraponsel #viral #fyp #xyzbca #reelsinstagram",13,"11/11/2025 18:01",https://www.instagram.com/reel/DQ8FujsCAfr/,"IG reel",,Lifetime,148212,71275,1566,238,4,6,95
18087712228764958,17841442251754246,sibliwira,"BLI WIRA","TES KRIUK KALI DH YANG MESEN NOK😋

#sibliwira #reelsvideo #reelsinstagram #reels",31,"11/11/2025 02:14",https://www.instagram.com/reel/DQ6ZJg_kc62/,"IG reel",,Lifetime,271097,154806,12220,632,124,74,0
17884414056280742,17841414051683694,purapura.ponsel,"Pura Pura Ponsel","silahkan untuk berekspresikan otak secara mandiri yaaa ☺️

Pura Pura Ponsel - Toko HP Baru & Second Terlengkap di Denpasar! ✨

Cari iPhone atau Android bekas berkualitas dengan garansi resmi?
Di sini tempatnya! Kami menyediakan beragam pilihan HP bekas yang sudah melewati proses QC ketat, jadi dijamin aman dan terpercaya.

✅ Jual Beli HP Second & Baru
✅ Bergaransi
✅ Tersedia Berbagai Merk: iPhone, Samsung, Xiaomi, Oppo, Vivo, dan lainnya
✅ Bisa Tukar Tambah & Kredit HP (Syarat & Ketentuan Berlaku)

📍 Kunjungi cabang terdekat kami:
- Kesiman: Jl. Kroya No. 3, Kesiman, Denpasar Timur
- Pemecutan Klod: Jl. Subur No. 4, Pemecutan Klod, Denpasar Barat

⏰ Buka setiap hari pukul 09:00 - 22:00 WITA.

📲 Hubungi kami untuk info stok & pemesanan: 081237200400
🌐 Cek promo terbaru di website kami: purapuraponsel.com
🛒 Belanja online aman di Tokopedia & Shopee: Pura Pura Ponsel Official

Kualitas Tidak Pernah Pura Pura.
#purapuraponsel #viral #fyp #xyzbca #reelsinstagram """,16,"11/11/2025 02:02",https://www.instagram.com/reel/DQ6X6f3DO2J/,"IG reel",,Lifetime,46479,21806,194,15,0,31,3
17870818851459835,17841414051683694,purapura.ponsel,"Pura Pura Ponsel","""Contoh nih cowok paling ramah 🤣

Pura Pura Ponsel - Toko HP Baru & Second Terlengkap di Denpasar! ✨

Cari iPhone atau Android bekas berkualitas dengan garansi resmi?
Di sini tempatnya! Kami menyediakan beragam pilihan HP bekas yang sudah melewati proses QC ketat, jadi dijamin aman dan terpercaya.

✅ Jual Beli HP Second & Baru
✅ Bergaransi
✅ Tersedia Berbagai Merk: iPhone, Samsung, Xiaomi, Oppo, Vivo, dan lainnya
✅ Bisa Tukar Tambah & Kredit HP (Syarat & Ketentuan Berlaku)

📍 Kunjungi cabang terdekat kami:
- Kesiman: Jl. Kroya No. 3, Kesiman, Denpasar Timur
- Pemecutan Klod: Jl. Subur No. 4, Pemecutan Klod, Denpasar Barat

⏰ Buka setiap hari pukul 09:00 - 22:00 WITA.

📲 Hubungi kami untuk info stok & pemesanan: 081237200400
🌐 Cek promo terbaru di website kami: purapuraponsel.com
🛒 Belanja online aman di Tokopedia & Shopee: Pura Pura Ponsel Official

Kualitas Tidak Pernah Pura Pura.
#purapuraponsel #viral #fyp #xyzbca #reelsinstagram """"""",34,"11/10/2025 02:01",https://www.instagram.com/reel/DQ3y_digBhX/,"IG reel",,Lifetime,57749,36254,693,68,4,26,11
18089963557910735,17841414051683694,purapura.ponsel,"Pura Pura Ponsel","""Nonton jangan serius serius amat bang di teplak juga kann tuhh mata🥴

Pura Pura Ponsel - Toko HP Baru & Second Terlengkap di Denpasar! ✨

Cari iPhone atau Android bekas berkualitas dengan garansi resmi?
Di sini tempatnya! Kami menyediakan beragam pilihan HP bekas yang sudah melewati proses QC ketat, jadi dijamin aman dan terpercaya.

✅ Jual Beli HP Second & Baru
✅ Bergaransi
✅ Tersedia Berbagai Merk: iPhone, Samsung, Xiaomi, Oppo, Vivo, dan lainnya
✅ Bisa Tukar Tambah & Kredit HP (Syarat & Ketentuan Berlaku)

📍 Kunjungi cabang terdekat kami:
- Kesiman: Jl. Kroya No. 3, Kesiman, Denpasar Timur
- Pemecutan Klod: Jl. Subur No. 4, Pemecutan Klod, Denpasar Barat

⏰ Buka setiap hari pukul 09:00 - 22:00 WITA.

📲 Hubungi kami untuk info stok & pemesanan: 081237200400
🌐 Cek promo terbaru di website kami: purapuraponsel.com
🛒 Belanja online aman di Tokopedia & Shopee: Pura Pura Ponsel Official

Kualitas Tidak Pernah Pura Pura.
#purapuraponsel #viral #fyp #xyzbca #reelsinstagram """,8,"11/09/2025 02:01",https://www.instagram.com/reel/DQ1ONS6ivOb/,"IG reel",,Lifetime,35315,17617,86,23,0,10,3
18081686462283471,17841414051683694,purapura.ponsel,"Pura Pura Ponsel","Jangan Dipikirkan 🫣

Pura Pura Ponsel - Toko HP Baru & Second Terlengkap di Denpasar! ✨

Cari iPhone atau Android bekas berkualitas dengan garansi resmi?
Di sini tempatnya! Kami menyediakan beragam pilihan HP bekas yang sudah melewati proses QC ketat, jadi dijamin aman dan terpercaya.

✅ Jual Beli HP Second & Baru
✅ Bergaransi
✅ Tersedia Berbagai Merk: iPhone, Samsung, Xiaomi, Oppo, Vivo, dan lainnya
✅ Bisa Tukar Tambah & Kredit HP (Syarat & Ketentuan Berlaku)

📍 Kunjungi cabang terdekat kami:
- Kesiman: Jl. Kroya No. 3, Kesiman, Denpasar Timur
- Pemecutan Klod: Jl. Subur No. 4, Pemecutan Klod, Denpasar Barat

⏰ Buka setiap hari pukul 09:00 - 22:00 WITA.

📲 Hubungi kami untuk info stok & pemesanan: 081237200400
🌐 Cek promo terbaru di website kami: purapuraponsel.com
🛒 Belanja online aman di Tokopedia & Shopee: Pura Pura Ponsel Official

Kualitas Tidak Pernah Pura Pura.
#purapuraponsel #viral #fyp #xyzbca #reelsinstagram",0,"11/08/2025 18:00",https://www.instagram.com/p/DQ0XNHVgMHe/,"IG image",,Lifetime,53977,6883,39,2,0,3,1
18115328143560072,17841414051683694,purapura.ponsel,"Pura Pura Ponsel","Kesenjangan Sosial 😆

Pura Pura Ponsel - Toko HP Baru & Second Terlengkap di Denpasar! ✨

Cari iPhone atau Android bekas berkualitas dengan garansi resmi?
Di sini tempatnya! Kami menyediakan beragam pilihan HP bekas yang sudah melewati proses QC ketat, jadi dijamin aman dan terpercaya.

✅ Jual Beli HP Second & Baru
✅ Bergaransi
✅ Tersedia Berbagai Merk: iPhone, Samsung, Xiaomi, Oppo, Vivo, dan lainnya
✅ Bisa Tukar Tambah & Kredit HP (Syarat & Ketentuan Berlaku)

📍 Kunjungi cabang terdekat kami:
- Kesiman: Jl. Kroya No. 3, Kesiman, Denpasar Timur
- Pemecutan Klod: Jl. Subur No. 4, Pemecutan Klod, Denpasar Barat

⏰ Buka setiap hari pukul 09:00 - 22:00 WITA.

📲 Hubungi kami untuk info stok & pemesanan: 081237200400
🌐 Cek promo terbaru di website kami: purapuraponsel.com
🛒 Belanja online aman di Tokopedia & Shopee: Pura Pura Ponsel Official

Kualitas Tidak Pernah Pura Pura.
#purapuraponsel #viral #fyp #xyzbca #reelsinstagram",7,"11/08/2025 02:00",https://www.instagram.com/reel/DQypWYmk-Ry/,"IG reel",,Lifetime,50137,23231,207,6,2,6,6
18077628257146328,17841414051683694,purapura.ponsel,"Pura Pura Ponsel","Curhat Gagal Tersambung, Silakan Coba Lagi Nanti 📲

Pura Pura Ponsel - Toko HP Baru & Second Terlengkap di Denpasar! ✨

Cari iPhone atau Android bekas berkualitas dengan garansi resmi?
Di sini tempatnya! Kami menyediakan beragam pilihan HP bekas yang sudah melewati proses QC ketat, jadi dijamin aman dan terpercaya.

✅ Jual Beli HP Second & Baru
✅ Bergaransi
✅ Tersedia Berbagai Merk: iPhone, Samsung, Xiaomi, Oppo, Vivo, dan lainnya
✅ Bisa Tukar Tambah & Kredit HP (Syarat & Ketentuan Berlaku)

📍 Kunjungi cabang terdekat kami:
- Kesiman: Jl. Kroya No. 3, Kesiman, Denpasar Timur
- Pemecutan Klod: Jl. Subur No. 4, Pemecutan Klod, Denpasar Barat

⏰ Buka setiap hari pukul 09:00 - 22:00 WITA.

📲 Hubungi kami untuk info stok & pemesanan: 081237200400
🌐 Cek promo terbaru di website kami: purapuraponsel.com
🛒 Belanja online aman di Tokopedia & Shopee: Pura Pura Ponsel Official

Kualitas Tidak Pernah Pura Pura.
#purapuraponsel #viral #fyp #xyzbca #reelsinstagram",42,"11/07/2025 18:00",https://www.instagram.com/reel/DQxyav9iTZc/,"IG reel",,Lifetime,8798,6408,42,0,0,0,1
18197665291323104,17841414051683694,purapura.ponsel,"Pura Pura Ponsel","POV: ketika 17 pm gak ada harga dirinya 🥹

Pura Pura Ponsel - Toko HP Baru & Second Terlengkap di Denpasar! ✨

Cari iPhone atau Android bekas berkualitas dengan garansi resmi?
Di sini tempatnya! Kami menyediakan beragam pilihan HP bekas yang sudah melewati proses QC ketat, jadi dijamin aman dan terpercaya.

✅ Jual Beli HP Second & Baru
✅ Bergaransi
✅ Tersedia Berbagai Merk: iPhone, Samsung, Xiaomi, Oppo, Vivo, dan lainnya
✅ Bisa Tukar Tambah & Kredit HP (Syarat & Ketentuan Berlaku)

📍 Kunjungi cabang terdekat kami:
- Kesiman: Jl. Kroya No. 3, Kesiman, Denpasar Timur
- Pemecutan Klod: Jl. Subur No. 4, Pemecutan Klod, Denpasar Barat

⏰ Buka setiap hari pukul 09:00 - 22:00 WITA.

📲 Hubungi kami untuk info stok & pemesanan: 081237200400
🌐 Cek promo terbaru di website kami: purapuraponsel.com
🛒 Belanja online aman di Tokopedia & Shopee: Pura Pura Ponsel Official

Kualitas Tidak Pernah Pura Pura.
#purapuraponsel #viral #fyp #xyzbca #reelsinstagram """,34,"11/07/2025 02:01",https://www.instagram.com/reel/DQwEpL_jYsB/,"IG reel",,Lifetime,129886,79820,1276,72,3,28,17
18081486692032719,17841414051683694,purapura.ponsel,"Pura Pura Ponsel","""Niat video call tapi kenapa tangan ikut keringetan yak? 🤣

Pura Pura Ponsel - Toko HP Baru & Second Terlengkap di Denpasar! ✨

Cari iPhone atau Android bekas berkualitas dengan garansi resmi?
Di sini tempatnya! Kami menyediakan beragam pilihan HP bekas yang sudah melewati proses QC ketat, jadi dijamin aman dan terpercaya.

✅ Jual Beli HP Second & Baru
✅ Bergaransi
✅ Tersedia Berbagai Merk: iPhone, Samsung, Xiaomi, Oppo, Vivo, dan lainnya
✅ Bisa Tukar Tambah & Kredit HP (Syarat & Ketentuan Berlaku)

📍 Kunjungi cabang terdekat kami:
- Kesiman: Jl. Kroya No. 3, Kesiman, Denpasar Timur
- Pemecutan Klod: Jl. Subur No. 4, Pemecutan Klod, Denpasar Barat

⏰ Buka setiap hari pukul 09:00 - 22:00 WITA.

📲 Hubungi kami untuk info stok & pemesanan: 081237200400
🌐 Cek promo terbaru di website kami: purapuraponsel.com
🛒 Belanja online aman di Tokopedia & Shopee: Pura Pura Ponsel Official

Kualitas Tidak Pernah Pura Pura.
#purapuraponsel #viral #fyp #xyzbca #reelsinstagram """,14,"11/06/2025 02:01",https://www.instagram.com/reel/DQtf0f5iWTi/,"IG reel",,Lifetime,29009,15544,104,25,1,2,8
18050194430653888,17841414051683694,purapura.ponsel,"Pura Pura Ponsel","""Buset Dah Panjang Banget Tuh AKARnya🤣

Pura Pura Ponsel - Toko HP Baru & Second Terlengkap di Denpasar! ✨

Cari iPhone atau Android bekas berkualitas dengan garansi resmi?
Di sini tempatnya! Kami menyediakan beragam pilihan HP bekas yang sudah melewati proses QC ketat, jadi dijamin aman dan terpercaya.

✅ Jual Beli HP Second & Baru
✅ Bergaransi
✅ Tersedia Berbagai Merk: iPhone, Samsung, Xiaomi, Oppo, Vivo, dan lainnya
✅ Bisa Tukar Tambah & Kredit HP (Syarat & Ketentuan Berlaku)

📍 Kunjungi cabang terdekat kami:
- Kesiman: Jl. Kroya No. 3, Kesiman, Denpasar Timur
- Pemecutan Klod: Jl. Subur No. 4, Pemecutan Klod, Denpasar Barat

⏰ Buka setiap hari pukul 09:00 - 22:00 WITA.

📲 Hubungi kami untuk info stok & pemesanan: 081237200400
🌐 Cek promo terbaru di website kami: purapuraponsel.com
🛒 Belanja online aman di Tokopedia & Shopee: Pura Pura Ponsel Official

Kualitas Tidak Pernah Pura Pura.
#purapuraponsel #viral #fyp #xyzbca #reelsinstagram """,13,"11/05/2025 18:01",https://www.instagram.com/reel/DQso8aTgHuq/,"IG reel",,Lifetime,48496,22910,172,7,0,1,9
18069852545349692,17841414051683694,purapura.ponsel,"Pura Pura Ponsel","""neh kan NABRAK kan😌

Pura Pura Ponsel - Toko HP Baru & Second Terlengkap di Denpasar! ✨

Cari iPhone atau Android bekas berkualitas dengan garansi resmi?
Di sini tempatnya! Kami menyediakan beragam pilihan HP bekas yang sudah melewati proses QC ketat, jadi dijamin aman dan terpercaya.

✅ Jual Beli HP Second & Baru
✅ Bergaransi
✅ Tersedia Berbagai Merk: iPhone, Samsung, Xiaomi, Oppo, Vivo, dan lainnya
✅ Bisa Tukar Tambah & Kredit HP (Syarat & Ketentuan Berlaku)

📍 Kunjungi cabang terdekat kami:
- Kesiman: Jl. Kroya No. 3, Kesiman, Denpasar Timur
- Pemecutan Klod: Jl. Subur No. 4, Pemecutan Klod, Denpasar Barat

⏰ Buka setiap hari pukul 09:00 - 22:00 WITA.

📲 Hubungi kami untuk info stok & pemesanan: 081237200400
🌐 Cek promo terbaru di website kami: purapuraponsel.com
🛒 Belanja online aman di Tokopedia & Shopee: Pura Pura Ponsel Official

Kualitas Tidak Pernah Pura Pura.
#purapuraponsel #viral #fyp #xyzbca #reelsinstagram """,13,"11/05/2025 02:01",https://www.instagram.com/reel/DQq7D9ZFJtR/,"IG reel",,Lifetime,42348,24274,341,11,2,21,8
18065061398121345,17841414051683694,purapura.ponsel,"Pura Pura Ponsel","Yuk buruan merapat, stok yang READY di store‼️ 
siapa cepat dia dapat! 🤩🤩

Pura Pura Ponsel - Toko HP Baru & Second Terlengkap di Denpasar! ✨

Cari iPhone atau Android bekas berkualitas dengan garansi resmi?
Di sini tempatnya! Kami menyediakan beragam pilihan HP bekas yang sudah melewati proses QC ketat, jadi dijamin aman dan terpercaya.

✅ Jual Beli HP Second & Baru
✅ Bergaransi
✅ Tersedia Berbagai Merk: iPhone, Samsung, Xiaomi, Oppo, Vivo, dan lainnya
✅ Bisa Tukar Tambah & Kredit HP (Syarat & Ketentuan Berlaku)

📍 Kunjungi cabang terdekat kami:
- Kesiman: Jl. Kroya No. 3, Kesiman, Denpasar Timur
- Pemecutan Klod: Jl. Subur No. 4, Pemecutan Klod, Denpasar Barat

⏰ Buka setiap hari pukul 09:00 - 22:00 WITA.

📲 Hubungi kami untuk info stok & pemesanan: 081237200400
🌐 Cek promo terbaru di website kami: purapuraponsel.com
🛒 Belanja online aman di Tokopedia & Shopee: Pura Pura Ponsel Official

Kualitas Tidak Pernah Pura Pura.
#purapuraponsel #viral #fyp #xyzbca #reelsinstagram",0,"11/04/2025 01:30",https://www.instagram.com/p/DQoSwTuk-TG/,"IG image",,Lifetime,107522,24577,135,24,3,2,5
17886346809262855,17841414051683694,purapura.ponsel,"Pura Pura Ponsel","PROMO SPESIAL ‼️
Jangan sampai kehabisann yaa!! 🤩

Yuk langsung ke toko sekarang 😜

Pura Pura Ponsel - Toko HP Baru & Second Terlengkap di Denpasar! ✨

Cari iPhone atau Android bekas berkualitas dengan garansi resmi?
Di sini tempatnya! Kami menyediakan beragam pilihan HP bekas yang sudah melewati proses QC ketat, jadi dijamin aman dan terpercaya.

✅ Jual Beli HP Second & Baru
✅ Bergaransi
✅ Tersedia Berbagai Merk: iPhone, Samsung, Xiaomi, Oppo, Vivo, dan lainnya
✅ Bisa Tukar Tambah & Kredit HP (Syarat & Ketentuan Berlaku)

📍 Kunjungi cabang terdekat kami:
- Kesiman: Jl. Kroya No. 3, Kesiman, Denpasar Timur
- Pemecutan Klod: Jl. Subur No. 4, Pemecutan Klod, Denpasar Barat

⏰ Buka setiap hari pukul 09:00 - 22:00 WITA.

📲 Hubungi kami untuk info stok & pemesanan: 081237200400
🌐 Cek promo terbaru di website kami: purapuraponsel.com
🛒 Belanja online aman di Tokopedia & Shopee: Pura Pura Ponsel Official

Kualitas Tidak Pernah Pura Pura.
#purapuraponsel #viral #fyp #xyzbca #reelsinstagram +",44,"11/03/2025 02:36",https://www.instagram.com/reel/DQlz4y2k3Ot/,"IG reel",,Lifetime,173867,72080,321,45,250,2,21
18048597662342256,17841403443955617,xmade_official,"TEAM BERSYUKUR","Sory lit @alitchachink",42,"11/02/2025 12:31",https://www.instagram.com/reel/DQkUjikE16d/,"IG reel",,Lifetime,96265,56840,2151,27,11,13,0
18349165951165102,17841414051683694,purapura.ponsel,"Pura Pura Ponsel","SERVICE HERE ‼️
Kalian sudah cek handphone kalian belum? 😬
punya masalah lain sama handphone kamu? Bawa aja ke Pura Pura Ponsel.
Kami ada layanan service terpercaya! 🤩

Kenapa harus service di Pura Pura Ponsel?

✅Free tempered glass dan case
✅Service bisa ditunggu
✅Bisa dilihat secara face to face Pembayaran service bisa kredit
✅Setiap pergantian sparepart apapun potongan up to 50%

___
Info Lebih Lanjut✨
(Click Link on Bio)
📍JI. Kroya No. 3, Kesiman, Denpasar
📍JI. Subur No. 4 Pemecutan Klod, Denpasar Barat
⏰ Open Everyday 09:00 - 22:00 WIB
📲 Admin: 081237200400
🛒Tokopedia: Pura Pura Ponsel Official 
🛒 Shopee: Pura Pura Ponsel
__

Kualitas Tidak Pernah Pura Pura
#iphone #applestore #iphonebali #iphonedenpasar #service",0,"11/01/2025 03:45",https://www.instagram.com/p/DQgs6IVE9rj/,"IG carousel",,Lifetime,81768,8670,63,5,0,0,7
17863311945504676,17841414051683694,purapura.ponsel,"Pura Pura Ponsel","Kalian pecinta apple product ? Belum lengkap kalau belum koleksi semuanya nih🙈
Transfer data yang mudah, sikronisasi antar perangkat, serta pengalaman pengguna yang konsisten di semua perangkat.

Kenapa harus di Pura Pura Ponsel ?
Kualitas barang SAMA✅
Bergaransi resmi✅
Banyak BENEFITNYA✅
Harga lebih TERJANGKAU✅
Bisa KREDIT dengan DP dan BUNGA 0%✅

Dan buat kalian yang belum sempat datang ke toko, bisa checkout di toko online Minpur ya. Packing aman, lengkap dan cepat sampai tujuan💨
Jadi tunggu apalagi ? yuk segera datang ke toko🔥

Pura Pura Ponsel - Toko HP Baru & Second Denpasar!
Jual Beli iPhone & Android Bekas Bergaransi &
Terlengkap.
📍Cabang Kesiman: JI. Kroya No. 3, Kesiman,
Denpasar Timur
📍Cabang Pemecutan Klod: JI. Subur No. 4, Pemecutan Klod, Denpasar Barat
⏰Buka Setiap Hari: 09:00 - 22:00 WITA
📲 Info & Pemesanan: 081237200400
🌐 Cek Stok & Promo Lengkap di:
purapuraponsel.com
🛒 Tokopedia: Pura Pura Ponsel Official
🛒 Shopee: Pura Pura Ponsel

Kualitas Tidak Pernah Pura Pura
#service #smartphone #iphonebali #android
#purapuraponsel #appleproducts",0,"11/01/2025 03:35",https://www.instagram.com/p/DQgryNZkzgc/,"IG carousel",,Lifetime,273973,20916,89,17,1,13,16
18062145017171281,17841414051683694,purapura.ponsel,"Pura Pura Ponsel","NOVEMBER PROMO IS COMING ‼️

Buat kalian yang cari Iphone brand new😱
 jangan khawatir Pura Pura Ponsel hadir dengan berbagai series Iphone yang tentunya dengan Promo
yang menarik ya gaes😍

Kenapa harus di Pura Pura Ponsel ?
Kualitas barang SAMA✅
Bergaransi resmi✅
Banyak BENEFITNYA✅
Harga lebih TERJANGKAU✅
Bisa TUKAR TAMBAH✅
Bisa KREDIT dengan DP dan BUNGA 0%✅
Bisa SPLIT Payment✅

Buat kalian yang nggak bisa datang ke toko bisa checkout di toko online Minpur ya ada cashback hingga jutaan rupiah pengiriman cepat, dijamin aman
sampai tujuan 🚀
Jadi tunggu apalagi ? yuk mampir ke store🤩🚀

___
Info Lebih Lanjut✨
(Click Link on Bio)
📍JI. Kroya No. 3, Kesiman, Denpasar
📍JI. Subur No. 4 Pemecutan Klod, Denpasar Barat
⏰ Open Everyday 09:00 - 22:00 WIB
📲Admin: 081237200400
🛒Tokopedia: Pura Pura Ponsel Official 
🛒Shopee: Pura Pura Ponsel
---
Kualitas Tidak Pernah Pura Pura
#iphone #applestore #iphonebali #iphonedenpasar
#purapuraponsel",0,"11/01/2025 03:21",https://www.instagram.com/p/DQgqKiKkzw_/,"IG carousel",,Lifetime,324463,36208,566,130,21,7,155
18128085766499849,17841414051683694,purapura.ponsel,"Pura Pura Ponsel","NOVEMBER PROMO IS COMING ‼️

Buat kalian yang cari Android Brand New maupun second
Pura Pura Ponsel hadir dengan berbagai series
Android yang lengkap dan tentunya dengan PROMO yang ga nanggung nanggung😱

Kenapa harus di Pura Pura Ponsel ?
Kualitas barang SAMA✅
Bergaransi resmi✅
Banyak BENEFITNYA✅
Harga lebih TERJANGKAU✅
Bisa TUKAR TAMBAH✅
Bisa KREDIT dengan DP dan BUNGA 0%✅
Bisa SPLIT Payment✅
Dan tentunya BERKESEMPATAN Lucky Draw setiap pembelian android brand new yang hadiahnya berupa handphone dan voucher hingga jutaan rupiah
Buat kalian yang nggak bisa datang ke toko bisa checkout di toko online Minpur ya ada cashback hingga jutaan rupiah pengiriman cepat, dijamin aman sampai tujuan whoshhh💨

___
Info Lebih Lanjut✨
(Click Link on Bio)
📍JI. Kroya No. 3, Kesiman, Denpasar
📍JI. Subur No. 4 Pemecutan Klod, Denpasar Barat
⏰ Open Everyday 09:00 - 22:00 WIB
📲Admin: 081237200400
🛒Tokopedia: Pura Pura Ponsel Official 
🛒Shopee: Pura Pura Ponsel
---
Kualitas Tidak Pernah Pura Pura
#service #smartphone #iphonebali #android",0,"11/01/2025 03:13",https://www.instagram.com/p/DQgpTw6k7ca/,"IG carousel",,Lifetime,276332,22534,205,27,5,34,38
18295979800249189,17841414051683694,purapura.ponsel,"Pura Pura Ponsel","UPGRADE TAPI TANPA UANG ? BISA BANGET DONG ‼️

Mau upgrade tapi gada uang ? 
atau mau beli hadiah handphone tapi budget terbatas ? 
Tenang, Pura Pura Ponsel punya solusinya 🥳

Kalian bisa kredit dengan berbagai pilihan finance dan dapatkan promo DP dan BUNGA 0% 🤩
Brand new maupun second sekalipun bisa yaahh 

Yuk, cukup bawa KTP saja. Kalian sudah bisa dapat handphone impian 🤩

Info Lebih Lanjut (Click Link on Bio) ✨
📍JI. Kroya No. 3, Kesiman, Denpasar
📍JI. Subur No. 4 Pemecutan Klod, Denpasar Barat
⏰ Open Everyday 09:00 - 22:00 WIB
📲 Admin : 081237200400
🛒 Tokopedia: Pura Pura Ponsel 
🛒 Official Shopee: Pura Pura Ponsel

Kualitas Tidak Pernah Pura Pura
#service #smartphone #iphonebali #android #kredit #purapuraponsel",58,"10/31/2025 19:44",https://www.instagram.com/reel/DQf1zuADFON/,"IG reel",,Lifetime,185462,124541,1655,9,289,31,38
17909452539250405,17841414051683694,purapura.ponsel,"Pura Pura Ponsel","KEBLOCKIR, GANTI AJA ‼️

Bingung mau upgrade handphone tapi kasihan handphone lama tidak terpakai ? Tenang, tukar tambah saja di Pura Pura Ponsel 🥳
Kenapa harus di Pura Pura Ponsel ?
✅ Bisa Tukar Tambah dari series terlama sekalipun
✅ Android ke iPhone ? Bisa banget dong
✅ Banyak BENEFITNYA
✅ Bisa KREDIT dengan DP dan BUNGA 0%
✅ Bisa SPLIT Payment

Dan tentunya handphone lama kalian akan diambil dengan Harga Tinggi 😱

Jadi tunggu apalagi ? Yuk segera datang ke toko yaa 🔥

Info Lebih Lanjut (Click Link on Bio) ✨
📍JI. Kroya No. 3, Kesiman, Denpasar
📍JI. Subur No. 4 Pemecutan Klod, Denpasar Barat
⏰ Open Everyday 09:00 - 22:00 WIB
📲 Admin : 081237200400
🛒 Tokopedia: Pura Pura Ponsel 
🛒 Official Shopee: Pura Pura Ponsel

Kualitas Tidak Pernah Pura Pura
#service #smartphone #iphonebali #android #purapuraponsel",56,"10/31/2025 19:36",https://www.instagram.com/reel/DQf059aDPVF/,"IG reel",,Lifetime,263316,182323,1653,51,200,20,67
18048300779380795,17841414051683694,purapura.ponsel,"Pura Pura Ponsel","GAS GANTI OLI AWAL BULAN 🫣‼️

Buat kalian yang cari Android Brand New maupun second
Pura Pura Ponsel hadir dengan berbagai series
Android yang lengkap dan tentunya dengan PROMO yang ga nanggung nanggung ❗️
Kenapa harus di Pura Pura Ponsel ?
✅ Kualitas barang SAMA
✅ Bergaransi resmi
✅ Banyak BENEFITNYA
✅ Harga lebih TERJANGKAU
✅ Bisa TUKAR TAMBAH dari series apapun
✅ Bisa KREDIT dengan DP dan BUNGA 0%
✅ Bisa SPLIT Payment

Dan tentunya BERKESEMPATAN Lucky Draw setiap pembelian android brand new yang hadiahnya berupa handphone dan voucher hingga jutaan rupiah 😱

Buat kalian yang nggak bisa datang ke toko bisa checkout di toko online Minpur ya ada cashback hingga jutaan rupiah pengiriman cepat, dijamin aman sampai tujuan whoshhh 💨

Info Lebih Lanjut (Click Link on Bio) ✨
📍JI. Kroya No. 3, Kesiman, Denpasar
📍JI. Subur No. 4 Pemecutan Klod, Denpasar Barat
⏰ Open Everyday 09:00 - 22:00 WIB
📲 Admin : 081237200400
🛒 Tokopedia: Pura Pura Ponsel 
🛒 Official Shopee: Pura Pura Ponsel

Kualitas Tidak Pernah Pura Pura
#service #smartphone #iphonebali #android #purapuraponsel",66,"10/31/2025 19:31",https://www.instagram.com/reel/DQf0WZBAkOv/,"IG reel",,Lifetime,239206,140676,2738,26,454,63,64
18081644936098397,17841442251754246,sibliwira,"BLI WIRA","SENORKLE🤪

#sibliwira #reelsvideo #reelsinstagram #reels",70,"10/31/2025 03:12",https://www.instagram.com/reel/DQeD8Ilkcr2/,"IG reel",,Lifetime,180210,97850,5720,278,55,64,0
17861108103515268,17841414051683694,purapura.ponsel,"Pura Pura Ponsel","SPECIAL FOR ANNIVERSARY 🥳

Dalam rangka Anniversary yang ke 5, Pura Pura Ponsel ngadain promo untuk iPhone 13 128Gb Brand new nih gaes 🤩
dari harga 8jutaan menjadi 7.499k saja setiap harinya untuk 3 orang tercepat!

Yuk langsung ke toko sekarang 😜

Pura Pura Ponsel - Toko HP Baru & Second Terlengkap di Denpasar! ✨

Cari iPhone atau Android bekas berkualitas dengan garansi resmi?
Di sini tempatnya! Kami menyediakan beragam pilihan HP bekas yang sudah melewati proses QC ketat, jadi dijamin aman dan terpercaya.

✅ Jual Beli HP Second & Baru
✅ Bergaransi
✅ Tersedia Berbagai Merk: iPhone, Samsung, Xiaomi, Oppo, Vivo, dan lainnya
✅ Bisa Tukar Tambah & Kredit HP (Syarat & Ketentuan Berlaku)

📍 Kunjungi cabang terdekat kami:
- Kesiman: Jl. Kroya No. 3, Kesiman, Denpasar Timur
- Pemecutan Klod: Jl. Subur No. 4, Pemecutan Klod, Denpasar Barat

⏰ Buka setiap hari pukul 09:00 - 22:00 WITA.

📲 Hubungi kami untuk info stok & pemesanan: 081237200400
🌐 Cek promo terbaru di website kami: purapuraponsel.com
🛒 Belanja online aman di Tokopedia & Shopee: Pura Pura Ponsel Official

Kualitas Tidak Pernah Pura Pura.
#purapuraponsel #viral #fyp #xyzbca #reelsinstagram",54,"10/27/2025 06:26",https://www.instagram.com/reel/DQUHaeVk2SS/,"IG reel",,Lifetime,66094,51244,449,34,6,10,12
17887197399381658,17841402129576190,indriani.dina,"Dina Indriani","Unboxing Iphone 17 Pro Max 😍
Akhirnya mendarat juga, beli di @purapura.ponsel biar gak pura-pura punya 😁 cepet banget sampainya tanpa PO PO 😃 

#unboxingiphone17promax #asmriphone17promax #purapuraponsel",174,"10/27/2025 02:23",https://www.instagram.com/reel/DQTqVRtkrL3/,"IG reel",,Lifetime,120471,81225,2715,31,13,40,0
18092097808851541,17841414051683694,purapura.ponsel,"Pura Pura Ponsel","""Cocok buat yang punya masalah. Yang gak punya? Bikin dulu 😎

Pura Pura Ponsel - Toko HP Baru & Second Terlengkap di Denpasar! ✨

Cari iPhone atau Android bekas berkualitas dengan garansi resmi?
Di sini tempatnya! Kami menyediakan beragam pilihan HP bekas yang sudah melewati proses QC ketat, jadi dijamin aman dan terpercaya.

✅ Jual Beli HP Second & Baru
✅ Bergaransi
✅ Tersedia Berbagai Merk: iPhone, Samsung, Xiaomi, Oppo, Vivo, dan lainnya
✅ Bisa Tukar Tambah & Kredit HP (Syarat & Ketentuan Berlaku)

📍 Kunjungi cabang terdekat kami:
- Kesiman: Jl. Kroya No. 3, Kesiman, Denpasar Timur
- Pemecutan Klod: Jl. Subur No. 4, Pemecutan Klod, Denpasar Barat

⏰ Buka setiap hari pukul 09:00 - 22:00 WITA.

📲 Hubungi kami untuk info stok & pemesanan: 081237200400
🌐 Cek promo terbaru di website kami: purapuraponsel.com
🛒 Belanja online aman di Tokopedia & Shopee: Pura Pura Ponsel Official

Kualitas Tidak Pernah Pura Pura.
#purapuraponsel #viral #fyp #xyzbca #reelsinstagram """,0,"10/26/2025 19:00",https://www.instagram.com/p/DQS47JyDh4K/,"IG carousel",,Lifetime,102397,9492,55,3,0,2,0
18045377549416768,17841414051683694,purapura.ponsel,"Pura Pura Ponsel","""Dari jualan iPhone, lanjut party 🎈
Hidup seimbang antara kerja dan hepi 😎

Pura Pura Ponsel - Toko HP Baru & Second Terlengkap di Denpasar! ✨

Cari iPhone atau Android bekas berkualitas dengan garansi resmi?
Di sini tempatnya! Kami menyediakan beragam pilihan HP bekas yang sudah melewati proses QC ketat, jadi dijamin aman dan terpercaya.

✅ Jual Beli HP Second & Baru
✅ Bergaransi
✅ Tersedia Berbagai Merk: iPhone, Samsung, Xiaomi, Oppo, Vivo, dan lainnya
✅ Bisa Tukar Tambah & Kredit HP (Syarat & Ketentuan Berlaku)

📍 Kunjungi cabang terdekat kami:
- Kesiman: Jl. Kroya No. 3, Kesiman, Denpasar Timur
- Pemecutan Klod: Jl. Subur No. 4, Pemecutan Klod, Denpasar Barat

⏰ Buka setiap hari pukul 09:00 - 22:00 WITA.

📲 Hubungi kami untuk info stok & pemesanan: 081237200400
🌐 Cek promo terbaru di website kami: purapuraponsel.com
🛒 Belanja online aman di Tokopedia & Shopee: Pura Pura Ponsel Official

Kualitas Tidak Pernah Pura Pura.
#purapuraponsel #viral #fyp #xyzbca #reelsinstagram """,20,"10/26/2025 03:01",https://www.instagram.com/reel/DQRLEfaitTI/,"IG reel",,Lifetime,31306,19400,80,10,0,2,3
18101818723727869,17841414051683694,purapura.ponsel,"Pura Pura Ponsel","SPECIAL FOR ANNIVERSARY 🥳

Dalam rangka Anniversary yang ke 5, Pura Pura Ponsel ngadain promo untuk iPhone 13 128Gb Brand new nih gaes 🤩
dari harga 8jutaan menjadi 7.499k saja setiap harinya untuk 3 orang tercepat!

Yuk langsung ke toko sekarang 😜

Pura Pura Ponsel - Toko HP Baru & Second Terlengkap di Denpasar! ✨

Cari iPhone atau Android bekas berkualitas dengan garansi resmi?
Di sini tempatnya! Kami menyediakan beragam pilihan HP bekas yang sudah melewati proses QC ketat, jadi dijamin aman dan terpercaya.

✅ Jual Beli HP Second & Baru
✅ Bergaransi
✅ Tersedia Berbagai Merk: iPhone, Samsung, Xiaomi, Oppo, Vivo, dan lainnya
✅ Bisa Tukar Tambah & Kredit HP (Syarat & Ketentuan Berlaku)

📍 Kunjungi cabang terdekat kami:
- Kesiman: Jl. Kroya No. 3, Kesiman, Denpasar Timur
- Pemecutan Klod: Jl. Subur No. 4, Pemecutan Klod, Denpasar Barat

⏰ Buka setiap hari pukul 09:00 - 22:00 WITA.

📲 Hubungi kami untuk info stok & pemesanan: 081237200400
🌐 Cek promo terbaru di website kami: purapuraponsel.com
🛒 Belanja online aman di Tokopedia & Shopee: Pura Pura Ponsel Official

Kualitas Tidak Pernah Pura Pura.
#purapuraponsel #viral #fyp #xyzbca #reelsinstagram",44,"10/26/2025 01:19",https://www.instagram.com/reel/DQQ_cnEE2QH/,"IG reel",,Lifetime,19405,13623,130,12,9,12,9
18056992340640265,17841414051683694,purapura.ponsel,"Pura Pura Ponsel","Yakin dehhh dengan orang ini hp mu akan sembuh😚

Pura Pura Ponsel - Toko HP Baru & Second Terlengkap di Denpasar! ✨

Cari iPhone atau Android bekas berkualitas dengan garansi resmi?
Di sini tempatnya! Kami menyediakan beragam pilihan HP bekas yang sudah melewati proses QC ketat, jadi dijamin aman dan terpercaya.

✅ Jual Beli HP Second & Baru
✅ Bergaransi
✅ Tersedia Berbagai Merk: iPhone, Samsung, Xiaomi, Oppo, Vivo, dan lainnya
✅ Bisa Tukar Tambah & Kredit HP (Syarat & Ketentuan Berlaku)

📍 Kunjungi cabang terdekat kami:
- Kesiman: Jl. Kroya No. 3, Kesiman, Denpasar Timur
- Pemecutan Klod: Jl. Subur No. 4, Pemecutan Klod, Denpasar Barat

⏰ Buka setiap hari pukul 09:00 - 22:00 WITA.

📲 Hubungi kami untuk info stok & pemesanan: 081237200400
🌐 Cek promo terbaru di website kami: purapuraponsel.com
🛒 Belanja online aman di Tokopedia & Shopee: Pura Pura Ponsel Official

Kualitas Tidak Pernah Pura Pura.
#purapuraponsel #viral #fyp #xyzbca #reelsinstagram",82,"10/25/2025 19:01",https://www.instagram.com/reel/DQQUJYSDdK7/,"IG reel",,Lifetime,12615,9821,65,0,1,0,4
18316864345175970,17841414051683694,purapura.ponsel,"Pura Pura Ponsel","""Pulang Kantor Malem Takut ❌ Pulang Kantor Malem Terhibur✅

Pura Pura Ponsel - Toko HP Baru & Second Terlengkap di Denpasar! ✨

Cari iPhone atau Android bekas berkualitas dengan garansi resmi?
Di sini tempatnya! Kami menyediakan beragam pilihan HP bekas yang sudah melewati proses QC ketat, jadi dijamin aman dan terpercaya.

✅ Jual Beli HP Second & Baru
✅ Bergaransi
✅ Tersedia Berbagai Merk: iPhone, Samsung, Xiaomi, Oppo, Vivo, dan lainnya
✅ Bisa Tukar Tambah & Kredit HP (Syarat & Ketentuan Berlaku)

📍 Kunjungi cabang terdekat kami:
- Kesiman: Jl. Kroya No. 3, Kesiman, Denpasar Timur
- Pemecutan Klod: Jl. Subur No. 4, Pemecutan Klod, Denpasar Barat

⏰ Buka setiap hari pukul 09:00 - 22:00 WITA.

📲 Hubungi kami untuk info stok & pemesanan: 081237200400
🌐 Cek promo terbaru di website kami: purapuraponsel.com
🛒 Belanja online aman di Tokopedia & Shopee: Pura Pura Ponsel Official

Kualitas Tidak Pernah Pura Pura.
#purapuraponsel #viral #fyp #xyzbca #reelsinstagram """,15,"10/25/2025 03:01",https://www.instagram.com/reel/DQOmSVfCNDm/,"IG reel",,Lifetime,13359,12689,64,2,0,0,4
18405158914137809,17841400942598516,kingabdi_jajanmercon,"Abdi Jajan Mercon","waduh gimana ini @purapura.ponsel wkwkwkwk dibanting hp nya bapak haji @ivan_gunawan",118,"10/24/2025 07:36",https://www.instagram.com/reel/DQMg_L3kwxy/,"IG reel",,Lifetime,3737879,2723000,149863,239,4713,591,0
18072158465215503,17841414051683694,purapura.ponsel,"Pura Pura Ponsel","""Random bangettt😭

Pura Pura Ponsel - Toko HP Baru & Second Terlengkap di Denpasar! ✨

Cari iPhone atau Android bekas berkualitas dengan garansi resmi?
Di sini tempatnya! Kami menyediakan beragam pilihan HP bekas yang sudah melewati proses QC ketat, jadi dijamin aman dan terpercaya.

✅ Jual Beli HP Second & Baru
✅ Bergaransi
✅ Tersedia Berbagai Merk: iPhone, Samsung, Xiaomi, Oppo, Vivo, dan lainnya
✅ Bisa Tukar Tambah & Kredit HP (Syarat & Ketentuan Berlaku)

📍 Kunjungi cabang terdekat kami:
- Kesiman: Jl. Kroya No. 3, Kesiman, Denpasar Timur
- Pemecutan Klod: Jl. Subur No. 4, Pemecutan Klod, Denpasar Barat

⏰ Buka setiap hari pukul 09:00 - 22:00 WITA.

📲 Hubungi kami untuk info stok & pemesanan: 081237200400
🌐 Cek promo terbaru di website kami: purapuraponsel.com
🛒 Belanja online aman di Tokopedia & Shopee: Pura Pura Ponsel Official

Kualitas Tidak Pernah Pura Pura.
#purapuraponsel #viral #fyp #xyzbca #reelsinstagram """,12,"10/24/2025 03:01",https://www.instagram.com/reel/DQMBgGTD1Xw/,"IG reel",,Lifetime,54191,35374,221,32,3,0,20
18540855022046239,17841414051683694,purapura.ponsel,"Pura Pura Ponsel","Haduh si beli komeng🤣

Pura Pura Ponsel - Toko HP Baru & Second Terlengkap di Denpasar! ✨

Cari iPhone atau Android bekas berkualitas dengan garansi resmi?
Di sini tempatnya! Kami menyediakan beragam pilihan HP bekas yang sudah melewati proses QC ketat, jadi dijamin aman dan terpercaya.

✅ Jual Beli HP Second & Baru
✅ Bergaransi
✅ Tersedia Berbagai Merk: iPhone, Samsung, Xiaomi, Oppo, Vivo, dan lainnya
✅ Bisa Tukar Tambah & Kredit HP (Syarat & Ketentuan Berlaku)

📍 Kunjungi cabang terdekat kami:
- Kesiman: Jl. Kroya No. 3, Kesiman, Denpasar Timur
- Pemecutan Klod: Jl. Subur No. 4, Pemecutan Klod, Denpasar Barat

⏰ Buka setiap hari pukul 09:00 - 22:00 WITA.

📲 Hubungi kami untuk info stok & pemesanan: 081237200400
🌐 Cek promo terbaru di website kami: purapuraponsel.com
🛒 Belanja online aman di Tokopedia & Shopee: Pura Pura Ponsel Official

Kualitas Tidak Pernah Pura Pura.
#purapuraponsel #viral #fyp #xyzbca #reelsinstagram",71,"10/23/2025 04:33",https://www.instagram.com/reel/DQJnRoXiVGy/,"IG reel",,Lifetime,51808,36959,548,42,9,28,13
17918857566057536,17841442251754246,sibliwira,"BLI WIRA","PREPARE HARI RAYA😁

#sibliwira #reelsvideo #reelsinstagram #reels",55,"10/23/2025 03:12",https://www.instagram.com/reel/DQJdhiyEcEV/,"IG reel",,Lifetime,157653,92765,4984,233,45,70,0
17965850894984693,17841414051683694,purapura.ponsel,"Pura Pura Ponsel","Tante Mana Lagi Yang Kamu Goda🤣

Pura Pura Ponsel - Toko HP Baru & Second Terlengkap di Denpasar! ✨

Cari iPhone atau Android bekas berkualitas dengan garansi resmi?
Di sini tempatnya! Kami menyediakan beragam pilihan HP bekas yang sudah melewati proses QC ketat, jadi dijamin aman dan terpercaya.

✅ Jual Beli HP Second & Baru
✅ Bergaransi
✅ Tersedia Berbagai Merk: iPhone, Samsung, Xiaomi, Oppo, Vivo, dan lainnya
✅ Bisa Tukar Tambah & Kredit HP (Syarat & Ketentuan Berlaku)

📍 Kunjungi cabang terdekat kami:
- Kesiman: Jl. Kroya No. 3, Kesiman, Denpasar Timur
- Pemecutan Klod: Jl. Subur No. 4, Pemecutan Klod, Denpasar Barat

⏰ Buka setiap hari pukul 09:00 - 22:00 WITA.

📲 Hubungi kami untuk info stok & pemesanan: 081237200400
🌐 Cek promo terbaru di website kami: purapuraponsel.com
🛒 Belanja online aman di Tokopedia & Shopee: Pura Pura Ponsel Official

Kualitas Tidak Pernah Pura Pura.
#purapuraponsel #viral #fyp #xyzbca #reelsinstagram",43,"10/22/2025 05:03",https://www.instagram.com/reel/DQHF6_ID6ID/,"IG reel",,Lifetime,27252,24121,181,1,3,7,1
17891822802216731,17841414051683694,purapura.ponsel,"Pura Pura Ponsel","Tebak - tebakan bersama King Abdi berhadian Iphone 17 Promax😱

@kingabdi_jajanmercon aja udah mampir nih.. kalian kapan guys ? 

#purapuraponsel #iphone17 #kingabdi #viral #fyp #xyzbca #reelsinstagram #kingabdijajanmercon #kingabdi #kingabdimasterchef",164,"10/21/2025 03:19",https://www.instagram.com/reel/DQEUdlnk33Q/,"IG reel",,Lifetime,67922,55570,929,10,5,6,16
17989523234726409,17841414051683694,purapura.ponsel,"Pura Pura Ponsel","Yuk buruan merapat, stok yang READY di store‼️ 
siapa cepat dia dapat! 🤩🤩

Pura Pura Ponsel - Toko HP Baru & Second Terlengkap di Denpasar! ✨

Cari iPhone atau Android bekas berkualitas dengan garansi resmi?
Di sini tempatnya! Kami menyediakan beragam pilihan HP bekas yang sudah melewati proses QC ketat, jadi dijamin aman dan terpercaya.

✅ Jual Beli HP Second & Baru
✅ Bergaransi
✅ Tersedia Berbagai Merk: iPhone, Samsung, Xiaomi, Oppo, Vivo, dan lainnya
✅ Bisa Tukar Tambah & Kredit HP (Syarat & Ketentuan Berlaku)

📍 Kunjungi cabang terdekat kami:
- Kesiman: Jl. Kroya No. 3, Kesiman, Denpasar Timur
- Pemecutan Klod: Jl. Subur No. 4, Pemecutan Klod, Denpasar Barat

⏰ Buka setiap hari pukul 09:00 - 22:00 WITA.

📲 Hubungi kami untuk info stok & pemesanan: 081237200400
🌐 Cek promo terbaru di website kami: purapuraponsel.com
🛒 Belanja online aman di Tokopedia & Shopee: Pura Pura Ponsel Official

Kualitas Tidak Pernah Pura Pura.
#purapuraponsel #viral #fyp #xyzbca #reelsinstagram",0,"10/20/2025 07:53",https://www.instagram.com/p/DQCP1vvkwcz/,"IG image",,Lifetime,260161,51494,178,36,2,9,5
18044070515463620,17841400942598516,kingabdi_jajanmercon,"Abdi Jajan Mercon","DUNIA HANYA TITIPAN. coba kamu chek. siapa tau titipan kamu ada di @purapura.ponsel",0,"10/20/2025 04:00",https://www.instagram.com/p/DQB1EvNkXvr/,"IG image",,Lifetime,1329656,396772,9179,44,22,92,0
18054254396299749,17841414051683694,purapura.ponsel,"Pura Pura Ponsel","Bukan bug, bukan jatuh… emang gak tahan liat MU 😭🤣

Pura Pura Ponsel - Toko HP Baru & Second Terlengkap di Denpasar! ✨

Cari iPhone atau Android bekas berkualitas dengan garansi resmi?
Di sini tempatnya! Kami menyediakan beragam pilihan HP bekas yang sudah melewati proses QC ketat, jadi dijamin aman dan terpercaya.

✅ Jual Beli HP Second & Baru
✅ Bergaransi
✅ Tersedia Berbagai Merk: iPhone, Samsung, Xiaomi, Oppo, Vivo, dan lainnya
✅ Bisa Tukar Tambah & Kredit HP (Syarat & Ketentuan Berlaku)

📍 Kunjungi cabang terdekat kami:
- Kesiman: Jl. Kroya No. 3, Kesiman, Denpasar Timur
- Pemecutan Klod: Jl. Subur No. 4, Pemecutan Klod, Denpasar Barat

⏰ Buka setiap hari pukul 09:00 - 22:00 WITA.

📲 Hubungi kami untuk info stok & pemesanan: 081237200400
🌐 Cek promo terbaru di website kami: purapuraponsel.com
🛒 Belanja online aman di Tokopedia & Shopee: Pura Pura Ponsel Official

Kualitas Tidak Pernah Pura Pura.
#purapuraponsel #viral #fyp #xyzbca #reelsinstagram",24,"10/19/2025 03:02",https://www.instagram.com/reel/DP_JnsOgknr/,"IG reel",,Lifetime,19131,23150,92,1,3,2,6
18062736284135452,17841414051683694,purapura.ponsel,"Pura Pura Ponsel","""ada apa dengan kangkung sihhhh?🙂‍↕️

Pura Pura Ponsel - Toko HP Baru & Second Terlengkap di Denpasar! ✨

Cari iPhone atau Android bekas berkualitas dengan garansi resmi?
Di sini tempatnya! Kami menyediakan beragam pilihan HP bekas yang sudah melewati proses QC ketat, jadi dijamin aman dan terpercaya.

✅ Jual Beli HP Second & Baru
✅ Bergaransi
✅ Tersedia Berbagai Merk: iPhone, Samsung, Xiaomi, Oppo, Vivo, dan lainnya
✅ Bisa Tukar Tambah & Kredit HP (Syarat & Ketentuan Berlaku)

📍 Kunjungi cabang terdekat kami:
- Kesiman: Jl. Kroya No. 3, Kesiman, Denpasar Timur
- Pemecutan Klod: Jl. Subur No. 4, Pemecutan Klod, Denpasar Barat

⏰ Buka setiap hari pukul 09:00 - 22:00 WITA.

📲 Hubungi kami untuk info stok & pemesanan: 081237200400
🌐 Cek promo terbaru di website kami: purapuraponsel.com
🛒 Belanja online aman di Tokopedia & Shopee: Pura Pura Ponsel Official

Kualitas Tidak Pernah Pura Pura.
#purapuraponsel #viral #fyp #xyzbca #reelsinstagram """,15,"10/18/2025 03:01",https://www.instagram.com/reel/DP8kwoRgjK8/,"IG reel",,Lifetime,14415,11472,75,1,1,2,2
18530559514022578,17841403443955617,xmade_official,"TEAM BERSYUKUR","intine bersyukur :)",83,"10/17/2025 15:40",https://www.instagram.com/reel/DP7WlZvE0Nr/,"IG reel",,Lifetime,37943,24146,612,21,9,17,0
18042629504464954,17841460557348833,arthadashing_,"Artha Dashing","Klet Jawa Vs Klet Bali😭

Tempat makan yang sejuk, banyak promo, makanannya nikmat cuma ada di @nanueaterybali 

Tempat PO Iphone 17 series dengan sejuta benefit dan hadiah utama Kambing hanya di @purapura.ponsel 

#arthadashing #purapuraponsel #nanueatrybali #reels #jawabali",174,"10/17/2025 05:53",https://www.instagram.com/reel/DP6R2j7kTuA/,"IG reel",,Lifetime,71713,57245,695,21,11,11,0
17915343729075012,17841414051683694,purapura.ponsel,"Pura Pura Ponsel","Are you ready for Iphone 17? yukkk kestore sekarang atau bisa dm mimin yaaa🥰

Pura Pura Ponsel - Toko HP Baru & Second Terlengkap
di Denpasar! ✨

Cari iPhone atau Android bekas berkualitas dengan
garansi resmi?
Di sini tempatnya! Kami menyediakan beragam pilihan
HP bekas yang sudah melewati proses QC ketat, jadi
dijamin aman dan terpercaya.

✅ Jual Beli HP Second & Baru
✅ Bergaransi
✅ Tersedia Berbagai Merk: iPhone, Samsung, Xiaomi,
Oppo, Vivo, dan lainnya
✅ Bisa Tukar Tambah & Kredit HP (Syarat & Ketentuan
Berlaku)

📍 Kunjungi cabang terdekat kami:
- Kesiman: Jl. Kroya No. 3, Kesiman, Denpasar Timur
- Pemecutan Klod: Jl. Subur No. 4, Pemecutan Klod,
Denpasar Barat

⏰ Buka setiap hari pukul 09:00 - 22:00 WITA.

📲 Hubungi kami untuk info stok & pemesanan:
081237200400
🌐 Cek promo terbaru di website kami:
purapuraponsel.com
🛒 Belanja online aman di Tokopedia & Shopee: Pura
Pura Ponsel Official

Kualitas Tidak Pernah Pura Pura.
#purapuraponsel #viral #fyp #xyzbca #reelsinstagram",42,"10/17/2025 03:12",https://www.instagram.com/reel/DP6BNwYkvQ7/,"IG reel",,Lifetime,11519,8478,82,11,4,2,3
18201890002314957,17841442251754246,sibliwira,"BLI WIRA","PO Iphone 17 series di @purapura.ponsel ya
Unit sudah pasti dapat, mengingat di luar sana stock terbatas guys
Dan dapatkan benefit jutaan rupiah dan hadiah utama kambing !

#sibliwira #reelsvideo #reelsinstagram #reels",37,"10/15/2025 03:14",https://www.instagram.com/reel/DP03uANEdqH/,"IG reel",,Lifetime,463507,260602,30317,1084,213,190,0
18088729075728773,17841414051683694,purapura.ponsel,"Pura Pura Ponsel","hmmmm bosen atau nafsu?🥶

Pura Pura Ponsel - Toko HP Baru & Second Terlengkap di Denpasar! ✨

Cari iPhone atau Android bekas berkualitas dengan garansi resmi?
Di sini tempatnya! Kami menyediakan beragam pilihan HP bekas yang sudah melewati proses QC ketat, jadi dijamin aman dan terpercaya.

✅ Jual Beli HP Second & Baru
✅ Bergaransi
✅ Tersedia Berbagai Merk: iPhone, Samsung, Xiaomi, Oppo, Vivo, dan lainnya
✅ Bisa Tukar Tambah & Kredit HP (Syarat & Ketentuan Berlaku)

📍 Kunjungi cabang terdekat kami:
- Kesiman: Jl. Kroya No. 3, Kesiman, Denpasar Timur
- Pemecutan Klod: Jl. Subur No. 4, Pemecutan Klod, Denpasar Barat

⏰ Buka setiap hari pukul 09:00 - 22:00 WITA.

📲 Hubungi kami untuk info stok & pemesanan: 081237200400
🌐 Cek promo terbaru di website kami: purapuraponsel.com
🛒 Belanja online aman di Tokopedia & Shopee: Pura Pura Ponsel Official

Kualitas Tidak Pernah Pura Pura.
#purapuraponsel #viral #fyp #xyzbca #reelsinstagram",16,"10/14/2025 19:01",https://www.instagram.com/reel/DPz_aYeDBAZ/,"IG reel",,Lifetime,121384,61814,1469,191,2,24,97
18071327699334287,17841403237713917,telagabagus,"TELAGA BAGUS","Ada yang sama gak semeton? punya temen benalu! Yuk komen di bawah

Yuk PO iphone 17 series DP cuma 300K di @purapura.ponsel unit lengkap di jamin pasti dapat unit sesuai harapan
Dan jangan lupa pesen safari ataupun busana adat lainnya hanya di @telagabagus bisa custom sesuka hati❤️

By : @arthadashing_
@hyper.id_8 

#telagabagus #busanaadatbali #arthadashing #purapuraponsel #safari #kemeja",226,"10/14/2025 06:05",https://www.instagram.com/reel/DPyktQ7j2bP/,"IG reel",,Lifetime,73018,58078,661,5,2,5,0
17872121100441073,17841414051683694,purapura.ponsel,"Pura Pura Ponsel","""Tukang sorot menyorot sampai mata melotot🤫

Pura Pura Ponsel - Toko HP Baru & Second Terlengkap di Denpasar! ✨

Cari iPhone atau Android bekas berkualitas dengan garansi resmi?
Di sini tempatnya! Kami menyediakan beragam pilihan HP bekas yang sudah melewati proses QC ketat, jadi dijamin aman dan terpercaya.

✅ Jual Beli HP Second & Baru
✅ Bergaransi
✅ Tersedia Berbagai Merk: iPhone, Samsung, Xiaomi, Oppo, Vivo, dan lainnya
✅ Bisa Tukar Tambah & Kredit HP (Syarat & Ketentuan Berlaku)

📍 Kunjungi cabang terdekat kami:
- Kesiman: Jl. Kroya No. 3, Kesiman, Denpasar Timur
- Pemecutan Klod: Jl. Subur No. 4, Pemecutan Klod, Denpasar Barat

⏰ Buka setiap hari pukul 09:00 - 22:00 WITA.

📲 Hubungi kami untuk info stok & pemesanan: 081237200400
🌐 Cek promo terbaru di website kami: purapuraponsel.com
🛒 Belanja online aman di Tokopedia & Shopee: Pura Pura Ponsel Official

Kualitas Tidak Pernah Pura Pura.
#purapuraponsel #viral #fyp #xyzbca #reelsinstagram """,11,"10/13/2025 19:01",https://www.instagram.com/reel/DPxaqVGjFkT/,"IG reel",,Lifetime,88838,46922,732,604,7,20,138
18083993890784048,17841414051683694,purapura.ponsel,"Pura Pura Ponsel","Pertama kali peluk cewekkk, wehh asli gemeter wehhh, tremorrr🥴

Pura Pura Ponsel - Toko HP Baru & Second Terlengkap di Denpasar! ✨

Cari iPhone atau Android bekas berkualitas dengan garansi resmi?
Di sini tempatnya! Kami menyediakan beragam pilihan HP bekas yang sudah melewati proses QC ketat, jadi dijamin aman dan terpercaya.

✅ Jual Beli HP Second & Baru
✅ Bergaransi
✅ Tersedia Berbagai Merk: iPhone, Samsung, Xiaomi, Oppo, Vivo, dan lainnya
✅ Bisa Tukar Tambah & Kredit HP (Syarat & Ketentuan Berlaku)

📍 Kunjungi cabang terdekat kami:
- Kesiman: Jl. Kroya No. 3, Kesiman, Denpasar Timur
- Pemecutan Klod: Jl. Subur No. 4, Pemecutan Klod, Denpasar Barat

⏰ Buka setiap hari pukul 09:00 - 22:00 WITA.

📲 Hubungi kami untuk info stok & pemesanan: 081237200400
🌐 Cek promo terbaru di website kami: purapuraponsel.com
🛒 Belanja online aman di Tokopedia & Shopee: Pura Pura Ponsel Official

Kualitas Tidak Pernah Pura Pura.
#purapuraponsel #viral #fyp #xyzbca #reelsinstagram",43,"10/12/2025 19:01",https://www.instagram.com/reel/DPu123IkeuH/,"IG reel",,Lifetime,55110,41128,1286,218,9,11,63
18296480197259812,17841414051683694,purapura.ponsel,"Pura Pura Ponsel","Aruhhhh tonnn kok bise keto ton?

yuk segera ikutan PO 17 yang berhadiah KAMBING😱🐐

Pura Pura Ponsel - Toko HP Baru & Second Terlengkap di Denpasar! ✨

Cari iPhone atau Android bekas berkualitas dengan garansi resmi?
Di sini tempatnya! Kami menyediakan beragam pilihan HP bekas yang sudah melewati proses QC ketat, jadi dijamin aman dan terpercaya.

✅ Jual Beli HP Second & Baru
✅ Bergaransi
✅ Tersedia Berbagai Merk: iPhone, Samsung, Xiaomi, Oppo, Vivo, dan lainnya
✅ Bisa Tukar Tambah & Kredit HP (Syarat & Ketentuan Berlaku)

📍 Kunjungi cabang terdekat kami:
- Kesiman: Jl. Kroya No. 3, Kesiman, Denpasar Timur
- Pemecutan Klod: Jl. Subur No. 4, Pemecutan Klod, Denpasar Barat

⏰ Buka setiap hari pukul 09:00 - 22:00 WITA.

📲 Hubungi kami untuk info stok & pemesanan: 081237200400
🌐 Cek promo terbaru di website kami: purapuraponsel.com
🛒 Belanja online aman di Tokopedia & Shopee: Pura Pura Ponsel Official

Kualitas Tidak Pernah Pura Pura.
#purapuraponsel #viral #fyp #xyzbca #reelsinstagram",70,"10/11/2025 19:40",https://www.instagram.com/reel/DPsVE6Vk_cc/,"IG reel",,Lifetime,461495,290676,6327,142,25,128,229
18108945121591104,17841414051683694,purapura.ponsel,"Pura Pura Ponsel","aduhhhh gawat sih ini, ini yang cowok kurang peka atau.......?😬

Pura Pura Ponsel - Toko HP Baru & Second Terlengkap di Denpasar! ✨

Cari iPhone atau Android bekas berkualitas dengan garansi resmi?
Di sini tempatnya! Kami menyediakan beragam pilihan HP bekas yang sudah melewati proses QC ketat, jadi dijamin aman dan terpercaya.

✅ Jual Beli HP Second & Baru
✅ Bergaransi
✅ Tersedia Berbagai Merk: iPhone, Samsung, Xiaomi, Oppo, Vivo, dan lainnya
✅ Bisa Tukar Tambah & Kredit HP (Syarat & Ketentuan Berlaku)

📍 Kunjungi cabang terdekat kami:
- Kesiman: Jl. Kroya No. 3, Kesiman, Denpasar Timur
- Pemecutan Klod: Jl. Subur No. 4, Pemecutan Klod, Denpasar Barat

⏰ Buka setiap hari pukul 09:00 - 22:00 WITA.

📲 Hubungi kami untuk info stok & pemesanan: 081237200400
🌐 Cek promo terbaru di website kami: purapuraponsel.com
🛒 Belanja online aman di Tokopedia & Shopee: Pura Pura Ponsel Official

Kualitas Tidak Pernah Pura Pura.
#purapuraponsel #viral #fyp #xyzbca #reelsinstagram",12,"10/11/2025 19:01",https://www.instagram.com/reel/DPsRCqBDLfV/,"IG reel",,Lifetime,33946,21078,176,8,3,18,5
17860657893508152,17841442251754246,sibliwira,"BLI WIRA","MAKAN WITH TIN TINNNN

#sibliwira #reelsvideo #reelsinstagram #reels",54,"10/11/2025 03:18",https://www.instagram.com/reel/DPqlDQBkbc2/,"IG reel",,Lifetime,379291,228687,16445,531,252,177,0
17922535398165041,17841414051683694,purapura.ponsel,"Pura Pura Ponsel","ada yang tau kenapa ? 
komen di bawah buruan ya☺️👇🏻

Pura Pura Ponsel - Toko HP Baru & Second Terlengkap di Denpasar! ✨

Cari iPhone atau Android bekas berkualitas dengan garansi resmi?
Di sini tempatnya! Kami menyediakan beragam pilihan HP bekas yang sudah melewati proses QC ketat, jadi dijamin aman dan terpercaya.

✅ Jual Beli HP Second & Baru
✅ Bergaransi
✅ Tersedia Berbagai Merk: iPhone, Samsung, Xiaomi, Oppo, Vivo, dan lainnya
✅ Bisa Tukar Tambah & Kredit HP (Syarat & Ketentuan Berlaku)

📍 Kunjungi cabang terdekat kami:
- Kesiman: Jl. Kroya No. 3, Kesiman, Denpasar Timur
- Pemecutan Klod: Jl. Subur No. 4, Pemecutan Klod, Denpasar Barat

⏰ Buka setiap hari pukul 09:00 - 22:00 WITA.

📲 Hubungi kami untuk info stok & pemesanan: 081237200400
🌐 Cek promo terbaru di website kami: purapuraponsel.com
🛒 Belanja online aman di Tokopedia & Shopee: Pura Pura Ponsel Official

Kualitas Tidak Pernah Pura Pura.
#purapuraponsel #viral #fyp #xyzbca #reelsinstagram",18,"10/11/2025 03:01",https://www.instagram.com/reel/DPqjI2vgke1/,"IG reel",,Lifetime,71197,41409,462,29,4,202,7
17973844313936424,17841414051683694,purapura.ponsel,"Pura Pura Ponsel","DEMI IPHONE 17 PRO MAX😌 bahaya bgt nich🙂‍↔️

Pura Pura Ponsel - Toko HP Baru & Second Terlengkap di Denpasar! ✨

Cari iPhone atau Android bekas berkualitas dengan garansi resmi?
Di sini tempatnya! Kami menyediakan beragam pilihan HP bekas yang sudah melewati proses QC ketat, jadi dijamin aman dan terpercaya.

✅ Jual Beli HP Second & Baru
✅ Bergaransi
✅ Tersedia Berbagai Merk: iPhone, Samsung, Xiaomi, Oppo, Vivo, dan lainnya
✅ Bisa Tukar Tambah & Kredit HP (Syarat & Ketentuan Berlaku)

📍 Kunjungi cabang terdekat kami:
- Kesiman: Jl. Kroya No. 3, Kesiman, Denpasar Timur
- Pemecutan Klod: Jl. Subur No. 4, Pemecutan Klod, Denpasar Barat

⏰ Buka setiap hari pukul 09:00 - 22:00 WITA.

📲 Hubungi kami untuk info stok & pemesanan: 081237200400
🌐 Cek promo terbaru di website kami: purapuraponsel.com
🛒 Belanja online aman di Tokopedia & Shopee: Pura Pura Ponsel Official

Kualitas Tidak Pernah Pura Pura.
#purapuraponsel #viral #fyp #xyzbca #reelsinstagram",0,"10/10/2025 19:00",https://www.instagram.com/p/DPpsMVhiGpD/,"IG image",,Lifetime,115771,31563,243,28,2,13,4
17850168069568899,17841414051683694,purapura.ponsel,"Pura Pura Ponsel","maafkan papa nak🥹

Pura Pura Ponsel - Toko HP Baru & Second Terlengkap di Denpasar! ✨

Cari iPhone atau Android bekas berkualitas dengan garansi resmi?
Di sini tempatnya! Kami menyediakan beragam pilihan HP bekas yang sudah melewati proses QC ketat, jadi dijamin aman dan terpercaya.

✅ Jual Beli HP Second & Baru
✅ Bergaransi
✅ Tersedia Berbagai Merk: iPhone, Samsung, Xiaomi, Oppo, Vivo, dan lainnya
✅ Bisa Tukar Tambah & Kredit HP (Syarat & Ketentuan Berlaku)

📍 Kunjungi cabang terdekat kami:
- Kesiman: Jl. Kroya No. 3, Kesiman, Denpasar Timur
- Pemecutan Klod: Jl. Subur No. 4, Pemecutan Klod, Denpasar Barat

⏰ Buka setiap hari pukul 09:00 - 22:00 WITA.

📲 Hubungi kami untuk info stok & pemesanan: 081237200400
🌐 Cek promo terbaru di website kami: purapuraponsel.com
🛒 Belanja online aman di Tokopedia & Shopee: Pura Pura Ponsel Official

Kualitas Tidak Pernah Pura Pura.
#purapuraponsel #viral #fyp #xyzbca #reelsinstagram",0,"10/10/2025 03:00",https://www.instagram.com/p/DPn-S1CgakP/,"IG carousel",,Lifetime,91954,17118,205,12,1,0,4
18316305574233495,17841414051683694,purapura.ponsel,"Pura Pura Ponsel","Kamera kalian burik? HP kalian panas? Kepo dengan musik yang kalian dengar? 🤔🫣
atauuu.........🧐

Kamera burik? ngelag? retak? lumutan?
BUANG AJA!!!! candaaa.....yuk gaesss daripada galau mending beli HP di Pura Pura Ponsel tentunya dengan banyak promo yaa gaesss😎😱

Pura Pura Ponsel - Toko HP Baru & Second Denpasar!
Jual Beli iPhone & Android Bekas Bergaransi & Terlengkap.

📍 Cabang Kesiman: Jl. Kroya No. 3, Kesiman, Denpasar Timur
📍 Cabang Pemecutan Klod: Jl. Subur No. 4, Pemecutan Klod, Denpasar Barat

⏰ Buka Setiap Hari: 09:00 - 22:00 WITA⁣⁣⁣⁣⁣⁣⁣⁣⁣⁣⁣⁣⁣⁣⁣⁣⁣⁣⁣⁣⁣⁣⁣⁣⁣⁣⁣⁣⁣⁣

📲 Info & Pemesanan: 081237200400
🌐 Cek Stok & Promo Lengkap di: purapuraponsel.com
🛒 Tokopedia: Pura Pura Ponsel Official
🛒 Shopee: Pura Pura Ponsel
---
Kualitas Tidak Pernah Pura Pura

#tokohpdenpasar #hpseconddenpasar #hpbekasdenpasar #jualbelihpdenpasar #iphonedenpasar #androiddenpasar #iphonebekas #androidbekas #promo #kredithpdenpasar #servicehpdenpasar #purapuraponsel #iphonemurahdenpasar #purapuraponselcom",26,"08/02/2025 03:01",https://www.instagram.com/reel/DM2TjGFsIfi/,"IG reel",,Lifetime,16276,9865,115,6,1,0,17
17852620554460581,17841414051683694,purapura.ponsel,"Pura Pura Ponsel","Kalian pecinta apple product ? Belum lengkap kalau belum koleksi semuanya nih 🙈
Transfer data yang mudah, sikronisasi antar perangkat, serta pengalaman pengguna yang konsisten di semua perangkat. 

Kenapa harus di Pura Pura Ponsel ?
Kualitas barang SAMA ✅
Bergaransi resmi ✅
Banyak BENEFITNYA ✅
Harga lebih TERJANGKAU ✅
Bisa KREDIT dengan DP dan BUNGA 0% ✅

Dan buat kalian yang belum sempat datang ke toko, bisa checkout di toko online Minpur ya. Packing aman, lengkap dan cepat sampai tujuan 💨
Jadi tunggu apalagi ? yuk segera datang ke toko 🔥

Pura Pura Ponsel - Toko HP Baru & Second Denpasar!
Jual Beli iPhone & Android Bekas Bergaransi & Terlengkap.

📍 Cabang Kesiman: Jl. Kroya No. 3, Kesiman, Denpasar Timur
📍 Cabang Pemecutan Klod: Jl. Subur No. 4, Pemecutan Klod, Denpasar Barat

⏰ Buka Setiap Hari: 09:00 - 22:00 WITA⁣⁣⁣⁣⁣⁣⁣⁣⁣⁣⁣⁣⁣⁣⁣⁣⁣⁣⁣⁣⁣⁣⁣⁣⁣⁣⁣⁣⁣⁣

📲 Info & Pemesanan: 081237200400
🌐 Cek Stok & Promo Lengkap di: purapuraponsel.com
🛒 Tokopedia: Pura Pura Ponsel Official
🛒 Shopee: Pura Pura Ponsel
---
Kualitas Tidak Pernah Pura Pura

#tokohpdenpasar #hpseconddenpasar #hpbekasdenpasar #jualbelihpdenpasar #iphonedenpasar #androiddenpasar #iphonebekas #androidbekas #promo #kredithpdenpasar #servicehpdenpasar #purapuraponsel #iphonemurahdenpasar #purapuraponselcom",0,"08/02/2025 18:00",https://www.instagram.com/p/DM36g73oFww/,"IG carousel",,Lifetime,153235,32740,9316,8,7,42,51
18060409094040528,17841414051683694,purapura.ponsel,"Pura Pura Ponsel","Indahnya saling mengingatkan🙏🏻😊

Sudah saat nya kita saling berbagi
Asalkan udah sukla dan halal aman ton
Indahnya saling bertoleransi
Ingetin ngejot nggih ton🙏🏻😁

Pura Pura Ponsel - Toko HP Baru & Second Denpasar!
Jual Beli iPhone & Android Bekas Bergaransi & Terlengkap.

📍 Cabang Kesiman: Jl. Kroya No. 3, Kesiman, Denpasar Timur
📍 Cabang Pemecutan Klod: Jl. Subur No. 4, Pemecutan Klod, Denpasar Barat

⏰ Buka Setiap Hari: 09:00 - 22:00 WITA⁣⁣⁣⁣⁣⁣⁣⁣⁣⁣⁣⁣⁣⁣⁣⁣⁣⁣⁣⁣⁣⁣⁣⁣⁣⁣⁣⁣⁣⁣

📲 Info & Pemesanan: 081237200400
🌐 Cek Stok & Promo Lengkap di: purapuraponsel.com
🛒 Tokopedia: Pura Pura Ponsel Official
🛒 Shopee: Pura Pura Ponsel
---
Kualitas Tidak Pernah Pura Pura

#tokohpdenpasar #hpseconddenpasar #hpbekasdenpasar #jualbelihpdenpasar #iphonedenpasar #androiddenpasar #iphonebekas #androidbekas #promo #kredithpdenpasar #servicehpdenpasar #purapuraponsel #iphonemurahdenpasar #purapuraponselcom",48,"08/03/2025 03:15",https://www.instagram.com/reel/DM455wpSFlT/,"IG reel",,Lifetime,43736,29072,953,27,4,6,23
17859680364460905,17841409548539405,sengot_bali,sengot_bali,"BERBUAT BAIK ITU PENTING,TAPI HARUS TEPAT SASARAN🤣
@purapura.ponsel",195,"08/04/2025 22:24",https://www.instagram.com/reel/DM9h4rGxdwi/,"IG reel",,Lifetime,15640,8533,306,1,3,6,0
18380108347127041,17841414051683694,purapura.ponsel,"Pura Pura Ponsel","Laki-laki tak bercerita🫣 tapii sebenarnya rajin dan ceria🤣

Sebenarnya rajin, tapi ya jangan di ketara juga ahhhhhhh kan bawaanya males aje udahh😫

Pura Pura Ponsel - Toko HP Baru & Second Denpasar!
Jual Beli iPhone & Android Bekas Bergaransi & Terlengkap.

📍 Cabang Kesiman: Jl. Kroya No. 3, Kesiman, Denpasar Timur
📍 Cabang Pemecutan Klod: Jl. Subur No. 4, Pemecutan Klod, Denpasar Barat

⏰ Buka Setiap Hari: 09:00 - 22:00 WITA⁣⁣⁣⁣⁣⁣⁣⁣⁣⁣⁣⁣⁣⁣⁣⁣⁣⁣⁣⁣⁣⁣⁣⁣⁣⁣⁣⁣⁣⁣

📲 Info & Pemesanan: 081237200400
🌐 Cek Stok & Promo Lengkap di: purapuraponsel.com
🛒 Tokopedia: Pura Pura Ponsel Official
🛒 Shopee: Pura Pura Ponsel
---
Kualitas Tidak Pernah Pura Pura

#tokohpdenpasar #hpseconddenpasar #hpbekasdenpasar #jualbelihpdenpasar #iphonedenpasar #androiddenpasar #iphonebekas #androidbekas #promo #kredithpdenpasar #servicehpdenpasar #purapuraponsel #iphonemurahdenpasar #purapuraponselcom",25,"08/05/2025 03:01",https://www.instagram.com/reel/DM-B78RND9k/,"IG reel",,Lifetime,12300,7756,112,2,0,6,1
18070509562881042,17841414051683694,purapura.ponsel,"Pura Pura Ponsel","Yang typo sebelah maneeee???🧐

Pura Pura Ponsel - Toko HP Baru & Second Denpasar!
Jual Beli iPhone & Android Bekas Bergaransi & Terlengkap.

📍 Cabang Kesiman: Jl. Kroya No. 3, Kesiman, Denpasar Timur
📍 Cabang Pemecutan Klod: Jl. Subur No. 4, Pemecutan Klod, Denpasar Barat

⏰ Buka Setiap Hari: 09:00 - 22:00 WITA⁣⁣⁣⁣⁣⁣⁣⁣⁣⁣⁣⁣⁣⁣⁣⁣⁣⁣⁣⁣⁣⁣⁣⁣⁣⁣⁣⁣⁣⁣

📲 Info & Pemesanan: 081237200400
🌐 Cek Stok & Promo Lengkap di: purapuraponsel.com
🛒 Tokopedia: Pura Pura Ponsel Official
🛒 Shopee: Pura Pura Ponsel
---
Kualitas Tidak Pernah Pura Pura

#tokohpdenpasar #hpseconddenpasar #hpbekasdenpasar #jualbelihpdenpasar #iphonedenpasar #androiddenpasar #iphonebekas #androidbekas #promo #kredithpdenpasar #servicehpdenpasar #purapuraponsel #iphonemurahdenpasar #purapuraponselcom",10,"08/07/2025 03:01",https://www.instagram.com/reel/DNDLeE5tYk_/,"IG reel",,Lifetime,25222,12354,142,1,1,0,1
18081769006862291,17841414051683694,purapura.ponsel,"Pura Pura Ponsel","Kelola lah Sampahmu Sendiri
solusi yang bagus😂👍🏻

Pura Pura Ponsel - Toko HP Baru & Second Denpasar!
Jual Beli iPhone & Android Bekas Bergaransi & Terlengkap.

📍 Cabang Kesiman: Jl. Kroya No. 3, Kesiman, Denpasar Timur
📍 Cabang Pemecutan Klod: Jl. Subur No. 4, Pemecutan Klod, Denpasar Barat

⏰ Buka Setiap Hari: 09:00 - 22:00 WITA⁣⁣⁣⁣⁣⁣⁣⁣⁣⁣⁣⁣⁣⁣⁣⁣⁣⁣⁣⁣⁣⁣⁣⁣⁣⁣⁣⁣⁣⁣

📲 Info & Pemesanan: 081237200400
🌐 Cek Stok & Promo Lengkap di: purapuraponsel.com
🛒 Tokopedia: Pura Pura Ponsel Official
🛒 Shopee: Pura Pura Ponsel
---
Kualitas Tidak Pernah Pura Pura

#tokohpdenpasar #hpseconddenpasar #hpbekasdenpasar #jualbelihpdenpasar #iphonedenpasar #androiddenpasar #iphonebekas #androidbekas #promo #kredithpdenpasar #servicehpdenpasar #purapuraponsel #iphonemurahdenpasar #purapuraponselcom",29,"08/07/2025 18:47",https://www.instagram.com/reel/DNE3tajzUy5/,"IG reel",,Lifetime,26183,16308,248,4,0,0,2
18134446180428929,17841409548539405,sengot_bali,sengot_bali,"KETUT BINGUNG ANTARA MELI HP ATAU MAYAH CICILAN🤣
AHIRNE PAYU MELI HP KE @purapura.ponsel",204,"08/07/2025 21:51",https://www.instagram.com/reel/DNFMpD8xu59/,"IG reel",,Lifetime,14041,8079,226,1,0,0,0
17901357798237991,17841414051683694,purapura.ponsel,"Pura Pura Ponsel","BUTUH DORONGAN CUMAN TAKUT GLEDEK🤫

Pura Pura Ponsel - Toko HP Baru & Second Denpasar!
Jual Beli iPhone & Android Bekas Bergaransi & Terlengkap.

📍 Cabang Kesiman: Jl. Kroya No. 3, Kesiman, Denpasar Timur
📍 Cabang Pemecutan Klod: Jl. Subur No. 4, Pemecutan Klod, Denpasar Barat

⏰ Buka Setiap Hari: 09:00 - 22:00 WITA⁣⁣⁣⁣⁣⁣⁣⁣⁣⁣⁣⁣⁣⁣⁣⁣⁣⁣⁣⁣⁣⁣⁣⁣⁣⁣⁣⁣⁣⁣

📲 Info & Pemesanan: 081237200400
🌐 Cek Stok & Promo Lengkap di: purapuraponsel.com
🛒 Tokopedia: Pura Pura Ponsel Official
🛒 Shopee: Pura Pura Ponsel
---
Kualitas Tidak Pernah Pura Pura

#tokohpdenpasar #hpseconddenpasar #hpbekasdenpasar #jualbelihpdenpasar #iphonedenpasar #androiddenpasar #iphonebekas #androidbekas #promo #kredithpdenpasar #servicehpdenpasar #purapuraponsel #iphonemurahdenpasar #purapuraponselcom",26,"08/08/2025 03:02",https://www.instagram.com/reel/DNFweNaPzGS/,"IG reel",,Lifetime,17115,10775,114,14,0,2,0
18064465424190198,17841414051683694,purapura.ponsel,"Pura Pura Ponsel","Sorot terussss😱🤤

Pura Pura Ponsel - Toko HP Baru & Second Denpasar!
Jual Beli iPhone & Android Bekas Bergaransi & Terlengkap.

📍 Cabang Kesiman: Jl. Kroya No. 3, Kesiman, Denpasar Timur
📍 Cabang Pemecutan Klod: Jl. Subur No. 4, Pemecutan Klod, Denpasar Barat

⏰ Buka Setiap Hari: 09:00 - 22:00 WITA⁣⁣⁣⁣⁣⁣⁣⁣⁣⁣⁣⁣⁣⁣⁣⁣⁣⁣⁣⁣⁣⁣⁣⁣⁣⁣⁣⁣⁣⁣

📲 Info & Pemesanan: 081237200400
🌐 Cek Stok & Promo Lengkap di: purapuraponsel.com
🛒 Tokopedia: Pura Pura Ponsel Official
🛒 Shopee: Pura Pura Ponsel
---
Kualitas Tidak Pernah Pura Pura

#tokohpdenpasar #hpseconddenpasar #hpbekasdenpasar #jualbelihpdenpasar #iphonedenpasar #androiddenpasar #iphonebekas #androidbekas #promo #kredithpdenpasar #servicehpdenpasar #purapuraponsel #iphonemurahdenpasar #purapuraponselcom",17,"08/09/2025 03:00",https://www.instagram.com/reel/DNIVCZlxlFM/,"IG reel",,Lifetime,32717,15839,103,4,0,4,4
17967559532937011,17841414051683694,purapura.ponsel,"Pura Pura Ponsel","BINGUNG BUANG SAMPAH DIMANA ?

Jangan bingung yaaa, banyak promo dan dapatkan free disetiap payment loh 😆
Setiap pembelian android brand new berkesempatan Lucky Draw yang hadiahnya HANDPHONE hingga VOUCHER BELANJA  jutaan rupiah. Jangan sampai ketinggalan momennya yaa yuk segera datang ke toko 😍💨

BTW tanggapan kalian dengan isu yang beredar sekarang gimana gaes ? 

Pura Pura Ponsel - Toko HP Baru & Second Denpasar!
Jual Beli iPhone & Android Bekas Bergaransi & Terlengkap.

📍 Cabang Kesiman: Jl. Kroya No. 3, Kesiman, Denpasar Timur
📍 Cabang Pemecutan Klod: Jl. Subur No. 4, Pemecutan Klod, Denpasar Barat

⏰ Buka Setiap Hari: 09:00 - 22:00 WITA⁣⁣⁣⁣⁣⁣⁣⁣⁣⁣⁣⁣⁣⁣⁣⁣⁣⁣⁣⁣⁣⁣⁣⁣⁣⁣⁣⁣⁣⁣

📲 Info & Pemesanan: 081237200400
🌐 Cek Stok & Promo Lengkap di: purapuraponsel.com
🛒 Tokopedia: Pura Pura Ponsel Official
🛒 Shopee: Pura Pura Ponsel
---
Kualitas Tidak Pernah Pura Pura

#tokohpdenpasar #hpseconddenpasar #hpbekasdenpasar #jualbelihpdenpasar #iphonedenpasar #androiddenpasar #iphonebekas #androidbekas #promo #kredithpdenpasar #servicehpdenpasar #purapuraponsel #iphonemurahdenpasar #purapuraponselcom #viral #fyp #xyzbca #reelsinstagram",17,"08/09/2025 21:01",https://www.instagram.com/reel/DNKQqP0pnJI/,"IG reel",,Lifetime,16620,10739,68,3,0,2,1
18006078737796045,17841414051683694,purapura.ponsel,"Pura Pura Ponsel","Apatuhhh mie nyemek?🤣

Pura Pura Ponsel - Toko HP Baru & Second Denpasar!
Jual Beli iPhone & Android Bekas Bergaransi & Terlengkap.

📍 Cabang Kesiman: Jl. Kroya No. 3, Kesiman, Denpasar Timur
📍 Cabang Pemecutan Klod: Jl. Subur No. 4, Pemecutan Klod, Denpasar Barat

⏰ Buka Setiap Hari: 09:00 - 22:00 WITA⁣⁣⁣⁣⁣⁣⁣⁣⁣⁣⁣⁣⁣⁣⁣⁣⁣⁣⁣⁣⁣⁣⁣⁣⁣⁣⁣⁣⁣⁣

📲 Info & Pemesanan: 081237200400
🌐 Cek Stok & Promo Lengkap di: purapuraponsel.com
🛒 Tokopedia: Pura Pura Ponsel Official
🛒 Shopee: Pura Pura Ponsel
---
Kualitas Tidak Pernah Pura Pura

#tokohpdenpasar #hpseconddenpasar #hpbekasdenpasar #jualbelihpdenpasar #iphonedenpasar #androiddenpasar #iphonebekas #androidbekas #promo #kredithpdenpasar #servicehpdenpasar #purapuraponsel #iphonemurahdenpasar #purapuraponselcom",49,"08/10/2025 03:02",https://www.instagram.com/reel/DNK59ZupOzB/,"IG reel",,Lifetime,55023,34680,548,12,8,9,8
18472355467078676,17841442251754246,sibliwira,"BLI WIRA","MIMPI DI SIANG BOLONG

#sibliwira #reelsvideo #reelsinstagram #reels",43,"08/10/2025 03:11",https://www.instagram.com/reel/DNK60s0TdGU/,"IG reel",,Lifetime,171086,104572,4828,82,18,29,0
17895976551146412,17841414051683694,purapura.ponsel,"Pura Pura Ponsel","Jangan sok-sok an beli Iphone dehh kalau kalian masih gak tau fitur-fitur ini😠🫣

Yuk ditonton sampai habis ya gaess😇 kalo kalian masih mau beli iphone dan mau iphone kalian terselamatkan simak videonya sampai akhir🤗

Pura Pura Ponsel - Toko HP Baru & Second Denpasar!
Jual Beli iPhone & Android Bekas Bergaransi & Terlengkap.

📍 Cabang Kesiman: Jl. Kroya No. 3, Kesiman, Denpasar Timur
📍 Cabang Pemecutan Klod: Jl. Subur No. 4, Pemecutan Klod, Denpasar Barat

⏰ Buka Setiap Hari: 09:00 - 22:00 WITA⁣⁣⁣⁣⁣⁣⁣⁣⁣⁣⁣⁣⁣⁣⁣⁣⁣⁣⁣⁣⁣⁣⁣⁣⁣⁣⁣⁣⁣⁣

📲 Info & Pemesanan: 081237200400
🌐 Cek Stok & Promo Lengkap di: purapuraponsel.com
🛒 Tokopedia: Pura Pura Ponsel Official
🛒 Shopee: Pura Pura Ponsel
---
Kualitas Tidak Pernah Pura Pura

#tokohpdenpasar #hpseconddenpasar #hpbekasdenpasar #jualbelihpdenpasar #iphonedenpasar #androiddenpasar #iphonebekas #androidbekas #promo #kredithpdenpasar #servicehpdenpasar #purapuraponsel #iphonemurahdenpasar #purapuraponselcom #viral #fyp #xyzbca #reelsinstagram",32,"08/10/2025 19:02",https://www.instagram.com/reel/DNMn0fBtqWM/,"IG reel",,Lifetime,7323,4460,34,3,8,5,3
17979441278895772,17841414051683694,purapura.ponsel,"Pura Pura Ponsel","Kasi solusi donkk semeton🤔

keweh yen kene ton, menurut semeton engken?🧐

Pura Pura Ponsel - Toko HP Baru & Second Denpasar!
Jual Beli iPhone & Android Bekas Bergaransi & Terlengkap.

📍 Cabang Kesiman: Jl. Kroya No. 3, Kesiman, Denpasar Timur
📍 Cabang Pemecutan Klod: Jl. Subur No. 4, Pemecutan Klod, Denpasar Barat

⏰ Buka Setiap Hari: 09:00 - 22:00 WITA⁣⁣⁣⁣⁣⁣⁣⁣⁣⁣⁣⁣⁣⁣⁣⁣⁣⁣⁣⁣⁣⁣⁣⁣⁣⁣⁣⁣⁣⁣

📲 Info & Pemesanan: 081237200400
🌐 Cek Stok & Promo Lengkap di: purapuraponsel.com
🛒 Tokopedia: Pura Pura Ponsel Official
🛒 Shopee: Pura Pura Ponsel
---
Kualitas Tidak Pernah Pura Pura

#tokohpdenpasar #hpseconddenpasar #hpbekasdenpasar #jualbelihpdenpasar #iphonedenpasar #androiddenpasar #iphonebekas #androidbekas #promo #kredithpdenpasar #servicehpdenpasar #purapuraponsel #iphonemurahdenpasar #purapuraponselcom",31,"08/11/2025 03:02",https://www.instagram.com/reel/DNNexm8iDX6/,"IG reel",,Lifetime,9534,5919,95,24,1,2,1
17871814902410219,17841414051683694,purapura.ponsel,"Pura Pura Ponsel","Kalian baru beli Iphone?🤔

sini sini mimin kasi tau tutor tipis tipis simak sampai akhir ya gaessss🤙🏻😊

Pura Pura Ponsel - Toko HP Baru & Second Denpasar!
Jual Beli iPhone & Android Bekas Bergaransi & Terlengkap.

📍 Cabang Kesiman: Jl. Kroya No. 3, Kesiman, Denpasar Timur
📍 Cabang Pemecutan Klod: Jl. Subur No. 4, Pemecutan Klod, Denpasar Barat

⏰ Buka Setiap Hari: 09:00 - 22:00 WITA⁣⁣⁣⁣⁣⁣⁣⁣⁣⁣⁣⁣⁣⁣⁣⁣⁣⁣⁣⁣⁣⁣⁣⁣⁣⁣⁣⁣⁣⁣

📲 Info & Pemesanan: 081237200400
🌐 Cek Stok & Promo Lengkap di: purapuraponsel.com
🛒 Tokopedia: Pura Pura Ponsel Official
🛒 Shopee: Pura Pura Ponsel
---
Kualitas Tidak Pernah Pura Pura

#tokohpdenpasar #hpseconddenpasar #hpbekasdenpasar #jualbelihpdenpasar #iphonedenpasar #androiddenpasar #iphonebekas #androidbekas #promo #kredithpdenpasar #servicehpdenpasar #purapuraponsel #iphonemurahdenpasar #purapuraponselcom #viral #fyp #xyzbca #reelsinstagram",45,"08/11/2025 20:29",https://www.instagram.com/reel/DNPWoG7SAnU/,"IG reel",,Lifetime,5777,3493,36,3,2,4,4
18354122461082633,17841414051683694,purapura.ponsel,"Pura Pura Ponsel","Sangat miris ceweknya, akankah dia berubah pikiran setelah tau peristiwa nya???😱

Pura Pura Ponsel - Toko HP Baru & Second Denpasar!
Jual Beli iPhone & Android Bekas Bergaransi & Terlengkap.

📍 Cabang Kesiman: Jl. Kroya No. 3, Kesiman, Denpasar Timur
📍 Cabang Pemecutan Klod: Jl. Subur No. 4, Pemecutan Klod, Denpasar Barat

⏰ Buka Setiap Hari: 09:00 - 22:00 WITA⁣⁣⁣⁣⁣⁣⁣⁣⁣⁣⁣⁣⁣⁣⁣⁣⁣⁣⁣⁣⁣⁣⁣⁣⁣⁣⁣⁣⁣⁣

📲 Info & Pemesanan: 081237200400
🌐 Cek Stok & Promo Lengkap di: purapuraponsel.com
🛒 Tokopedia: Pura Pura Ponsel Official
🛒 Shopee: Pura Pura Ponsel
---
Kualitas Tidak Pernah Pura Pura

#tokohpdenpasar #hpseconddenpasar #hpbekasdenpasar #jualbelihpdenpasar #iphonedenpasar #androiddenpasar #iphonebekas #androidbekas #promo #kredithpdenpasar #servicehpdenpasar #purapuraponsel #iphonemurahdenpasar #purapuraponselcom",12,"08/12/2025 03:02",https://www.instagram.com/reel/DNQDlKBNaap/,"IG reel",,Lifetime,45764,25101,364,7,2,14,7
18403288006118754,17841414051683694,purapura.ponsel,"Pura Pura Ponsel","TIPS BATERAI HEALTH TETAP AWET🤗

Mau tau caranya? yuk duduk manis dan tonton sampai akhir yaa😇

Pura Pura Ponsel - Toko HP Baru & Second Denpasar!
Jual Beli iPhone & Android Bekas Bergaransi & Terlengkap.

📍 Cabang Kesiman: Jl. Kroya No. 3, Kesiman, Denpasar Timur
📍 Cabang Pemecutan Klod: Jl. Subur No. 4, Pemecutan Klod, Denpasar Barat

⏰ Buka Setiap Hari: 09:00 - 22:00 WITA⁣⁣⁣⁣⁣⁣⁣⁣⁣⁣⁣⁣⁣⁣⁣⁣⁣⁣⁣⁣⁣⁣⁣⁣⁣⁣⁣⁣⁣⁣

📲 Info & Pemesanan: 081237200400
🌐 Cek Stok & Promo Lengkap di: purapuraponsel.com
🛒 Tokopedia: Pura Pura Ponsel Official
🛒 Shopee: Pura Pura Ponsel
---
Kualitas Tidak Pernah Pura Pura

#tokohpdenpasar #hpseconddenpasar #hpbekasdenpasar #jualbelihpdenpasar #iphonedenpasar #androiddenpasar #iphonebekas #androidbekas #promo #kredithpdenpasar #servicehpdenpasar #purapuraponsel #iphonemurahdenpasar #purapuraponselcom #viral #fyp #xyzbca #reelsinstagram",31,"08/12/2025 19:01",https://www.instagram.com/reel/DNRxXn5igQy/,"IG reel",,Lifetime,5298,3381,34,1,0,6,0
18315108982245480,17841414051683694,purapura.ponsel,"Pura Pura Ponsel","Ng4ceng dulu bli yaaa😫

Seperti itulah terkadang bahasa disalah ucapkan tapi yahhhh namanya juga masih beradaptasi🤭

Pura Pura Ponsel - Toko HP Baru & Second Denpasar!
Jual Beli iPhone & Android Bekas Bergaransi & Terlengkap.

📍 Cabang Kesiman: Jl. Kroya No. 3, Kesiman, Denpasar Timur
📍 Cabang Pemecutan Klod: Jl. Subur No. 4, Pemecutan Klod, Denpasar Barat

⏰ Buka Setiap Hari: 09:00 - 22:00 WITA⁣⁣⁣⁣⁣⁣⁣⁣⁣⁣⁣⁣⁣⁣⁣⁣⁣⁣⁣⁣⁣⁣⁣⁣⁣⁣⁣⁣⁣⁣

📲 Info & Pemesanan: 081237200400
🌐 Cek Stok & Promo Lengkap di: purapuraponsel.com
🛒 Tokopedia: Pura Pura Ponsel Official
🛒 Shopee: Pura Pura Ponsel
---
Kualitas Tidak Pernah Pura Pura

#tokohpdenpasar #hpseconddenpasar #hpbekasdenpasar #jualbelihpdenpasar #iphonedenpasar #androiddenpasar #iphonebekas #androidbekas #promo #kredithpdenpasar #servicehpdenpasar #purapuraponsel #iphonemurahdenpasar #purapuraponselcom",26,"08/13/2025 03:01",https://www.instagram.com/reel/DNSoPtYOsVD/,"IG reel",,Lifetime,10699,6786,129,5,1,4,7
18054239873401907,17841414051683694,purapura.ponsel,"Pura Pura Ponsel","Perdebatan tentang Citra Bali dan tudingan yang kurang tepat. Mari luruskan fakta: Pecalang menjaga tradisi, bukan melakukan pungli. Tuduhan pungli dilayangkan, padahal pecalang hadir untuk menjaga keamanan adat. Bagaimana menurut kalian?

Yang mau cari hanphone berkualitas cuma di
@purapura.ponsel dan lagi ada promo beli handphone
free aripods
Dan semeton yang ingin nyari busana adat, untuk ke
pura, kondangan, bahkan sampai wedding bisa bgt di
@telagabagus dijamin lengkap dan murah.

Video by : @arthadashing_

Pura Pura Ponsel - Toko HP Baru & Second Terlengkap di Denpasar! ✨

Cari iPhone atau Android bekas berkualitas dengan garansi resmi?
Di sini tempatnya! Kami menyediakan beragam pilihan HP bekas yang sudah melewati proses QC ketat, jadi dijamin aman dan terpercaya.

✅ Jual Beli HP Second & Baru
✅ Bergaransi
✅ Tersedia Berbagai Merk: iPhone, Samsung, Xiaomi, Oppo, Vivo, dan lainnya
✅ Bisa Tukar Tambah & Kredit HP (Syarat & Ketentuan Berlaku)

📍 Kunjungi cabang terdekat kami:
- Kesiman: Jl. Kroya No. 3, Kesiman, Denpasar Timur
- Pemecutan Klod: Jl. Subur No. 4, Pemecutan Klod, Denpasar Barat

⏰ Buka setiap hari pukul 09:00 - 22:00 WITA.

📲 Hubungi kami untuk info stok & pemesanan: 081237200400
🌐 Cek promo terbaru di website kami: purapuraponsel.com
🛒 Belanja online aman di Tokopedia & Shopee: Pura Pura Ponsel Official

Kualitas Tidak Pernah Pura Pura.
#purapuraponsel #viral #fyp #xyzbca #reelsinstagram #telagabagus #purapuraponsel #arthadashing #komedi
#reels #komedibalilucu #viral",104,"08/14/2025 03:00",https://www.instagram.com/reel/DNVNDPSSvf5/,"IG reel",,Lifetime,39789,29309,493,8,1,15,10
18518018359040901,17841414051683694,purapura.ponsel,"Pura Pura Ponsel","Kalian baru pertama kali pakai iphone?🧐

aduhh duhhh kasian🥲 sini dehh mimin kasi tau tutornya biar gak ketinggalan amat kamunya😁

Pura Pura Ponsel - Toko HP Baru & Second Denpasar!
Jual Beli iPhone & Android Bekas Bergaransi & Terlengkap.

📍 Cabang Kesiman: Jl. Kroya No. 3, Kesiman, Denpasar Timur
📍 Cabang Pemecutan Klod: Jl. Subur No. 4, Pemecutan Klod, Denpasar Barat

⏰ Buka Setiap Hari: 09:00 - 22:00 WITA⁣⁣⁣⁣⁣⁣⁣⁣⁣⁣⁣⁣⁣⁣⁣⁣⁣⁣⁣⁣⁣⁣⁣⁣⁣⁣⁣⁣⁣⁣

📲 Info & Pemesanan: 081237200400
🌐 Cek Stok & Promo Lengkap di: purapuraponsel.com
🛒 Tokopedia: Pura Pura Ponsel Official
🛒 Shopee: Pura Pura Ponsel
---
Kualitas Tidak Pernah Pura Pura

#tokohpdenpasar #hpseconddenpasar #hpbekasdenpasar #jualbelihpdenpasar #iphonedenpasar #androiddenpasar #iphonebekas #androidbekas #promo #kredithpdenpasar #servicehpdenpasar #purapuraponsel #iphonemurahdenpasar #purapuraponselcom #viral #fyp #xyzbca #reelsinstagram",32,"08/14/2025 19:02",https://www.instagram.com/reel/DNW7BZRhkCi/,"IG reel",,Lifetime,6650,4053,37,1,0,4,1
17912503932186929,17841414051683694,purapura.ponsel,"Pura Pura Ponsel","BARANG KECIL SUSAH NEMU🙄

Dijogetin aja gak sihhhh😂

Pura Pura Ponsel - Toko HP Baru & Second Denpasar!
Jual Beli iPhone & Android Bekas Bergaransi & Terlengkap.

📍 Cabang Kesiman: Jl. Kroya No. 3, Kesiman, Denpasar Timur
📍 Cabang Pemecutan Klod: Jl. Subur No. 4, Pemecutan Klod, Denpasar Barat

⏰ Buka Setiap Hari: 09:00 - 22:00 WITA⁣⁣⁣⁣⁣⁣⁣⁣⁣⁣⁣⁣⁣⁣⁣⁣⁣⁣⁣⁣⁣⁣⁣⁣⁣⁣⁣⁣⁣⁣

📲 Info & Pemesanan: 081237200400
🌐 Cek Stok & Promo Lengkap di: purapuraponsel.com
🛒 Tokopedia: Pura Pura Ponsel Official
🛒 Shopee: Pura Pura Ponsel
---
Kualitas Tidak Pernah Pura Pura

#tokohpdenpasar #hpseconddenpasar #hpbekasdenpasar #jualbelihpdenpasar #iphonedenpasar #androiddenpasar #iphonebekas #androidbekas #promo #kredithpdenpasar #servicehpdenpasar #purapuraponsel #iphonemurahdenpasar #purapuraponselcom #viral #fyp #xyzbca #reelsinstagram",27,"08/15/2025 03:00",https://www.instagram.com/reel/DNXx0Mms2cN/,"IG reel",,Lifetime,9030,5629,39,1,0,2,0
18093078676639226,17841414051683694,purapura.ponsel,"Pura Pura Ponsel","Simak sampai akhir ya guyss lihat apa yang terjadii😱

Pura Pura Ponsel - Toko HP Baru & Second Denpasar!
Jual Beli iPhone & Android Bekas Bergaransi & Terlengkap.

📍 Cabang Kesiman: Jl. Kroya No. 3, Kesiman, Denpasar Timur
📍 Cabang Pemecutan Klod: Jl. Subur No. 4, Pemecutan Klod, Denpasar Barat

⏰ Buka Setiap Hari: 09:00 - 22:00 WITA⁣⁣⁣⁣⁣⁣⁣⁣⁣⁣⁣⁣⁣⁣⁣⁣⁣⁣⁣⁣⁣⁣⁣⁣⁣⁣⁣⁣⁣⁣

📲 Info & Pemesanan: 081237200400
🌐 Cek Stok & Promo Lengkap di: purapuraponsel.com
🛒 Tokopedia: Pura Pura Ponsel Official
🛒 Shopee: Pura Pura Ponsel
---
Kualitas Tidak Pernah Pura Pura

#tokohpdenpasar #hpseconddenpasar #hpbekasdenpasar #jualbelihpdenpasar #iphonedenpasar #androiddenpasar #iphonebekas #androidbekas #promo #kredithpdenpasar #servicehpdenpasar #purapuraponsel #iphonemurahdenpasar #purapuraponselcom #viral #fyp #xyzbca #reelsinstagram",0,"08/16/2025 03:00",https://www.instagram.com/p/DNaWmCtTOt6/,"IG carousel",,Lifetime,181715,60147,1336,15,1,111,31
17905609890231628,17841414051683694,purapura.ponsel,"Pura Pura Ponsel","POV: DAY 1 PUNYA PACAR😩

Jangan cepat berburuk sangka, jual mahal boleh asal jangan malu maluin yaa🫣 tuhhh kan jatuhhh

Pura Pura Ponsel - Toko HP Baru & Second Terlengkap di Denpasar! ✨

Cari iPhone atau Android bekas berkualitas dengan garansi resmi?
Di sini tempatnya! Kami menyediakan beragam pilihan HP bekas yang sudah melewati proses QC ketat, jadi dijamin aman dan terpercaya.

✅ Jual Beli HP Second & Baru
✅ Bergaransi
✅ Tersedia Berbagai Merk: iPhone, Samsung, Xiaomi, Oppo, Vivo, dan lainnya
✅ Bisa Tukar Tambah & Kredit HP (Syarat & Ketentuan Berlaku)

📍 Kunjungi cabang terdekat kami:
- Kesiman: Jl. Kroya No. 3, Kesiman, Denpasar Timur
- Pemecutan Klod: Jl. Subur No. 4, Pemecutan Klod, Denpasar Barat

⏰ Buka setiap hari pukul 09:00 - 22:00 WITA.

📲 Hubungi kami untuk info stok & pemesanan: 081237200400
🌐 Cek promo terbaru di website kami: purapuraponsel.com
🛒 Belanja online aman di Tokopedia & Shopee: Pura Pura Ponsel Official

Kualitas Tidak Pernah Pura Pura.
#purapuraponsel #viral #fyp #xyzbca #reelsinstagram #telagabagus #purapuraponsel #arthadashing #komedi
#reels #komedibalilucu #viral",22,"08/17/2025 03:01",https://www.instagram.com/reel/DNc7aoBCs4y/,"IG reel",,Lifetime,15216,9559,83,1,1,4,3
18122804494471162,17841442251754246,sibliwira,"BLI WIRA","TIBA-TIBA JADI TUKANG RAMAL🙏

#sibliwira #reelsvideo #reelsinstagram #reels",111,"08/17/2025 03:44",https://www.instagram.com/reel/DNdARm4Tu8N/,"IG reel",,Lifetime,117778,76855,4382,164,31,64,0
18123538321468394,17841414051683694,purapura.ponsel,"Pura Pura Ponsel","Siapa disini yang namanya ""AGUS""?

Buruan kestore yuk🤗 periode 17-20 Agustus kalian bisa dapatkan potongan harga sampai 500k cuma dengan panjatkan doa🙏🏻
kle kle kle.....

Pura Pura Ponsel - Toko HP Baru & Second Terlengkap di Denpasar! ✨

Cari iPhone atau Android bekas berkualitas dengan garansi resmi?
Di sini tempatnya! Kami menyediakan beragam pilihan HP bekas yang sudah melewati proses QC ketat, jadi dijamin aman dan terpercaya.

✅ Jual Beli HP Second & Baru
✅ Bergaransi
✅ Tersedia Berbagai Merk: iPhone, Samsung, Xiaomi, Oppo, Vivo, dan lainnya
✅ Bisa Tukar Tambah & Kredit HP (Syarat & Ketentuan Berlaku)

📍 Kunjungi cabang terdekat kami:
- Kesiman: Jl. Kroya No. 3, Kesiman, Denpasar Timur
- Pemecutan Klod: Jl. Subur No. 4, Pemecutan Klod, Denpasar Barat

⏰ Buka setiap hari pukul 09:00 - 22:00 WITA.

📲 Hubungi kami untuk info stok & pemesanan: 081237200400
🌐 Cek promo terbaru di website kami: purapuraponsel.com
🛒 Belanja online aman di Tokopedia & Shopee: Pura Pura Ponsel Official

Kualitas Tidak Pernah Pura Pura.
#purapuraponsel #viral #fyp #xyzbca #reelsinstagram",19,"08/17/2025 07:01",https://www.instagram.com/reel/DNdW6D4Ckik/,"IG reel",,Lifetime,10020,6504,88,3,1,0,1
18081763609723728,17841414051683694,purapura.ponsel,"Pura Pura Ponsel","Kalian masih bingung ? bisa drop pertanyaan dikolom komentar yaa ! 😊

Pura Pura Ponsel - Toko HP Baru & Second Terlengkap di Denpasar! ✨

Cari iPhone atau Android bekas berkualitas dengan garansi resmi?
Di sini tempatnya! Kami menyediakan beragam pilihan HP bekas yang sudah melewati proses QC ketat, jadi dijamin aman dan terpercaya.

✅ Jual Beli HP Second & Baru
✅ Bergaransi
✅ Tersedia Berbagai Merk: iPhone, Samsung, Xiaomi, Oppo, Vivo, dan lainnya
✅ Bisa Tukar Tambah & Kredit HP (Syarat & Ketentuan Berlaku)

📍 Kunjungi cabang terdekat kami:
- Kesiman: Jl. Kroya No. 3, Kesiman, Denpasar Timur
- Pemecutan Klod: Jl. Subur No. 4, Pemecutan Klod, Denpasar Barat

⏰ Buka setiap hari pukul 09:00 - 22:00 WITA.

📲 Hubungi kami untuk info stok & pemesanan: 081237200400
🌐 Cek promo terbaru di website kami: purapuraponsel.com
🛒 Belanja online aman di Tokopedia & Shopee: Pura Pura Ponsel Official

Kualitas Tidak Pernah Pura Pura.
#purapuraponsel #viral #fyp #xyzbca #reelsinstagram #telagabagus #purapuraponsel #arthadashing #komedi
#reels #komedibalilucu #viral",38,"08/17/2025 19:02",https://www.instagram.com/reel/DNepZDfOHvN/,"IG reel",,Lifetime,5578,3455,67,7,8,40,12
18148457707402708,17841414051683694,purapura.ponsel,"Pura Pura Ponsel","Sedikit keseruan dihari kemerdekaan Indonesia bersama team tersolid di muka bumi
Btw minpur masih ada promo ""AGUS"" loh sampai tgl 20 agustus

Mau join circle kita gak nih?
Minpur juga lagi open recruitmen nih, info lebih lanjut bisa cek link di bio ya

Pura Pura Ponsel - Toko HP Baru & Second Terlengkap di Denpasar! ✨
Cari iPhone atau Android bekas berkualitas dengan garansi resmi?

Di sini tempatnya! Kami menyediakan beragam pilihan HP bekas yang sudah melewati proses QC ketat, jadi dijamin aman dan terpercaya.

✅ Jual Beli HP Second & Baru
✅ Bergaransi
✅ Tersedia Berbagai Merk: iPhone, Samsung, Xiaomi, Oppo, Vivo, dan lainnya
✅ Bisa Tukar Tambah & Kredit HP (Syarat & Ketentuan Berlaku)

📍 Kunjungi cabang terdekat kami:
- Kesiman: Jl. Kroya No. 3, Kesiman, Denpasar Timur
- Pemecutan Klod: Jl. Subur No. 4, Pemecutan Klod, Denpasar Barat

⏰ Buka setiap hari pukul 09:00 - 22:00 WITA.
📲 Hubungi kami untuk info stok & pemesanan: 081237200400
🌐 Cek promo terbaru di website kami: purapuraponsel.com
🛒 Belanja online aman di Tokopedia & Shopee: Pura Pura Ponsel Official

Kualitas Tidak Pernah Pura Pura.
#purapuraponsel #viral #fyp #xyzbca #reelsinstagram #17agustus #loker",0,"08/17/2025 20:00",https://www.instagram.com/p/DNewE6jSie7/,"IG carousel",,Lifetime,35139,6107,90,4,0,23,0
18114756172506484,17841414051683694,purapura.ponsel,"Pura Pura Ponsel","Jangan melamum, tuhhh kan salah liat🙄
Curiga mulu nihhh

Aneh tapi nyata, nyata tapi aneh begitulahhh ya☹️
menurut kalian yang masuk ketoilet tadi cewek atau cowok nihhh???🤫
apakah kalian salah melihat jugaaa?

Pura Pura Ponsel - Toko HP Baru & Second Terlengkap di Denpasar! ✨

Cari iPhone atau Android bekas berkualitas dengan garansi resmi?
Di sini tempatnya! Kami menyediakan beragam pilihan HP bekas yang sudah melewati proses QC ketat, jadi dijamin aman dan terpercaya.

✅ Jual Beli HP Second & Baru
✅ Bergaransi
✅ Tersedia Berbagai Merk: iPhone, Samsung, Xiaomi, Oppo, Vivo, dan lainnya
✅ Bisa Tukar Tambah & Kredit HP (Syarat & Ketentuan Berlaku)

📍 Kunjungi cabang terdekat kami:
- Kesiman: Jl. Kroya No. 3, Kesiman, Denpasar Timur
- Pemecutan Klod: Jl. Subur No. 4, Pemecutan Klod, Denpasar Barat

⏰ Buka setiap hari pukul 09:00 - 22:00 WITA.

📲 Hubungi kami untuk info stok & pemesanan: 081237200400
🌐 Cek promo terbaru di website kami: purapuraponsel.com
🛒 Belanja online aman di Tokopedia & Shopee: Pura Pura Ponsel Official

Kualitas Tidak Pernah Pura Pura.
#purapuraponsel #viral #fyp #xyzbca #reelsinstagram #telagabagus #purapuraponsel #arthadashing #komedi
#reels #komedibalilucu #viral",27,"08/18/2025 03:02",https://www.instagram.com/reel/DNfgXmQIb1N/,"IG reel",,Lifetime,13846,8171,90,4,0,14,3
17906598018087992,17841414051683694,purapura.ponsel,"Pura Pura Ponsel","Yang diatas merayakan yang dibawah penuh kesedihan🥺

Semangat pahlawan tanpa tanda jasa❤️🤍

Pura Pura Ponsel - Toko HP Baru & Second Terlengkap di Denpasar! ✨

Cari iPhone atau Android bekas berkualitas dengan garansi resmi?
Di sini tempatnya! Kami menyediakan beragam pilihan HP bekas yang sudah melewati proses QC ketat, jadi dijamin aman dan terpercaya.

✅ Jual Beli HP Second & Baru
✅ Bergaransi
✅ Tersedia Berbagai Merk: iPhone, Samsung, Xiaomi, Oppo, Vivo, dan lainnya
✅ Bisa Tukar Tambah & Kredit HP (Syarat & Ketentuan Berlaku)

📍 Kunjungi cabang terdekat kami:
- Kesiman: Jl. Kroya No. 3, Kesiman, Denpasar Timur
- Pemecutan Klod: Jl. Subur No. 4, Pemecutan Klod, Denpasar Barat

⏰ Buka setiap hari pukul 09:00 - 22:00 WITA.

📲 Hubungi kami untuk info stok & pemesanan: 081237200400
🌐 Cek promo terbaru di website kami: purapuraponsel.com
🛒 Belanja online aman di Tokopedia & Shopee: Pura Pura Ponsel Official

Kualitas Tidak Pernah Pura Pura.
#purapuraponsel #viral #fyp #xyzbca #reelsinstagram #telagabagus #purapuraponsel #arthadashing #komedi
#reels #komedibalilucu #viral",39,"08/18/2025 06:05",https://www.instagram.com/reel/DNf1W1msNEe/,"IG reel",,Lifetime,128278,84703,1026,72,2,109,63
17871136956334158,17841401870239980,depraz_,"Deka Pratama Satya Alam","Trik Dapet iPhone Resmi Lebih Murah, Plus Bonus Banyak!

Pilih di @purapura.ponsel yang punya bintang 5 sempurna di Bali ! Harganya lebih worth, storenya reputable & berprestasi dapat award dari @globaldanapatiniaga , dan mereka juga punya banyak promo! Mau cari Apple Product atau Android lengkap semua, plus aftersalesnya terbaik, dan Pura-Pura Ponsel juga bisa servis gadget kamu yang bermasalah loh!

📍 Pura-Pura Ponsel Munang Maning
Jl. Subur No.4, Pemecutan Klod, Kec. Denpasar Bar., Kota Denpasar, Bali
📍 Pura-Pura Ponsel Kroya
Jl. Kroya No.3, Kesiman, Kec. Denpasar Tim., Kota Denpasar, Bali",90,"08/18/2025 17:17",https://www.instagram.com/reel/DNhBtyJSfjq/,"IG reel",,Lifetime,32912,20128,453,27,1,12,0
17967696788945190,17841414051683694,purapura.ponsel,"Pura Pura Ponsel","Sefruit tips and trick yang bisa kalian coba yaa 👌🏻
Ada yang masih bingung cara settingnya ? yuk bisa langsung datang ke toko minpur yaa dan jangan sampai ketinggalan promo promo menarik wow 😍💨

Pura Pura Ponsel - Toko HP Baru & Second Terlengkap di Denpasar! ✨

Cari iPhone atau Android bekas berkualitas dengan garansi resmi?
Di sini tempatnya! Kami menyediakan beragam pilihan HP bekas yang sudah melewati proses QC ketat, jadi dijamin aman dan terpercaya.

✅ Jual Beli HP Second & Baru
✅ Bergaransi
✅ Tersedia Berbagai Merk: iPhone, Samsung, Xiaomi, Oppo, Vivo, dan lainnya
✅ Bisa Tukar Tambah & Kredit HP (Syarat & Ketentuan Berlaku)

📍 Kunjungi cabang terdekat kami:
- Kesiman: Jl. Kroya No. 3, Kesiman, Denpasar Timur
- Pemecutan Klod: Jl. Subur No. 4, Pemecutan Klod, Denpasar Barat

⏰ Buka setiap hari pukul 09:00 - 22:00 WITA.

📲 Hubungi kami untuk info stok & pemesanan: 081237200400
🌐 Cek promo terbaru di website kami: purapuraponsel.com
🛒 Belanja online aman di Tokopedia & Shopee: Pura Pura Ponsel Official

Kualitas Tidak Pernah Pura Pura.
#purapuraponsel #viral #fyp #xyzbca #reelsinstagram #telagabagus #purapuraponsel #arthadashing #komedi
#reels #komedibalilucu #viral",33,"08/18/2025 19:01",https://www.instagram.com/reel/DNhOD-XJwd8/,"IG reel",,Lifetime,7485,4795,74,9,0,45,5
17874589233405000,17841414051683694,purapura.ponsel,"Pura Pura Ponsel","Habis gajian???🤔

Beli Iphone 11 gak pakek mikir, sini ke toko mimin yuk beli Iphone 11 nya😘 

Pura Pura Ponsel - Toko HP Baru & Second Terlengkap di Denpasar! ✨

Cari iPhone atau Android bekas berkualitas dengan garansi resmi?
Di sini tempatnya! Kami menyediakan beragam pilihan HP bekas yang sudah melewati proses QC ketat, jadi dijamin aman dan terpercaya.

✅ Jual Beli HP Second & Baru
✅ Bergaransi
✅ Tersedia Berbagai Merk: iPhone, Samsung, Xiaomi, Oppo, Vivo, dan lainnya
✅ Bisa Tukar Tambah & Kredit HP (Syarat & Ketentuan Berlaku)

📍 Kunjungi cabang terdekat kami:
- Kesiman: Jl. Kroya No. 3, Kesiman, Denpasar Timur
- Pemecutan Klod: Jl. Subur No. 4, Pemecutan Klod, Denpasar Barat

⏰ Buka setiap hari pukul 09:00 - 22:00 WITA.

📲 Hubungi kami untuk info stok & pemesanan: 081237200400
🌐 Cek promo terbaru di website kami: purapuraponsel.com
🛒 Belanja online aman di Tokopedia & Shopee: Pura Pura Ponsel Official

Kualitas Tidak Pernah Pura Pura.
#purapuraponsel #viral #fyp #xyzbca #reelsinstagram #telagabagus #purapuraponsel #arthadashing #komedi
#reels #komedibalilucu #viral",8,"08/19/2025 03:02",https://www.instagram.com/reel/DNiFJt4MMEJ/,"IG reel",,Lifetime,7012,4374,48,0,0,7,0
18184793836323467,17841414051683694,purapura.ponsel,"Pura Pura Ponsel","Hayooo siapa disini yang sering salah paham seperti kaka kaka diatas ? bisa ikuti tips Minpur yaa 😜

Kira kira kalian butuh tips apalagi nich ? Yuk komen dibawah 👇🏻

Pura Pura Ponsel - Toko HP Baru & Second Terlengkap di Denpasar! ✨

Cari iPhone atau Android bekas berkualitas dengan garansi resmi?
Di sini tempatnya! Kami menyediakan beragam pilihan HP bekas yang sudah melewati proses QC ketat, jadi dijamin aman dan terpercaya.

✅ Jual Beli HP Second & Baru
✅ Bergaransi
✅ Tersedia Berbagai Merk: iPhone, Samsung, Xiaomi, Oppo, Vivo, dan lainnya
✅ Bisa Tukar Tambah & Kredit HP (Syarat & Ketentuan Berlaku)

📍 Kunjungi cabang terdekat kami:
- Kesiman: Jl. Kroya No. 3, Kesiman, Denpasar Timur
- Pemecutan Klod: Jl. Subur No. 4, Pemecutan Klod, Denpasar Barat

⏰ Buka setiap hari pukul 09:00 - 22:00 WITA.

📲 Hubungi kami untuk info stok & pemesanan: 081237200400
🌐 Cek promo terbaru di website kami: purapuraponsel.com
🛒 Belanja online aman di Tokopedia & Shopee: Pura Pura Ponsel Official

Kualitas Tidak Pernah Pura Pura.
#purapuraponsel #viral #fyp #xyzbca #reelsinstagram""",47,"08/19/2025 19:02",https://www.instagram.com/reel/DNjy9lToipI/,"IG reel",,Lifetime,6377,4090,65,1,0,34,4
18068822999134238,17841409548539405,sengot_bali,sengot_bali,"PR3MAN DADAKAN
@purapura.ponsel",239,"08/19/2025 20:33",https://www.instagram.com/reel/DNj9KnCRQ9V/,"IG reel",,Lifetime,11693,7031,268,1,3,6,0
17888501181200343,17841414051683694,purapura.ponsel,"Pura Pura Ponsel","Toleransi beragama bisa tercemin dalam cara kita menghargai perbedaan makanan bersama teman-teman dari berbagai latar belakang agama adalah pengalaman yang luar biasa

Meskipun ada perbedaan dari preferensi makanan justru karna makanan bisa menjadi jembatan yang menghubungkan kita😇
Hari lalu kami menikmati, hari ini kami cukup tak menikmati dulu sambil memastikan teman-teman muslim kami merasa nyaman dan dihargai. Toleransi adalah kunci untuk hidup berdampingan dengan harmonis❤️
Bagaimana pendapat kalian tentang toleransi? sharing pengalaman kalian di kolom komentar yaaa👇🏻😉

Pura Pura Ponsel - Toko HP Baru & Second Terlengkap di Denpasar! ✨

Cari iPhone atau Android bekas berkualitas dengan garansi resmi?
Di sini tempatnya! Kami menyediakan beragam pilihan HP bekas yang sudah melewati proses QC ketat, jadi dijamin aman dan terpercaya.

✅ Jual Beli HP Second & Baru
✅ Bergaransi
✅ Tersedia Berbagai Merk: iPhone, Samsung, Xiaomi, Oppo, Vivo, dan lainnya
✅ Bisa Tukar Tambah & Kredit HP (Syarat & Ketentuan Berlaku)

📍 Kunjungi cabang terdekat kami:
- Kesiman: Jl. Kroya No. 3, Kesiman, Denpasar Timur
- Pemecutan Klod: Jl. Subur No. 4, Pemecutan Klod, Denpasar Barat

⏰ Buka setiap hari pukul 09:00 - 22:00 WITA.

📲 Hubungi kami untuk info stok & pemesanan: 081237200400
🌐 Cek promo terbaru di website kami: purapuraponsel.com
🛒 Belanja online aman di Tokopedia & Shopee: Pura Pura Ponsel Official

Kualitas Tidak Pernah Pura Pura.
#purapuraponsel #viral #fyp #xyzbca #reelsinstagram #telagabagus #purapuraponsel #arthadashing #komedi
#reels #komedibalilucu #viral",113,"08/21/2025 03:00",https://www.instagram.com/reel/DNnOhQTyit3/,"IG reel",,Lifetime,19874,13690,251,5,1,7,3
17906628243226846,17841414051683694,purapura.ponsel,"Pura Pura Ponsel","PROMO SAMSUNG S25 ULTRA‼️😱
Berlaku dari tanggal 22-24 Agustus 2025🔥
tunggu apalagi ? buruan ke store ya!🤩

Pura Pura Ponsel - Toko HP Baru & Second Terlengkap di Denpasar! ✨

Cari iPhone atau Android bekas berkualitas dengan garansi resmi?
Di sini tempatnya! Kami menyediakan beragam pilihan HP bekas yang sudah melewati proses QC ketat, jadi dijamin aman dan terpercaya.

✅ Jual Beli HP Second & Baru
✅ Bergaransi
✅ Tersedia Berbagai Merk: iPhone, Samsung, Xiaomi, Oppo, Vivo, dan lainnya
✅ Bisa Tukar Tambah & Kredit HP (Syarat & Ketentuan Berlaku)

📍 Kunjungi cabang terdekat kami:
- Kesiman: Jl. Kroya No. 3, Kesiman, Denpasar Timur
- Pemecutan Klod: Jl. Subur No. 4, Pemecutan Klod, Denpasar Barat

⏰ Buka setiap hari pukul 09:00 - 22:00 WITA.

📲 Hubungi kami untuk info stok & pemesanan: 081237200400
🌐 Cek promo terbaru di website kami: purapuraponsel.com
🛒 Belanja online aman di Tokopedia & Shopee: Pura Pura Ponsel Official

Kualitas Tidak Pernah Pura Pura.
#purapuraponsel #viral #fyp #xyzbca #reelsinstagram",41,"08/22/2025 00:18",https://www.instagram.com/reel/DNpgv3Xy21u/,"IG reel",,Lifetime,45509,31145,250,1,7,16,4
18073005517861102,17841414051683694,purapura.ponsel,"Pura Pura Ponsel","Belum mati sih, cuma pengen ikut trend aja! 😜 Siapa bilang yang udah nikah gak bisa seru-seruan? Buktiin dong, couples! 
Yang bilang nikah bikin gak gaul, sini aku kasih liat kita tetep eksis kok, buktinya ikutan trend ini. Mana nih pasangan yang juga gini?😂

Pura Pura Ponsel - Toko HP Baru & Second Terlengkap di Denpasar! ✨

Cari iPhone atau Android bekas berkualitas dengan garansi resmi?
Di sini tempatnya! Kami menyediakan beragam pilihan HP bekas yang sudah melewati proses QC ketat, jadi dijamin aman dan terpercaya.

✅ Jual Beli HP Second & Baru
✅ Bergaransi
✅ Tersedia Berbagai Merk: iPhone, Samsung, Xiaomi, Oppo, Vivo, dan lainnya
✅ Bisa Tukar Tambah & Kredit HP (Syarat & Ketentuan Berlaku)

📍 Kunjungi cabang terdekat kami:
- Kesiman: Jl. Kroya No. 3, Kesiman, Denpasar Timur
- Pemecutan Klod: Jl. Subur No. 4, Pemecutan Klod, Denpasar Barat

⏰ Buka setiap hari pukul 09:00 - 22:00 WITA.

📲 Hubungi kami untuk info stok & pemesanan: 081237200400
🌐 Cek promo terbaru di website kami: purapuraponsel.com
🛒 Belanja online aman di Tokopedia & Shopee: Pura Pura Ponsel Official

Kualitas Tidak Pernah Pura Pura.
#purapuraponsel #viral #fyp #xyzbca #reelsinstagram #telagabagus #purapuraponsel #arthadashing #komedi
#reels #komedibalilucu #viral",0,"08/22/2025 03:00",https://www.instagram.com/p/DNpzZoayBz1/,"IG carousel",,Lifetime,146975,205958,1731,67,34,80,28
18099949912613893,17841414051683694,purapura.ponsel,"Pura Pura Ponsel","Iphone 13 pro dan 13 pro max rawan kena green screen?
3 tips ini bisa kamu lakuin! atau kalian ada tips lainnya? boleh komen di bawah ya👇🏻

Pura Pura Ponsel - Toko HP Baru & Second Terlengkap di Denpasar! ✨

Cari iPhone atau Android bekas berkualitas dengan garansi resmi?
Di sini tempatnya! Kami menyediakan beragam pilihan HP bekas yang sudah melewati proses QC ketat, jadi dijamin aman dan terpercaya.

✅ Jual Beli HP Second & Baru
✅ Bergaransi
✅ Tersedia Berbagai Merk: iPhone, Samsung, Xiaomi, Oppo, Vivo, dan lainnya
✅ Bisa Tukar Tambah & Kredit HP (Syarat & Ketentuan Berlaku)

📍 Kunjungi cabang terdekat kami:
- Kesiman: Jl. Kroya No. 3, Kesiman, Denpasar Timur
- Pemecutan Klod: Jl. Subur No. 4, Pemecutan Klod, Denpasar Barat

⏰ Buka setiap hari pukul 09:00 - 22:00 WITA.

📲 Hubungi kami untuk info stok & pemesanan: 081237200400
🌐 Cek promo terbaru di website kami: purapuraponsel.com
🛒 Belanja online aman di Tokopedia & Shopee: Pura Pura Ponsel Official

Kualitas Tidak Pernah Pura Pura.
#purapuraponsel #viral #fyp #xyzbca #reelsinstagram",41,"08/22/2025 19:02",https://www.instagram.com/reel/DNrhW6WUEPv/,"IG reel",,Lifetime,5189,3412,36,2,0,11,3
18067150015961177,17841409548539405,sengot_bali,sengot_bali,"KETUT NGUBUH BEREONG
@purapura.ponsel",167,"08/22/2025 21:03",https://www.instagram.com/reel/DNru_2uZCQz/,"IG reel",,Lifetime,12890,8229,279,2,2,4,0
18379501696122376,17841414051683694,purapura.ponsel,"Pura Pura Ponsel","Ketika basa basi makan dibuatkan prank, semoga dia khilaf aja dehhh😂

siapa nih yang pernah ngalamin? yuk sharing pengalaman kalian saat makan bareng teman😇

Pura Pura Ponsel - Toko HP Baru & Second Terlengkap di Denpasar! ✨

Cari iPhone atau Android bekas berkualitas dengan garansi resmi?
Di sini tempatnya! Kami menyediakan beragam pilihan HP bekas yang sudah melewati proses QC ketat, jadi dijamin aman dan terpercaya.

✅ Jual Beli HP Second & Baru
✅ Bergaransi
✅ Tersedia Berbagai Merk: iPhone, Samsung, Xiaomi, Oppo, Vivo, dan lainnya
✅ Bisa Tukar Tambah & Kredit HP (Syarat & Ketentuan Berlaku)

📍 Kunjungi cabang terdekat kami:
- Kesiman: Jl. Kroya No. 3, Kesiman, Denpasar Timur
- Pemecutan Klod: Jl. Subur No. 4, Pemecutan Klod, Denpasar Barat

⏰ Buka setiap hari pukul 09:00 - 22:00 WITA.

📲 Hubungi kami untuk info stok & pemesanan: 081237200400
🌐 Cek promo terbaru di website kami: purapuraponsel.com
🛒 Belanja online aman di Tokopedia & Shopee: Pura Pura Ponsel Official

Kualitas Tidak Pernah Pura Pura.
#purapuraponsel #viral #fyp #xyzbca #reelsinstagram #telagabagus #purapuraponsel #arthadashing #komedi
#reels #komedibalilucu #viral",15,"08/23/2025 03:01",https://www.instagram.com/reel/DNsYQMQ2NkM/,"IG reel",,Lifetime,18926,12026,178,3,1,12,6
18084808822808169,17841414051683694,purapura.ponsel,"Pura Pura Ponsel","Gak cuma mahal , iphone juga punya fitur-fitur yang bikin kamu kagum!🤩
mulai dari tips ini kamu bisa lebih cepat pakai iphone kamu loh👍🏻
kalian sudah coba belum ? yuk komen di bawah segera ya!😘👇🏻

Pura Pura Ponsel - Toko HP Baru & Second Terlengkap di Denpasar! ✨

Cari iPhone atau Android bekas berkualitas dengan garansi resmi?
Di sini tempatnya! Kami menyediakan beragam pilihan HP bekas yang sudah melewati proses QC ketat, jadi dijamin aman dan terpercaya.

✅ Jual Beli HP Second & Baru
✅ Bergaransi
✅ Tersedia Berbagai Merk: iPhone, Samsung, Xiaomi, Oppo, Vivo, dan lainnya
✅ Bisa Tukar Tambah & Kredit HP (Syarat & Ketentuan Berlaku)

📍 Kunjungi cabang terdekat kami:
- Kesiman: Jl. Kroya No. 3, Kesiman, Denpasar Timur
- Pemecutan Klod: Jl. Subur No. 4, Pemecutan Klod, Denpasar Barat

⏰ Buka setiap hari pukul 09:00 - 22:00 WITA.

📲 Hubungi kami untuk info stok & pemesanan: 081237200400
🌐 Cek promo terbaru di website kami: purapuraponsel.com
🛒 Belanja online aman di Tokopedia & Shopee: Pura Pura Ponsel Official

Kualitas Tidak Pernah Pura Pura.
#purapuraponsel #viral #fyp #xyzbca #reelsinstagram""",56,"08/23/2025 19:01",https://www.instagram.com/reel/DNuGEmcVNjH/,"IG reel",,Lifetime,5394,3702,47,0,0,7,2
17861590743405718,17841414051683694,purapura.ponsel,"Pura Pura Ponsel","Lagi bersih-bersih, sambil dengerin cerita panas dari customer, untung gak keselek debu🤣

Pura Pura Ponsel - Toko HP Baru & Second Terlengkap di Denpasar! ✨

Cari iPhone atau Android bekas berkualitas dengan garansi resmi?
Di sini tempatnya! Kami menyediakan beragam pilihan HP bekas yang sudah melewati proses QC ketat, jadi dijamin aman dan terpercaya.

✅ Jual Beli HP Second & Baru
✅ Bergaransi
✅ Tersedia Berbagai Merk: iPhone, Samsung, Xiaomi, Oppo, Vivo, dan lainnya
✅ Bisa Tukar Tambah & Kredit HP (Syarat & Ketentuan Berlaku)

📍 Kunjungi cabang terdekat kami:
- Kesiman: Jl. Kroya No. 3, Kesiman, Denpasar Timur
- Pemecutan Klod: Jl. Subur No. 4, Pemecutan Klod, Denpasar Barat

⏰ Buka setiap hari pukul 09:00 - 22:00 WITA.

📲 Hubungi kami untuk info stok & pemesanan: 081237200400
🌐 Cek promo terbaru di website kami: purapuraponsel.com
🛒 Belanja online aman di Tokopedia & Shopee: Pura Pura Ponsel Official

Kualitas Tidak Pernah Pura Pura.
#purapuraponsel #viral #fyp #xyzbca #reelsinstagram #telagabagus #purapuraponsel #arthadashing #komedi
#reels #komedibalilucu #viral",14,"08/24/2025 03:01",https://www.instagram.com/reel/DNu9EUy2mMe/,"IG reel",,Lifetime,6683,4219,50,3,0,10,0
18176892538339346,17841414051683694,purapura.ponsel,"Pura Pura Ponsel","Baterai iphone kalian kembung? upsss🤭belum pakai charger MFI? hadehhh sini mimin jelasin dehhh☺️

Mau tau tips tentang penggunaan iphone lainnya? bisa cek postingan kami yaa right now!!!

Pura Pura Ponsel - Toko HP Baru & Second Terlengkap di Denpasar! ✨

Cari iPhone atau Android bekas berkualitas dengan garansi resmi?
Di sini tempatnya! Kami menyediakan beragam pilihan HP bekas yang sudah melewati proses QC ketat, jadi dijamin aman dan terpercaya.

✅ Jual Beli HP Second & Baru
✅ Bergaransi
✅ Tersedia Berbagai Merk: iPhone, Samsung, Xiaomi, Oppo, Vivo, dan lainnya
✅ Bisa Tukar Tambah & Kredit HP (Syarat & Ketentuan Berlaku)

📍 Kunjungi cabang terdekat kami:
- Kesiman: Jl. Kroya No. 3, Kesiman, Denpasar Timur
- Pemecutan Klod: Jl. Subur No. 4, Pemecutan Klod, Denpasar Barat

⏰ Buka setiap hari pukul 09:00 - 22:00 WITA.

📲 Hubungi kami untuk info stok & pemesanan: 081237200400
🌐 Cek promo terbaru di website kami: purapuraponsel.com
🛒 Belanja online aman di Tokopedia & Shopee: Pura Pura Ponsel Official

Kualitas Tidak Pernah Pura Pura.
#purapuraponsel #viral #fyp #xyzbca #reelsinstagram",35,"08/24/2025 19:10",https://www.instagram.com/reel/DNwrvW_5jI1/,"IG reel",,Lifetime,5703,3751,44,0,0,14,2
18077604775798075,17841414051683694,purapura.ponsel,"Pura Pura Ponsel","Dari malaikat jadi monster dalam hitungan detik😈 Inilah seni meminjam tanpa niat mengembalikan🥲

siapa nih yang punya temen kek gini juga

Pura Pura Ponsel - Toko HP Baru & Second Terlengkap di Denpasar! ✨

Cari iPhone atau Android bekas berkualitas dengan garansi resmi?
Di sini tempatnya! Kami menyediakan beragam pilihan HP bekas yang sudah melewati proses QC ketat, jadi dijamin aman dan terpercaya.

✅ Jual Beli HP Second & Baru
✅ Bergaransi
✅ Tersedia Berbagai Merk: iPhone, Samsung, Xiaomi, Oppo, Vivo, dan lainnya
✅ Bisa Tukar Tambah & Kredit HP (Syarat & Ketentuan Berlaku)

📍 Kunjungi cabang terdekat kami:
- Kesiman: Jl. Kroya No. 3, Kesiman, Denpasar Timur
- Pemecutan Klod: Jl. Subur No. 4, Pemecutan Klod, Denpasar Barat

⏰ Buka setiap hari pukul 09:00 - 22:00 WITA.

📲 Hubungi kami untuk info stok & pemesanan: 081237200400
🌐 Cek promo terbaru di website kami: purapuraponsel.com
🛒 Belanja online aman di Tokopedia & Shopee: Pura Pura Ponsel Official

Kualitas Tidak Pernah Pura Pura.
#purapuraponsel #viral #fyp #xyzbca #reelsinstagram #telagabagus #purapuraponsel #arthadashing #komedi
#reels #komedibalilucu #viral",27,"08/25/2025 03:02",https://www.instagram.com/reel/DNxh8Em2m4b/,"IG reel",,Lifetime,6999,4382,47,1,0,4,0
18191568814319618,17841414051683694,purapura.ponsel,"Pura Pura Ponsel","Baru pertama kali gajian, langsung lupa diri! 🤣 Auto jadi sultan dadakan yang budiman😎

Pura Pura Ponsel - Toko HP Baru & Second Terlengkap di Denpasar! ✨

Cari iPhone atau Android bekas berkualitas dengan garansi resmi?
Di sini tempatnya! Kami menyediakan beragam pilihan HP bekas yang sudah melewati proses QC ketat, jadi dijamin aman dan terpercaya.

✅ Jual Beli HP Second & Baru
✅ Bergaransi
✅ Tersedia Berbagai Merk: iPhone, Samsung, Xiaomi, Oppo, Vivo, dan lainnya
✅ Bisa Tukar Tambah & Kredit HP (Syarat & Ketentuan Berlaku)

📍 Kunjungi cabang terdekat kami:
- Kesiman: Jl. Kroya No. 3, Kesiman, Denpasar Timur
- Pemecutan Klod: Jl. Subur No. 4, Pemecutan Klod, Denpasar Barat

⏰ Buka setiap hari pukul 09:00 - 22:00 WITA.

📲 Hubungi kami untuk info stok & pemesanan: 081237200400
🌐 Cek promo terbaru di website kami: purapuraponsel.com
🛒 Belanja online aman di Tokopedia & Shopee: Pura Pura Ponsel Official

Kualitas Tidak Pernah Pura Pura.
#purapuraponsel #viral #fyp #xyzbca #reelsinstagram #telagabagus #purapuraponsel #arthadashing #komedi
#reels #komedibalilucu #viral",16,"08/26/2025 03:01",https://www.instagram.com/reel/DN0GraowsTB/,"IG reel",,Lifetime,20947,13729,157,4,3,2,0
18077732284798207,17841414051683694,purapura.ponsel,"Pura Pura Ponsel","Bukan cuma soal wajah, tapi bagaimana dia memperlakukan orang lain. Itu baru definisi ganteng yang sebenarnya🫣

Pura Pura Ponsel - Toko HP Baru & Second Terlengkap di Denpasar! ✨

Cari iPhone atau Android bekas berkualitas dengan garansi resmi?
Di sini tempatnya! Kami menyediakan beragam pilihan HP bekas yang sudah melewati proses QC ketat, jadi dijamin aman dan terpercaya.

✅ Jual Beli HP Second & Baru
✅ Bergaransi
✅ Tersedia Berbagai Merk: iPhone, Samsung, Xiaomi, Oppo, Vivo, dan lainnya
✅ Bisa Tukar Tambah & Kredit HP (Syarat & Ketentuan Berlaku)

📍 Kunjungi cabang terdekat kami:
- Kesiman: Jl. Kroya No. 3, Kesiman, Denpasar Timur
- Pemecutan Klod: Jl. Subur No. 4, Pemecutan Klod, Denpasar Barat

⏰ Buka setiap hari pukul 09:00 - 22:00 WITA.

📲 Hubungi kami untuk info stok & pemesanan: 081237200400
🌐 Cek promo terbaru di website kami: purapuraponsel.com
🛒 Belanja online aman di Tokopedia & Shopee: Pura Pura Ponsel Official

Kualitas Tidak Pernah Pura Pura.
#purapuraponsel #viral #fyp #xyzbca #reelsinstagram #telagabagus #purapuraponsel #arthadashing #komedi
#reels #komedibalilucu #viral",20,"08/27/2025 03:02",https://www.instagram.com/reel/DN2rgxXUKVV/,"IG reel",,Lifetime,7233,4684,63,1,0,18,1
18107057242495247,17841414051683694,purapura.ponsel,"Pura Pura Ponsel","Iphone kalian yang mana nihh?☺️ tulis dikolom komentar donkss kalian semua pada pakek seri berapa aja nih?🥰

Pura Pura Ponsel - Toko HP Baru & Second Terlengkap di Denpasar! ✨

Cari iPhone atau Android bekas berkualitas dengan garansi resmi?
Di sini tempatnya! Kami menyediakan beragam pilihan HP bekas yang sudah melewati proses QC ketat, jadi dijamin aman dan terpercaya.

✅ Jual Beli HP Second & Baru
✅ Bergaransi
✅ Tersedia Berbagai Merk: iPhone, Samsung, Xiaomi, Oppo, Vivo, dan lainnya
✅ Bisa Tukar Tambah & Kredit HP (Syarat & Ketentuan Berlaku)

📍 Kunjungi cabang terdekat kami:
- Kesiman: Jl. Kroya No. 3, Kesiman, Denpasar Timur
- Pemecutan Klod: Jl. Subur No. 4, Pemecutan Klod, Denpasar Barat

⏰ Buka setiap hari pukul 09:00 - 22:00 WITA.

📲 Hubungi kami untuk info stok & pemesanan: 081237200400
🌐 Cek promo terbaru di website kami: purapuraponsel.com
🛒 Belanja online aman di Tokopedia & Shopee: Pura Pura Ponsel Official

Kualitas Tidak Pernah Pura Pura.
#purapuraponsel #viral #fyp #xyzbca #reelsinstagram",20,"08/27/2025 19:04",https://www.instagram.com/reel/DN4ZoggDFsK/,"IG reel",,Lifetime,8015,4924,36,0,0,6,1
17908682013216124,17841414051683694,purapura.ponsel,"Pura Pura Ponsel","Penyebab cewek gampang ilfeel, fiks putus sihh😁 Yuk tag pasanga nmu yang juga gini!!!🤣

Pura Pura Ponsel - Toko HP Baru & Second Terlengkap di Denpasar! ✨

Cari iPhone atau Android bekas berkualitas dengan garansi resmi?
Di sini tempatnya! Kami menyediakan beragam pilihan HP bekas yang sudah melewati proses QC ketat, jadi dijamin aman dan terpercaya.

✅ Jual Beli HP Second & Baru
✅ Bergaransi
✅ Tersedia Berbagai Merk: iPhone, Samsung, Xiaomi, Oppo, Vivo, dan lainnya
✅ Bisa Tukar Tambah & Kredit HP (Syarat & Ketentuan Berlaku)

📍 Kunjungi cabang terdekat kami:
- Kesiman: Jl. Kroya No. 3, Kesiman, Denpasar Timur
- Pemecutan Klod: Jl. Subur No. 4, Pemecutan Klod, Denpasar Barat

⏰ Buka setiap hari pukul 09:00 - 22:00 WITA.

📲 Hubungi kami untuk info stok & pemesanan: 081237200400
🌐 Cek promo terbaru di website kami: purapuraponsel.com
🛒 Belanja online aman di Tokopedia & Shopee: Pura Pura Ponsel Official

Kualitas Tidak Pernah Pura Pura.
#purapuraponsel #viral #fyp #xyzbca #reelsinstagram",9,"08/28/2025 03:02",https://www.instagram.com/reel/DN5QUOiCCN-/,"IG reel",,Lifetime,32258,18381,183,11,1,13,0
18083924428855153,17841442251754246,sibliwira,"BLI WIRA","PADAHAL UDAH SIAP NYENTANA

#sibliwira #reelsvideo #reelsinstagram #reels",80,"08/28/2025 03:27",https://www.instagram.com/reel/DN5S-E_Eex6/,"IG reel",,Lifetime,82942,51499,2175,92,14,36,0
18088598458825743,17841414051683694,purapura.ponsel,"Pura Pura Ponsel","NAHLO JANGAN DI TIRU YA GUYS❗️🤣
minta izin dulu sama yang punya sebelum makan😆

Pura Pura Ponsel - Toko HP Baru & Second Terlengkap di Denpasar! ✨c

Cari iPhone atau Android bekas berkualitas dengan garansi resmi?
Di sini tempatnya! Kami menyediakan beragam pilihan HP bekas yang sudah melewati proses QC ketat, jadi dijamin aman dan terpercaya.

✅ Jual Beli HP Second & Baru
✅ Bergaransi
✅ Tersedia Berbagai Merk: iPhone, Samsung, Xiaomi, Oppo, Vivo, dan lainnya
✅ Bisa Tukar Tambah & Kredit HP (Syarat & Ketentuan Berlaku)

📍 Kunjungi cabang terdekat kami:
- Kesiman: Jl. Kroya No. 3, Kesiman, Denpasar Timur
- Pemecutan Klod: Jl. Subur No. 4, Pemecutan Klod, Denpasar Barat

⏰ Buka setiap hari pukul 09:00 - 22:00 WITA.

📲 Hubungi kami untuk info stok & pemesanan: 081237200400
🌐 Cek promo terbaru di website kami: purapuraponsel.com
🛒 Belanja online aman di Tokopedia & Shopee: Pura Pura Ponsel Official

Kualitas Tidak Pernah Pura Pura.
#purapuraponsel #viral #fyp #xyzbca #reelsinstagram",81,"08/29/2025 03:02",https://www.instagram.com/reel/DN71JmJAXjX/,"IG reel",,Lifetime,450121,350150,22848,2765,242,509,420
18021635126546118,17841460557348833,arthadashing_,"Artha Dashing","Artha Vs Arthur kembali terjadi lagi!!
Kali ini Arthur tidak tahan melihat yang enak-enak

Udah pasti enak kalau kalian cobain menu dari @nanueaterybali , di jamin ketagihan
Apalagi ada promo setiap hari apalagu menunya lengkap banget guys, dan harganya sudah pasti terjangakau.
Setiap pembelanjaan di Nanu Eatry Bali akan dapat voucher free airpods dan bisa di tukar di @purapura.ponsel (toko ponsel terlengkap, berkualitas, dan harga terjangkau sebali)

Yuk pangsung merapat ke @nanueaterybali & @purapura.ponsel 

#arthadashing #arthavsarthur #purapuraponsel #komedi #reels #viral #bali #canggu #resto",136,"08/29/2025 05:02",https://www.instagram.com/reel/DN8CtsQEYqM/,"IG reel",,Lifetime,56472,42493,303,6,1,6,0
18042081272654044,17841414051683694,purapura.ponsel,"Pura Pura Ponsel","Ohhh jadi gitu hitung-hitungannya bosss

Pura Pura Ponsel - Toko HP Baru & Second Terlengkap di Denpasar! ✨

Cari iPhone atau Android bekas berkualitas dengan garansi resmi?
Di sini tempatnya! Kami menyediakan beragam pilihan HP bekas yang sudah melewati proses QC ketat, jadi dijamin aman dan terpercaya.

✅ Jual Beli HP Second & Baru
✅ Bergaransi
✅ Tersedia Berbagai Merk: iPhone, Samsung, Xiaomi, Oppo, Vivo, dan lainnya
✅ Bisa Tukar Tambah & Kredit HP (Syarat & Ketentuan Berlaku)

📍 Kunjungi cabang terdekat kami:
- Kesiman: Jl. Kroya No. 3, Kesiman, Denpasar Timur
- Pemecutan Klod: Jl. Subur No. 4, Pemecutan Klod, Denpasar Barat

⏰ Buka setiap hari pukul 09:00 - 22:00 WITA.

📲 Hubungi kami untuk info stok & pemesanan: 081237200400
🌐 Cek promo terbaru di website kami: purapuraponsel.com
🛒 Belanja online aman di Tokopedia & Shopee: Pura Pura Ponsel Official

Kualitas Tidak Pernah Pura Pura.
#purapuraponsel #viral #fyp #xyzbca #reelsinstagram",31,"08/29/2025 19:02",https://www.instagram.com/reel/DN9i-9FjLO6/,"IG reel",,Lifetime,32524,21129,345,6,2,8,4
17923028016106248,17841403237713917,telagabagus,"TELAGA BAGUS","Ketika cowok kecewa, inilah yang terjadi😭😱

Busana adat bali terlengkap + murah + bisa custom sesuka hati cuma di @telagabagus 
Handphone baru harga lebih terjangkau + unit lengkap + garansi seumur hidup cuma di @purapura.ponsel 

By : @arthadashing_ 

#telagabagus #purapuraponsel #arthadashing #busanabali #busanaadatbali #safari #bajusafari #setcouple #iphone17 #fakesituation",38,"08/30/2025 05:47",https://www.instagram.com/reel/DN-sAFaD7ip/,"IG reel",,Lifetime,301193,208480,3164,64,32,27,0
18017413001784035,17841414051683694,purapura.ponsel,"Pura Pura Ponsel","Hadehhh mas mas kok mau aja sih ditipu""🙂‍↕️ ada yang punya pengalaman yang sama? komen donk gaess😉

Pura Pura Ponsel - Toko HP Baru & Second Terlengkap di Denpasar! ✨

Cari iPhone atau Android bekas berkualitas dengan garansi resmi?
Di sini tempatnya! Kami menyediakan beragam pilihan HP bekas yang sudah melewati proses QC ketat, jadi dijamin aman dan terpercaya.

✅ Jual Beli HP Second & Baru
✅ Bergaransi
✅ Tersedia Berbagai Merk: iPhone, Samsung, Xiaomi, Oppo, Vivo, dan lainnya
✅ Bisa Tukar Tambah & Kredit HP (Syarat & Ketentuan Berlaku)

📍 Kunjungi cabang terdekat kami:
- Kesiman: Jl. Kroya No. 3, Kesiman, Denpasar Timur
- Pemecutan Klod: Jl. Subur No. 4, Pemecutan Klod, Denpasar Barat

⏰ Buka setiap hari pukul 09:00 - 22:00 WITA.

📲 Hubungi kami untuk info stok & pemesanan: 081237200400
🌐 Cek promo terbaru di website kami: purapuraponsel.com
🛒 Belanja online aman di Tokopedia & Shopee: Pura Pura Ponsel Official

Kualitas Tidak Pernah Pura Pura.
#purapuraponsel #viral #fyp #xyzbca #reelsinstagram",25,"08/30/2025 19:02",https://www.instagram.com/reel/DOAHwKgDUeK/,"IG reel",,Lifetime,10710,7042,76,0,0,8,2
18050508188259730,17841414051683694,purapura.ponsel,"Pura Pura Ponsel","Day 1 Manggung

Pas intro mulai, otak langsung blank😫. Akhirnya, intro pun jadi misteri... dan nyanyi gagal total🤭
sharing dikolom komentar tentang pengalaman kalian saat otak lagi ngeblank juga donkk🤣

Pura Pura Ponsel - Toko HP Baru & Second Terlengkap di Denpasar! ✨

Cari iPhone atau Android bekas berkualitas dengan garansi resmi?
Di sini tempatnya! Kami menyediakan beragam pilihan HP bekas yang sudah melewati proses QC ketat, jadi dijamin aman dan terpercaya.

✅ Jual Beli HP Second & Baru
✅ Bergaransi
✅ Tersedia Berbagai Merk: iPhone, Samsung, Xiaomi, Oppo, Vivo, dan lainnya
✅ Bisa Tukar Tambah & Kredit HP (Syarat & Ketentuan Berlaku)

📍 Kunjungi cabang terdekat kami:
- Kesiman: Jl. Kroya No. 3, Kesiman, Denpasar Timur
- Pemecutan Klod: Jl. Subur No. 4, Pemecutan Klod, Denpasar Barat

⏰ Buka setiap hari pukul 09:00 - 22:00 WITA.

📲 Hubungi kami untuk info stok & pemesanan: 081237200400
🌐 Cek promo terbaru di website kami: purapuraponsel.com
🛒 Belanja online aman di Tokopedia & Shopee: Pura Pura Ponsel Official

Kualitas Tidak Pernah Pura Pura.
#purapuraponsel #viral #fyp #xyzbca #reelsinstagram",58,"08/31/2025 03:02",https://www.instagram.com/reel/DOA-uC0iD6Z/,"IG reel",,Lifetime,13943,9481,143,3,0,21,1
17874997803303864,17841414051683694,purapura.ponsel,"Pura Pura Ponsel","Lah kok kena sengaja sih😌

Pura Pura Ponsel - Toko HP Baru & Second Terlengkap di Denpasar! ✨

Cari iPhone atau Android bekas berkualitas dengan garansi resmi?
Di sini tempatnya! Kami menyediakan beragam pilihan HP bekas yang sudah melewati proses QC ketat, jadi dijamin aman dan terpercaya.

✅ Jual Beli HP Second & Baru
✅ Bergaransi
✅ Tersedia Berbagai Merk: iPhone, Samsung, Xiaomi, Oppo, Vivo, dan lainnya
✅ Bisa Tukar Tambah & Kredit HP (Syarat & Ketentuan Berlaku)

📍 Kunjungi cabang terdekat kami:
- Kesiman: Jl. Kroya No. 3, Kesiman, Denpasar Timur
- Pemecutan Klod: Jl. Subur No. 4, Pemecutan Klod, Denpasar Barat

⏰ Buka setiap hari pukul 09:00 - 22:00 WITA.

📲 Hubungi kami untuk info stok & pemesanan: 081237200400
🌐 Cek promo terbaru di website kami: purapuraponsel.com
🛒 Belanja online aman di Tokopedia & Shopee: Pura Pura Ponsel Official

Kualitas Tidak Pernah Pura Pura.
#purapuraponsel #viral #fyp #xyzbca #reelsinstagram",21,"08/31/2025 19:02",https://www.instagram.com/reel/DOCskE6idio/,"IG reel",,Lifetime,12673,7953,53,1,1,2,0
17967760457795413,17841414051683694,purapura.ponsel,"Pura Pura Ponsel","Sebuah aroma yang hanya tinggal kenangan, menjadi pengingat bahwa aroma itu pernah dekat🥺

Kalian tim yang mengenal orang dari parfume nya atau apanya nihh? tulis dikolom komentar yaa!!😋

Pura Pura Ponsel - Toko HP Baru & Second Terlengkap di Denpasar! ✨

Cari iPhone atau Android bekas berkualitas dengan garansi resmi?
Di sini tempatnya! Kami menyediakan beragam pilihan HP bekas yang sudah melewati proses QC ketat, jadi dijamin aman dan terpercaya.

✅ Jual Beli HP Second & Baru
✅ Bergaransi
✅ Tersedia Berbagai Merk: iPhone, Samsung, Xiaomi, Oppo, Vivo, dan lainnya
✅ Bisa Tukar Tambah & Kredit HP (Syarat & Ketentuan Berlaku)

📍 Kunjungi cabang terdekat kami:
- Kesiman: Jl. Kroya No. 3, Kesiman, Denpasar Timur
- Pemecutan Klod: Jl. Subur No. 4, Pemecutan Klod, Denpasar Barat

⏰ Buka setiap hari pukul 09:00 - 22:00 WITA.

📲 Hubungi kami untuk info stok & pemesanan: 081237200400
🌐 Cek promo terbaru di website kami: purapuraponsel.com
🛒 Belanja online aman di Tokopedia & Shopee: Pura Pura Ponsel Official

Kualitas Tidak Pernah Pura Pura.
#purapuraponsel #viral #fyp #xyzbca #reelsinstagram""",23,"09/01/2025 03:02",https://www.instagram.com/reel/DODje__iQtq/,"IG reel",,Lifetime,8768,6498,65,4,0,15,3
17876994174398964,17841414051683694,purapura.ponsel,"Pura Pura Ponsel","SEPTEMBER PROMO IS COMING ‼️

Buat kalian yang cari Iphone brand new 😱
jangan khawatir Pura Pura Ponsel hadir dengan
berbagai series Iphone yang tentunya dengan Promo
yang menarik ya gaes😍

Kenapa harus di Pura Pura Ponsel ?
Kualitas barang SAMA ✅
Bergaransi resmi ✅
Banyak BENEFITNYA ✅
Harga lebih TERJANGKAU ✅
Bisa TUKAR TAMBAH ✅
Bisa KREDIT dengan DP dan BUNGA 0% ✅
Bisa SPLIT Payment ✅

Buat kalian yang nggak bisa datang ke toko bisa
checkout di toko online Minpur ya ada cashback
hingga jutaan rupiah pengiriman cepat, dijamin aman
sampai tujuan 🚀
Jadi tunggu apalagi ? yuk mampir ke store 🤩🚀

———
Info Lebih Lanjut ✨
(Click Link on Bio)

📍Jl. Kroya No. 3, Kesiman, Denpasar
📍Jl. Subur No. 4 Pemecutan Klod, Denpasar Barat
⏰ Open Everyday 09:00 - 22:00 WIB⁣⁣⁣⁣⁣⁣⁣⁣⁣⁣⁣⁣⁣⁣⁣⁣⁣⁣⁣⁣⁣⁣⁣⁣⁣⁣⁣⁣⁣⁣
📲 Admin : 081237200400
🛒 Tokopedia: Pura Pura Ponsel Official
🛒 Shopee: Pura Pura Ponsel
—
Kualitas Tidak Pernah Pura Pura

#iphone #applestore #iphonebali #iphonedenpasar
#purapuraponsel",0,"09/01/2025 17:30",https://www.instagram.com/p/DOFG126AVsi/,"IG carousel",,Lifetime,546245,105724,845,137,324,38,267
18063542126029073,17841414051683694,purapura.ponsel,"Pura Pura Ponsel","SERVICE HERE‼️

Kalian sudah cek handphone kalian belum? 😬
punya masalah lain sama handphone kamu? Bawa aja ke Pura Pura Ponsel.
Kami ada layanan service terpercaya! 🤩

Kenapa harus service di Pura Pura Ponsel?

✅Free tempered glass dan case
✅Service bisa ditunggu
✅Bisa dilihat secara face to face
✅Pembayaran service bisa kredit
✅Setiap pergantian sparepart apapun potongan up to 50%

———
Info Lebih Lanjut ✨
(Click Link on Bio)
📍Jl. Kroya No. 3, Kesiman, Denpasar
📍Jl. Subur No. 4 Pemecutan Klod, Denpasar Barat
⏰ Open Everyday 09:00 - 22:00 WIB⁣⁣⁣⁣⁣⁣⁣⁣⁣⁣⁣⁣⁣⁣⁣⁣⁣⁣⁣⁣⁣⁣⁣⁣⁣⁣⁣⁣⁣⁣
📲 Admin : 081237200400
🛒 Tokopedia: Pura Pura Ponsel Official
🛒 Shopee: Pura Pura Ponsel
—
Kualitas Tidak Pernah Pura Pura
#iphone #applestore #iphonebali #iphonedenpasar #service",0,"09/01/2025 17:30",https://www.instagram.com/p/DOFG19Oj4u8/,"IG carousel",,Lifetime,351401,95587,304,23,147,11,111
17913797646174455,17841414051683694,purapura.ponsel,"Pura Pura Ponsel","Kalian pecinta apple product ? Belum
lengkap kalau belum koleksi semuanya nih 🙈
Transfer data yang mudah, sikronisasi antar perangkat,
serta pengalaman pengguna yang konsisten di semua
perangkat.

Kenapa harus di Pura Pura Ponsel ?
Kualitas barang SAMA ✅
Bergaransi resmi ✅
Banyak BENEFITNYA ✅
Harga lebih TERJANGKAU ✅
Bisa KREDIT dengan DP dan BUNGA 0% ✅

Dan buat kalian yang belum sempat datang ke toko,
bisa checkout di toko online Minpur ya. Packing aman,
lengkap dan cepat sampai tujuan 💨
Jadi tunggu apalagi ? yuk segera datang ke toko 🔥

Pura Pura Ponsel - Toko HP Baru & Second Denpasar!
Jual Beli iPhone & Android Bekas Bergaransi &
Terlengkap.

📍 Cabang Kesiman: Jl. Kroya No. 3, Kesiman,
Denpasar Timur
📍 Cabang Pemecutan Klod: Jl. Subur No. 4,
Pemecutan Klod, Denpasar Barat

⏰ Buka Setiap Hari: 09:00 - 22:00 WITA⁣⁣⁣⁣⁣⁣⁣⁣⁣⁣⁣⁣⁣⁣⁣⁣⁣⁣⁣⁣⁣⁣⁣⁣⁣⁣⁣⁣⁣⁣

📲 Info & Pemesanan: 081237200400
🌐 Cek Stok & Promo Lengkap di:
purapuraponsel.com
🛒 Tokopedia: Pura Pura Ponsel Official
🛒 Shopee: Pura Pura Ponsel
---
Kualitas Tidak Pernah Pura Pura

#service #smartphone #iphonebali #android
#purapuraponsel #appleproducts",0,"09/01/2025 17:58",https://www.instagram.com/p/DOFKG3rEeFU/,"IG carousel",,Lifetime,500185,97973,302,32,115,13,70
17947602105040612,17841414051683694,purapura.ponsel,"Pura Pura Ponsel","SEPTEMBER PROMO IS COMING ‼️

Buat kalian yang cari Android Brand New maupun second
Pura Pura Ponsel hadir dengan berbagai series Android yang lengkap dan tentunya dengan PROMO yang ga nanggung nanggung 😱

Kenapa harus di Pura Pura Ponsel ?
Kualitas barang SAMA ✅
Bergaransi resmi ✅
Banyak BENEFITNYA ✅
Harga lebih TERJANGKAU ✅
Bisa TUKAR TAMBAH✅
Bisa KREDIT dengan DP dan BUNGA 0% ✅
Bisa SPLIT Payment ✅
Dan tentunya BERKESEMPATAN Lucky Draw setiap pembelian android brand new yang hadiahnya berupa handphone dan voucher hingga jutaan rupiah 🤩
Buat kalian yang nggak bisa datang ke toko bisa checkout di toko online Minpur ya ada cashback hingga jutaan rupiah pengiriman cepat, dijamin aman sampai tujuan whoshhh 💨
———
Info Lebih Lanjut ✨
(Click Link on Bio)
📍Jl. Kroya No. 3, Kesiman, Denpasar
📍Jl. Subur No. 4 Pemecutan Klod, Denpasar Barat
⏰ Open Everyday 09:00 - 22:00 WIB⁣⁣⁣⁣⁣⁣⁣⁣⁣⁣⁣⁣⁣⁣⁣⁣⁣⁣⁣⁣⁣⁣⁣⁣⁣⁣⁣⁣⁣⁣
📲 Admin : 081237200400
🛒 Tokopedia: Pura Pura Ponsel Official
🛒 Shopee: Pura Pura Ponsel
—
Kualitas Tidak Pernah Pura Pura
#service #smartphone #iphonebali #android #purapuraponsel",0,"09/01/2025 17:59",https://www.instagram.com/p/DOFKOuNDLde/,"IG carousel",,Lifetime,610572,120576,621,13,270,28,132
18052294154224377,17841414051683694,purapura.ponsel,"Pura Pura Ponsel","Scan dokumen masih pakai cara yang lama ?
berikut cara gampangnya🤩
yang sudah cobain komen di bawah ya👇🏻😬

Pura Pura Ponsel - Toko HP Baru & Second Terlengkap di Denpasar! ✨

Cari iPhone atau Android bekas berkualitas dengan garansi resmi?
Di sini tempatnya! Kami menyediakan beragam pilihan HP bekas yang sudah melewati proses QC ketat, jadi dijamin aman dan terpercaya.

✅ Jual Beli HP Second & Baru
✅ Bergaransi
✅ Tersedia Berbagai Merk: iPhone, Samsung, Xiaomi, Oppo, Vivo, dan lainnya
✅ Bisa Tukar Tambah & Kredit HP (Syarat & Ketentuan Berlaku)

📍 Kunjungi cabang terdekat kami:
- Kesiman: Jl. Kroya No. 3, Kesiman, Denpasar Timur
- Pemecutan Klod: Jl. Subur No. 4, Pemecutan Klod, Denpasar Barat

⏰ Buka setiap hari pukul 09:00 - 22:00 WITA.

📲 Hubungi kami untuk info stok & pemesanan: 081237200400
🌐 Cek promo terbaru di website kami: purapuraponsel.com
🛒 Belanja online aman di Tokopedia & Shopee: Pura Pura Ponsel Official

Kualitas Tidak Pernah Pura Pura.
#purapuraponsel #viral #fyp #xyzbca #reelsinstagram",39,"09/01/2025 19:02",https://www.instagram.com/reel/DOFRWSoAFRk/,"IG reel",,Lifetime,6751,5326,27,0,1,0,1
18065144846197157,17841414051683694,purapura.ponsel,"Pura Pura Ponsel","Belum ada 1 detik lahh kok ilang?😭🤣
yang pernah kehilangan helm komen donksss🤭

Pura Pura Ponsel - Toko HP Baru & Second Terlengkap di Denpasar! ✨

Cari iPhone atau Android bekas berkualitas dengan garansi resmi?
Di sini tempatnya! Kami menyediakan beragam pilihan HP bekas yang sudah melewati proses QC ketat, jadi dijamin aman dan terpercaya.

✅ Jual Beli HP Second & Baru
✅ Bergaransi
✅ Tersedia Berbagai Merk: iPhone, Samsung, Xiaomi, Oppo, Vivo, dan lainnya
✅ Bisa Tukar Tambah & Kredit HP (Syarat & Ketentuan Berlaku)

📍 Kunjungi cabang terdekat kami:
- Kesiman: Jl. Kroya No. 3, Kesiman, Denpasar Timur
- Pemecutan Klod: Jl. Subur No. 4, Pemecutan Klod, Denpasar Barat

⏰ Buka setiap hari pukul 09:00 - 22:00 WITA.

📲 Hubungi kami untuk info stok & pemesanan: 081237200400
🌐 Cek promo terbaru di website kami: purapuraponsel.com
🛒 Belanja online aman di Tokopedia & Shopee: Pura Pura Ponsel Official

Kualitas Tidak Pernah Pura Pura.
#purapuraponsel #viral #fyp #xyzbca #reelsinstagram #telagabagus #purapuraponsel #arthadashing #komedi
#reels #komedibalilucu #viral""",39,"09/02/2025 03:02",https://www.instagram.com/reel/DOGIQaJAYoU/,"IG reel",,Lifetime,8086,5553,57,1,0,4,2
18167289817363120,17841414051683694,purapura.ponsel,"Pura Pura Ponsel","iPhone 17 sebentar lagi rilis! 🤩🤩

Warnanya kece-kece, beda dengan 16 series
Dan buat kalian yang suka dengan warna iphone 13 pro series kayaknya wajib beli sih 😻

tapii.. kok mirip android ya? 🤔

Pura Pura Ponsel - Toko HP Baru & Second Terlengkap di Denpasar! ✨

Cari iPhone atau Android bekas berkualitas dengan garansi resmi?
Di sini tempatnya! Kami menyediakan beragam pilihan HP bekas yang sudah melewati proses QC ketat, jadi dijamin aman dan terpercaya.

✅ Jual Beli HP Second & Baru
✅ Bergaransi
✅ Tersedia Berbagai Merk: iPhone, Samsung, Xiaomi, Oppo, Vivo, dan lainnya
✅ Bisa Tukar Tambah & Kredit HP (Syarat & Ketentuan Berlaku)

📍 Kunjungi cabang terdekat kami:
- Kesiman: Jl. Kroya No. 3, Kesiman, Denpasar Timur
- Pemecutan Klod: Jl. Subur No. 4, Pemecutan Klod, Denpasar Barat

⏰ Buka setiap hari pukul 09:00 - 22:00 WITA.

📲 Hubungi kami untuk info stok & pemesanan: 081237200400
🌐 Cek promo terbaru di website kami: purapuraponsel.com
🛒 Belanja online aman di Tokopedia & Shopee: Pura Pura Ponsel Official

Kualitas Tidak Pernah Pura Pura.
#purapuraponsel #viral #fyp #xyzbca #reelsinstagram""",0,"09/02/2025 04:24",https://www.instagram.com/p/DOGRvcIE6VZ/,"IG carousel",,Lifetime,136134,33965,786,174,14,17,27
18528944896017111,17841414051683694,purapura.ponsel,"Pura Pura Ponsel","Kalian sudah cek handphone kalian belum? 😬
punya masalah lain sama handphone kamu? Bawa aja ke Pura Pura Ponsel.
Kami ada layanan service terpercaya! 🤩

Pura Pura Ponsel - Toko HP Baru & Second Terlengkap di Denpasar! ✨

Cari iPhone atau Android bekas berkualitas dengan garansi resmi?
Di sini tempatnya! Kami menyediakan beragam pilihan HP bekas yang sudah melewati proses QC ketat, jadi dijamin aman dan terpercaya.

✅ Jual Beli HP Second & Baru
✅ Bergaransi
✅ Tersedia Berbagai Merk: iPhone, Samsung, Xiaomi, Oppo, Vivo, dan lainnya
✅ Bisa Tukar Tambah & Kredit HP (Syarat & Ketentuan Berlaku)

📍 Kunjungi cabang terdekat kami:
- Kesiman: Jl. Kroya No. 3, Kesiman, Denpasar Timur
- Pemecutan Klod: Jl. Subur No. 4, Pemecutan Klod, Denpasar Barat

⏰ Buka setiap hari pukul 09:00 - 22:00 WITA.

📲 Hubungi kami untuk info stok & pemesanan: 081237200400
🌐 Cek promo terbaru di website kami: purapuraponsel.com
🛒 Belanja online aman di Tokopedia & Shopee: Pura Pura Ponsel Official

Kualitas Tidak Pernah Pura Pura.
#purapuraponsel #viral #fyp #xyzbca #reelsinstagram",31,"09/02/2025 19:01",https://www.instagram.com/reel/DOH2BLgAa_M/,"IG reel",,Lifetime,5443,4032,44,4,0,12,5
18174874363353568,17841414051683694,purapura.ponsel,"Pura Pura Ponsel","Siapa aja nih yang kelahiran tahun 90 an masih jombs😜
yuk komen di bawah yaa👇🏻😁

Pura Pura Ponsel - Toko HP Baru & Second Terlengkap di Denpasar! ✨

Cari iPhone atau Android bekas berkualitas dengan garansi resmi?
Di sini tempatnya! Kami menyediakan beragam pilihan HP bekas yang sudah melewati proses QC ketat, jadi dijamin aman dan terpercaya.

✅ Jual Beli HP Second & Baru
✅ Bergaransi
✅ Tersedia Berbagai Merk: iPhone, Samsung, Xiaomi, Oppo, Vivo, dan lainnya
✅ Bisa Tukar Tambah & Kredit HP (Syarat & Ketentuan Berlaku)

📍 Kunjungi cabang terdekat kami:
- Kesiman: Jl. Kroya No. 3, Kesiman, Denpasar Timur
- Pemecutan Klod: Jl. Subur No. 4, Pemecutan Klod, Denpasar Barat

⏰ Buka setiap hari pukul 09:00 - 22:00 WITA.

📲 Hubungi kami untuk info stok & pemesanan: 081237200400
🌐 Cek promo terbaru di website kami: purapuraponsel.com
🛒 Belanja online aman di Tokopedia & Shopee: Pura Pura Ponsel Official

Kualitas Tidak Pernah Pura Pura.
#purapuraponsel #viral #fyp #xyzbca #reelsinstagram",23,"09/03/2025 03:02",https://www.instagram.com/reel/DOItFBRiPjI/,"IG reel",,Lifetime,19853,13112,219,14,2,25,6
18189747523321204,17841414051683694,purapura.ponsel,"Pura Pura Ponsel","Takut Iphone kalian white screen?🫣

jangan khawatir, langsung service ke Pura Pura Ponsel yaa!🥰
masih bingung? DM mimin sekarang yaaa!!😉

Pura Pura Ponsel - Toko HP Baru & Second Terlengkap di Denpasar! ✨

Cari iPhone atau Android bekas berkualitas dengan garansi resmi?
Di sini tempatnya! Kami menyediakan beragam pilihan HP bekas yang sudah melewati proses QC ketat, jadi dijamin aman dan terpercaya.

✅ Jual Beli HP Second & Baru
✅ Bergaransi
✅ Tersedia Berbagai Merk: iPhone, Samsung, Xiaomi, Oppo, Vivo, dan lainnya
✅ Bisa Tukar Tambah & Kredit HP (Syarat & Ketentuan Berlaku)

📍 Kunjungi cabang terdekat kami:
- Kesiman: Jl. Kroya No. 3, Kesiman, Denpasar Timur
- Pemecutan Klod: Jl. Subur No. 4, Pemecutan Klod, Denpasar Barat

⏰ Buka setiap hari pukul 09:00 - 22:00 WITA.

📲 Hubungi kami untuk info stok & pemesanan: 081237200400
🌐 Cek promo terbaru di website kami: purapuraponsel.com
🛒 Belanja online aman di Tokopedia & Shopee: Pura Pura Ponsel Official

Kualitas Tidak Pernah Pura Pura.
#purapuraponsel #viral #fyp #xyzbca #reelsinstagram",46,"09/03/2025 19:01",https://www.instagram.com/reel/DOKa1e_jZY1/,"IG reel",,Lifetime,5890,4127,51,0,0,4,2
17955753956851055,17841414051683694,purapura.ponsel,"Pura Pura Ponsel","Komen dibawah ya!
Untuk 1 orang pemenang dapatkan hadiah 50k😱 yuk buruan komen yaa gaess!

Pura Pura Ponsel - Toko HP Baru & Second Terlengkap di Denpasar! ✨

Cari iPhone atau Android bekas berkualitas dengan garansi resmi?
Di sini tempatnya! Kami menyediakan beragam pilihan HP bekas yang sudah melewati proses QC ketat, jadi dijamin aman dan terpercaya.

✅ Jual Beli HP Second & Baru
✅ Bergaransi
✅ Tersedia Berbagai Merk: iPhone, Samsung, Xiaomi, Oppo, Vivo, dan lainnya
✅ Bisa Tukar Tambah & Kredit HP (Syarat & Ketentuan Berlaku)

📍 Kunjungi cabang terdekat kami:
- Kesiman: Jl. Kroya No. 3, Kesiman, Denpasar Timur
- Pemecutan Klod: Jl. Subur No. 4, Pemecutan Klod, Denpasar Barat

⏰ Buka setiap hari pukul 09:00 - 22:00 WITA.

📲 Hubungi kami untuk info stok & pemesanan: 081237200400
🌐 Cek promo terbaru di website kami: purapuraponsel.com
🛒 Belanja online aman di Tokopedia & Shopee: Pura Pura Ponsel Official

Kualitas Tidak Pernah Pura Pura.
#purapuraponsel #viral #fyp #xyzbca #reelsinstagram",17,"09/04/2025 03:02",https://www.instagram.com/reel/DOLR7itid2b/,"IG reel",,Lifetime,68325,32538,332,97,2,61,18
18079697740945765,17841414051683694,purapura.ponsel,"Pura Pura Ponsel","Siapa nih yang bandel banget dibilangin😏 masih aja sih pakai kabel yang gak ori😌

komen ya siapa aja yang bandel nihhh!!😤

Pura Pura Ponsel - Toko HP Baru & Second Terlengkap di Denpasar! ✨

Cari iPhone atau Android bekas berkualitas dengan garansi resmi?
Di sini tempatnya! Kami menyediakan beragam pilihan HP bekas yang sudah melewati proses QC ketat, jadi dijamin aman dan terpercaya.

✅ Jual Beli HP Second & Baru
✅ Bergaransi
✅ Tersedia Berbagai Merk: iPhone, Samsung, Xiaomi, Oppo, Vivo, dan lainnya
✅ Bisa Tukar Tambah & Kredit HP (Syarat & Ketentuan Berlaku)

📍 Kunjungi cabang terdekat kami:
- Kesiman: Jl. Kroya No. 3, Kesiman, Denpasar Timur
- Pemecutan Klod: Jl. Subur No. 4, Pemecutan Klod, Denpasar Barat

⏰ Buka setiap hari pukul 09:00 - 22:00 WITA.

📲 Hubungi kami untuk info stok & pemesanan: 081237200400
🌐 Cek promo terbaru di website kami: purapuraponsel.com
🛒 Belanja online aman di Tokopedia & Shopee: Pura Pura Ponsel Official

Kualitas Tidak Pernah Pura Pura.
#purapuraponsel #viral #fyp #xyzbca #reelsinstagram",20,"09/04/2025 19:02",https://www.instagram.com/reel/DOM_vmPgdA2/,"IG reel",,Lifetime,5067,3601,31,0,1,2,0
18174992683345200,17841414051683694,purapura.ponsel,"Pura Pura Ponsel","MAGER‼️

Mager keluar rumah tapi butuh HP baru?
Jangan khawatir.
sekarang belanja gadget impian bisa dari mana saja!
Dapatkan berbagai tipe handphone terbaru dan aksesoris gadget berkualitas di toko online kami.
iPhone, Samsung, Xiaomi, dan banyak lagi, semua bisa kamu dapatkan dengan mudah dan aman.
Langsung klik link di bio untuk cek koleksi lengkap kami dan nikmati promo handphone spesial!

KHUSUS HARI INI‼️

Pura Pura Ponsel - Toko HP Baru & Second Terlengkap di Denpasar! ✨

Cari iPhone atau Android bekas berkualitas dengan garansi resmi?
Di sini tempatnya! Kami menyediakan beragam pilihan HP bekas yang sudah melewati proses QC ketat, jadi dijamin aman dan terpercaya.

✅ Jual Beli HP Second & Baru
✅ Bergaransi
✅ Tersedia Berbagai Merk: iPhone, Samsung, Xiaomi, Oppo, Vivo, dan lainnya
✅ Bisa Tukar Tambah & Kredit HP (Syarat & Ketentuan Berlaku)

📍 Kunjungi cabang terdekat kami:
- Kesiman: Jl. Kroya No. 3, Kesiman, Denpasar Timur
- Pemecutan Klod: Jl. Subur No. 4, Pemecutan Klod, Denpasar Barat

⏰ Buka setiap hari pukul 09:00 - 22:00 WITA.

📲 Hubungi kami untuk info stok & pemesanan: 081237200400
🌐 Cek promo terbaru di website kami: purapuraponsel.com
🛒 Belanja online aman di Tokopedia & Shopee: Pura Pura Ponsel Official

Kualitas Tidak Pernah Pura Pura.
#purapuraponsel #viral #fyp #xyzbca #reelsinstagram",15,"09/05/2025 00:05",https://www.instagram.com/reel/DONiN4hkyak/,"IG reel",,Lifetime,31506,23028,115,4,5,8,2
18109508821559474,17841414051683694,purapura.ponsel,"Pura Pura Ponsel","POV : Punya Cewek Yang Suka Mancing Giliran di Seriusin Malah Takut😋

hayoo ngaku siapa tuh komen di bawah ya👇🏻

Pura Pura Ponsel - Toko HP Baru & Second Terlengkap di Denpasar! ✨

Cari iPhone atau Android bekas berkualitas dengan garansi resmi?
Di sini tempatnya! Kami menyediakan beragam pilihan HP bekas yang sudah melewati proses QC ketat, jadi dijamin aman dan terpercaya.

✅ Jual Beli HP Second & Baru
✅ Bergaransi
✅ Tersedia Berbagai Merk: iPhone, Samsung, Xiaomi, Oppo, Vivo, dan lainnya
✅ Bisa Tukar Tambah & Kredit HP (Syarat & Ketentuan Berlaku)

📍 Kunjungi cabang terdekat kami:
- Kesiman: Jl. Kroya No. 3, Kesiman, Denpasar Timur
- Pemecutan Klod: Jl. Subur No. 4, Pemecutan Klod, Denpasar Barat

⏰ Buka setiap hari pukul 09:00 - 22:00 WITA.

📲 Hubungi kami untuk info stok & pemesanan: 081237200400
🌐 Cek promo terbaru di website kami: purapuraponsel.com
🛒 Belanja online aman di Tokopedia & Shopee: Pura Pura Ponsel Official

Kualitas Tidak Pernah Pura Pura.
#purapuraponsel #viral #fyp #xyzbca #reelsinstagram",40,"09/05/2025 03:01",https://www.instagram.com/reel/DON2g6xjLpk/,"IG reel",,Lifetime,10857,7305,65,1,2,6,6
18068066062976054,17841414051683694,purapura.ponsel,"Pura Pura Ponsel","Solusi yang gampang kan ?🤩
siapa nih yang sering lupa cabut cas dan di tinggal tidur komen di bawah ya👇🏻

Pura Pura Ponsel - Toko HP Baru & Second Terlengkap di Denpasar! ✨

Cari iPhone atau Android bekas berkualitas dengan garansi resmi?
Di sini tempatnya! Kami menyediakan beragam pilihan HP bekas yang sudah melewati proses QC ketat, jadi dijamin aman dan terpercaya.

✅ Jual Beli HP Second & Baru
✅ Bergaransi
✅ Tersedia Berbagai Merk: iPhone, Samsung, Xiaomi, Oppo, Vivo, dan lainnya
✅ Bisa Tukar Tambah & Kredit HP (Syarat & Ketentuan Berlaku)

📍 Kunjungi cabang terdekat kami:
- Kesiman: Jl. Kroya No. 3, Kesiman, Denpasar Timur
- Pemecutan Klod: Jl. Subur No. 4, Pemecutan Klod, Denpasar Barat

⏰ Buka setiap hari pukul 09:00 - 22:00 WITA.

📲 Hubungi kami untuk info stok & pemesanan: 081237200400
🌐 Cek promo terbaru di website kami: purapuraponsel.com
🛒 Belanja online aman di Tokopedia & Shopee: Pura Pura Ponsel Official

Kualitas Tidak Pernah Pura Pura.
#purapuraponsel #viral #fyp #xyzbca #reelsinstagram",19,"09/05/2025 19:02",https://www.instagram.com/reel/DOPkimIjN7i/,"IG reel",,Lifetime,5652,4025,38,1,1,2,2
18279778528275762,17841414051683694,purapura.ponsel,"Pura Pura Ponsel","DEMI IPHONE 16 PRO MAX😌
jangan di tiru ya ges ya😆
daripada bingung mending kredit aja di Pura Pura Ponsel🤩 bisa dapatkan PROMO bunga dan DP 0%🔥

Pura Pura Ponsel - Toko HP Baru & Second Terlengkap di Denpasar! ✨

Cari iPhone atau Android bekas berkualitas dengan garansi resmi?
Di sini tempatnya! Kami menyediakan beragam pilihan HP bekas yang sudah melewati proses QC ketat, jadi dijamin aman dan terpercaya.

✅ Jual Beli HP Second & Baru
✅ Bergaransi
✅ Tersedia Berbagai Merk: iPhone, Samsung, Xiaomi, Oppo, Vivo, dan lainnya
✅ Bisa Tukar Tambah & Kredit HP (Syarat & Ketentuan Berlaku)

📍 Kunjungi cabang terdekat kami:
- Kesiman: Jl. Kroya No. 3, Kesiman, Denpasar Timur
- Pemecutan Klod: Jl. Subur No. 4, Pemecutan Klod, Denpasar Barat

⏰ Buka setiap hari pukul 09:00 - 22:00 WITA.

📲 Hubungi kami untuk info stok & pemesanan: 081237200400
🌐 Cek promo terbaru di website kami: purapuraponsel.com
🛒 Belanja online aman di Tokopedia & Shopee: Pura Pura Ponsel Official

Kualitas Tidak Pernah Pura Pura.
#purapuraponsel #viral #fyp #xyzbca #reelsinstagram #telagabagus #purapuraponsel #arthadashing #komedi
#reels #komedibalilucu #viral""",12,"09/06/2025 03:01",https://www.instagram.com/reel/DOQbYYliFn7/,"IG reel",,Lifetime,66627,38454,640,42,1,2,18
18004948634799270,17841414051683694,purapura.ponsel,"Pura Pura Ponsel","Tahan air dan debu dengan sertifikasi IP68/IP69, Vivo V60 siap menemani petualanganmu🤩

Siap upgrade? komen ""MAU"" dibawah atau langsung DM mimin buat konsultasi gratis! mimin bantu kalian dapat HP impian😉

Pura Pura Ponsel - Toko HP Baru & Second Terlengkap di Denpasar! ✨

Cari iPhone atau Android bekas berkualitas dengan garansi resmi?
Di sini tempatnya! Kami menyediakan beragam pilihan HP bekas yang sudah melewati proses QC ketat, jadi dijamin aman dan terpercaya.

✅ Jual Beli HP Second & Baru
✅ Bergaransi
✅ Tersedia Berbagai Merk: iPhone, Samsung, Xiaomi, Oppo, Vivo, dan lainnya
✅ Bisa Tukar Tambah & Kredit HP (Syarat & Ketentuan Berlaku)

📍 Kunjungi cabang terdekat kami:
- Kesiman: Jl. Kroya No. 3, Kesiman, Denpasar Timur
- Pemecutan Klod: Jl. Subur No. 4, Pemecutan Klod, Denpasar Barat

⏰ Buka setiap hari pukul 09:00 - 22:00 WITA.

📲 Hubungi kami untuk info stok & pemesanan: 081237200400
🌐 Cek promo terbaru di website kami: purapuraponsel.com
🛒 Belanja online aman di Tokopedia & Shopee: Pura Pura Ponsel Official

Kualitas Tidak Pernah Pura Pura.
#purapuraponsel #viral #fyp #xyzbca #reelsinstagram""""""",146,"09/06/2025 20:26",https://www.instagram.com/reel/DOSS53hk5Fo/,"IG reel",,Lifetime,9827,6710,88,1,1,4,2
18064861115206823,17841414051683694,purapura.ponsel,"Pura Pura Ponsel","Kalian tim langsung praktek atau teori nihhh?🤣

Pura Pura Ponsel - Toko HP Baru & Second Terlengkap di Denpasar! ✨

Cari iPhone atau Android bekas berkualitas dengan garansi resmi?
Di sini tempatnya! Kami menyediakan beragam pilihan HP bekas yang sudah melewati proses QC ketat, jadi dijamin aman dan terpercaya.

✅ Jual Beli HP Second & Baru
✅ Bergaransi
✅ Tersedia Berbagai Merk: iPhone, Samsung, Xiaomi, Oppo, Vivo, dan lainnya
✅ Bisa Tukar Tambah & Kredit HP (Syarat & Ketentuan Berlaku)

📍 Kunjungi cabang terdekat kami:
- Kesiman: Jl. Kroya No. 3, Kesiman, Denpasar Timur
- Pemecutan Klod: Jl. Subur No. 4, Pemecutan Klod, Denpasar Barat

⏰ Buka setiap hari pukul 09:00 - 22:00 WITA.

📲 Hubungi kami untuk info stok & pemesanan: 081237200400
🌐 Cek promo terbaru di website kami: purapuraponsel.com
🛒 Belanja online aman di Tokopedia & Shopee: Pura Pura Ponsel Official

Kualitas Tidak Pernah Pura Pura.
#purapuraponsel #viral #fyp #xyzbca #reelsinstagram",14,"09/07/2025 03:02",https://www.instagram.com/reel/DOTAOkdAPHk/,"IG reel",,Lifetime,7025,4478,30,0,0,6,1
18150835456403913,17841414051683694,purapura.ponsel,"Pura Pura Ponsel","kira kira orang mana tuh ya ? 😆

Pura Pura Ponsel - Toko HP Baru & Second Terlengkap di Denpasar! ✨

Cari iPhone atau Android bekas berkualitas dengan garansi resmi?
Di sini tempatnya! Kami menyediakan beragam pilihan HP bekas yang sudah melewati proses QC ketat, jadi dijamin aman dan terpercaya.

✅ Jual Beli HP Second & Baru
✅ Bergaransi
✅ Tersedia Berbagai Merk: iPhone, Samsung, Xiaomi, Oppo, Vivo, dan lainnya
✅ Bisa Tukar Tambah & Kredit HP (Syarat & Ketentuan Berlaku)

📍 Kunjungi cabang terdekat kami:
- Kesiman: Jl. Kroya No. 3, Kesiman, Denpasar Timur
- Pemecutan Klod: Jl. Subur No. 4, Pemecutan Klod, Denpasar Barat

⏰ Buka setiap hari pukul 09:00 - 22:00 WITA.

📲 Hubungi kami untuk info stok & pemesanan: 081237200400
🌐 Cek promo terbaru di website kami: purapuraponsel.com
🛒 Belanja online aman di Tokopedia & Shopee: Pura Pura Ponsel Official

Kualitas Tidak Pernah Pura Pura.
#purapuraponsel #viral #fyp #xyzbca #reelsinstagram""""""",16,"09/07/2025 19:00",https://www.instagram.com/reel/DOUpAzGk5my/,"IG reel",,Lifetime,21992,14068,163,0,0,17,4
18087645964869960,17841414051683694,purapura.ponsel,"Pura Pura Ponsel","Siapa yang siap untuk iphone 17? 🤩🫵🏻
Berikut untuk estimasi harganya ya! 🥰

Sudah open PO ya guys, yuk dm sekarang! 😍😍

Pura Pura Ponsel - Toko HP Baru & Second Terlengkap di Denpasar! ✨

Cari iPhone atau Android bekas berkualitas dengan garansi resmi?
Di sini tempatnya! Kami menyediakan beragam pilihan HP bekas yang sudah melewati proses QC ketat, jadi dijamin aman dan terpercaya.

✅ Jual Beli HP Second & Baru
✅ Bergaransi
✅ Tersedia Berbagai Merk: iPhone, Samsung, Xiaomi, Oppo, Vivo, dan lainnya
✅ Bisa Tukar Tambah & Kredit HP (Syarat & Ketentuan Berlaku)

📍 Kunjungi cabang terdekat kami:
- Kesiman: Jl. Kroya No. 3, Kesiman, Denpasar Timur
- Pemecutan Klod: Jl. Subur No. 4, Pemecutan Klod, Denpasar Barat

⏰ Buka setiap hari pukul 09:00 - 22:00 WITA.

📲 Hubungi kami untuk info stok & pemesanan: 081237200400
🌐 Cek promo terbaru di website kami: purapuraponsel.com
🛒 Belanja online aman di Tokopedia & Shopee: Pura Pura Ponsel Official

Kualitas Tidak Pernah Pura Pura.
#purapuraponsel #viral #fyp #xyzbca #reelsinstagram""""""",0,"09/07/2025 23:59",https://www.instagram.com/p/DOVQHjSk0gh/,"IG carousel",,Lifetime,139970,33099,686,440,36,38,70
18054133232395955,17841414051683694,purapura.ponsel,"Pura Pura Ponsel","Inilah kenapa cowok mikir dua kali sebelum bikin salah sama istri. 😱 Mendingan bersih bersih daripada kena uppercut! 😂

yang merasa related komen ya gaess!!

Pura Pura Ponsel - Toko HP Baru & Second Terlengkap di Denpasar! ✨

Cari iPhone atau Android bekas berkualitas dengan garansi resmi?
Di sini tempatnya! Kami menyediakan beragam pilihan HP bekas yang sudah melewati proses QC ketat, jadi dijamin aman dan terpercaya.

✅ Jual Beli HP Second & Baru
✅ Bergaransi
✅ Tersedia Berbagai Merk: iPhone, Samsung, Xiaomi, Oppo, Vivo, dan lainnya
✅ Bisa Tukar Tambah & Kredit HP (Syarat & Ketentuan Berlaku)

📍 Kunjungi cabang terdekat kami:
- Kesiman: Jl. Kroya No. 3, Kesiman, Denpasar Timur
- Pemecutan Klod: Jl. Subur No. 4, Pemecutan Klod, Denpasar Barat

⏰ Buka setiap hari pukul 09:00 - 22:00 WITA.

📲 Hubungi kami untuk info stok & pemesanan: 081237200400
🌐 Cek promo terbaru di website kami: purapuraponsel.com
🛒 Belanja online aman di Tokopedia & Shopee: Pura Pura Ponsel Official

Kualitas Tidak Pernah Pura Pura.
#purapuraponsel #viral #fyp #xyzbca #reelsinstagram",11,"09/08/2025 03:01",https://www.instagram.com/reel/DOVk7NgicyC/,"IG reel",,Lifetime,31744,18900,132,1,0,2,2
18294331756270024,17841403237713917,telagabagus,"TELAGA BAGUS","TEMAN susah senang harus bersama, tapi endingnya😭😭

Busana adat bebas request dan jarit di tempat, mualai dari safari,udeng,kamen jadi, dll bisa cuma di @telagabagus 
Yang mau PO iphone 17 bisa langsung DM @purapura.ponsel Banyak benefitnya DP cuma 300K saja ton🔥

By : @arthadashing_ 

#telagabagus #arthadashing #purapuraponsel #bajusafari #kemeja #iphone17 #komedi #bali",111,"09/08/2025 05:04",https://www.instagram.com/reel/DOVykD-D2qZ/,"IG reel",,Lifetime,78570,60941,1023,20,16,5,0
18396622627141333,17841414051683694,purapura.ponsel,"Pura Pura Ponsel","Day 1 kerja bareng orang china 😭

Pura Pura Ponsel - Toko HP Baru & Second Terlengkap di Denpasar! ✨

Cari iPhone atau Android bekas berkualitas dengan garansi resmi?
Di sini tempatnya! Kami menyediakan beragam pilihan HP bekas yang sudah melewati proses QC ketat, jadi dijamin aman dan terpercaya.

✅ Jual Beli HP Second & Baru
✅ Bergaransi
✅ Tersedia Berbagai Merk: iPhone, Samsung, Xiaomi, Oppo, Vivo, dan lainnya
✅ Bisa Tukar Tambah & Kredit HP (Syarat & Ketentuan Berlaku)

📍 Kunjungi cabang terdekat kami:
- Kesiman: Jl. Kroya No. 3, Kesiman, Denpasar Timur
- Pemecutan Klod: Jl. Subur No. 4, Pemecutan Klod, Denpasar Barat

⏰ Buka setiap hari pukul 09:00 - 22:00 WITA.

📲 Hubungi kami untuk info stok & pemesanan: 081237200400
🌐 Cek promo terbaru di website kami: purapuraponsel.com
🛒 Belanja online aman di Tokopedia & Shopee: Pura Pura Ponsel Official

Kualitas Tidak Pernah Pura Pura.
#purapuraponsel #viral #fyp #xyzbca #reelsinstagram""""""",9,"09/08/2025 19:01",https://www.instagram.com/reel/DOXS23vjJNp/,"IG reel",,Lifetime,7292,4724,37,0,0,0,0
17922768288137331,17841414051683694,purapura.ponsel,"Pura Pura Ponsel","Rasa sakit hatinya masih terasa😆

Pura Pura Ponsel - Toko HP Baru & Second Terlengkap di Denpasar! ✨

Cari iPhone atau Android bekas berkualitas dengan garansi resmi?
Di sini tempatnya! Kami menyediakan beragam pilihan HP bekas yang sudah melewati proses QC ketat, jadi dijamin aman dan terpercaya.

✅ Jual Beli HP Second & Baru
✅ Bergaransi
✅ Tersedia Berbagai Merk: iPhone, Samsung, Xiaomi, Oppo, Vivo, dan lainnya
✅ Bisa Tukar Tambah & Kredit HP (Syarat & Ketentuan Berlaku)

📍 Kunjungi cabang terdekat kami:
- Kesiman: Jl. Kroya No. 3, Kesiman, Denpasar Timur
- Pemecutan Klod: Jl. Subur No. 4, Pemecutan Klod, Denpasar Barat

⏰ Buka setiap hari pukul 09:00 - 22:00 WITA.

📲 Hubungi kami untuk info stok & pemesanan: 081237200400
🌐 Cek promo terbaru di website kami: purapuraponsel.com
🛒 Belanja online aman di Tokopedia & Shopee: Pura Pura Ponsel Official

Kualitas Tidak Pernah Pura Pura.
#purapuraponsel #viral #fyp #xyzbca #reelsinstagram",10,"09/09/2025 03:01",https://www.instagram.com/reel/DOYJuvDk_Xi/,"IG reel",,Lifetime,8659,6370,66,3,0,2,0
18052588643233560,17841414051683694,purapura.ponsel,"Pura Pura Ponsel","Day 1 ikut demo 🥹

Pura Pura Ponsel - Toko HP Baru & Second Terlengkap di Denpasar! ✨

Cari iPhone atau Android bekas berkualitas dengan garansi resmi?
Di sini tempatnya! Kami menyediakan beragam pilihan HP bekas yang sudah melewati proses QC ketat, jadi dijamin aman dan terpercaya.

✅ Jual Beli HP Second & Baru
✅ Bergaransi
✅ Tersedia Berbagai Merk: iPhone, Samsung, Xiaomi, Oppo, Vivo, dan lainnya
✅ Bisa Tukar Tambah & Kredit HP (Syarat & Ketentuan Berlaku)

📍 Kunjungi cabang terdekat kami:
- Kesiman: Jl. Kroya No. 3, Kesiman, Denpasar Timur
- Pemecutan Klod: Jl. Subur No. 4, Pemecutan Klod, Denpasar Barat

⏰ Buka setiap hari pukul 09:00 - 22:00 WITA.

📲 Hubungi kami untuk info stok & pemesanan: 081237200400
🌐 Cek promo terbaru di website kami: purapuraponsel.com
🛒 Belanja online aman di Tokopedia & Shopee: Pura Pura Ponsel Official

Kualitas Tidak Pernah Pura Pura.
#purapuraponsel #viral #fyp #xyzbca #reelsinstagram""""""",18,"09/09/2025 19:02",https://www.instagram.com/reel/DOZ3tW6AdJJ/,"IG reel",,Lifetime,19149,12171,193,0,1,1,2
17910280713206826,17841414051683694,purapura.ponsel,"Pura Pura Ponsel","BREAKING NEWS ❗️
Detik-detik Menegangkan 😱
Kondisi dikalian gimana gaes ? tetap berhati hati dalam situasi seperti ini yaa. 

BTW Minpur ada info menarik nih 🤩
Untuk kalian yang sudah tidak sabar menantikan handphone idaman kalian, di Pura Pura Ponsel sudah bisa open PO iPhone 17 series loh.
Berikut benefit yang bisa kalian dapatkan jika ikut PO :
✅ DP start from 300K
✅ Free Airpods
✅ Dapatkan potongan 100K
✅ Berkesempatan tebus bundling murah
✅ Bisa kredit dengan promo DP dan Bunga 0% 
✅ Bisa tukar tambah dengan handphone lama kalian juga loh
dan dapatkan benefit menarik lainnya. Jadi jangan sampai kehabisan slotnya yaa 🤩
DM atau bisa langsung gas ke toko sekarang! 🏃🏻‍♀️

Pura Pura Ponsel - Toko HP Baru & Second Terlengkap di Denpasar! ✨

Cari iPhone atau Android bekas berkualitas dengan garansi resmi?
Di sini tempatnya! Kami menyediakan beragam pilihan HP bekas yang sudah melewati proses QC ketat, jadi dijamin aman dan terpercaya.

✅ Jual Beli HP Second & Baru
✅ Bergaransi
✅ Tersedia Berbagai Merk: iPhone, Samsung, Xiaomi, Oppo, Vivo, dan lainnya
✅ Bisa Tukar Tambah & Kredit HP (Syarat & Ketentuan Berlaku)

📍 Kunjungi cabang terdekat kami:
- Kesiman: Jl. Kroya No. 3, Kesiman, Denpasar Timur
- Pemecutan Klod: Jl. Subur No. 4, Pemecutan Klod, Denpasar Barat

⏰ Buka setiap hari pukul 09:00 - 22:00 WITA.

📲 Hubungi kami untuk info stok & pemesanan: 081237200400
🌐 Cek promo terbaru di website kami: purapuraponsel.com
🛒 Belanja online aman di Tokopedia & Shopee: Pura Pura Ponsel Official

Kualitas Tidak Pernah Pura Pura.
#purapuraponsel #viral #fyp #xyzbca #reelsinstagram",0,"09/09/2025 20:29",https://www.instagram.com/p/DOaBxCYEydn/,"IG carousel",,Lifetime,342233,109707,2942,46,6,85,55
17984121842890150,17841442251754246,sibliwira,"BLI WIRA","DEAR KATAK🐸

#sibliwira #reelsvideo #reelsinstagram #reels",46,"09/10/2025 03:11",https://www.instagram.com/reel/DOavWKPEcPX/,"IG reel",,Lifetime,98075,62670,4116,111,30,43,0
18017719577765431,17841414051683694,purapura.ponsel,"Pura Pura Ponsel","Punya dendam pribadi ga sih? 😭

Pura Pura Ponsel - Toko HP Baru & Second Terlengkap di Denpasar! ✨

Cari iPhone atau Android bekas berkualitas dengan garansi resmi?
Di sini tempatnya! Kami menyediakan beragam pilihan HP bekas yang sudah melewati proses QC ketat, jadi dijamin aman dan terpercaya.

✅ Jual Beli HP Second & Baru
✅ Bergaransi
✅ Tersedia Berbagai Merk: iPhone, Samsung, Xiaomi, Oppo, Vivo, dan lainnya
✅ Bisa Tukar Tambah & Kredit HP (Syarat & Ketentuan Berlaku)

📍 Kunjungi cabang terdekat kami:
- Kesiman: Jl. Kroya No. 3, Kesiman, Denpasar Timur
- Pemecutan Klod: Jl. Subur No. 4, Pemecutan Klod, Denpasar Barat

⏰ Buka setiap hari pukul 09:00 - 22:00 WITA.

📲 Hubungi kami untuk info stok & pemesanan: 081237200400
🌐 Cek promo terbaru di website kami: purapuraponsel.com
🛒 Belanja online aman di Tokopedia & Shopee: Pura Pura Ponsel Official

Kualitas Tidak Pernah Pura Pura.
#purapuraponsel #viral #fyp #xyzbca #reelsinstagram",14,"09/10/2025 19:02",https://www.instagram.com/reel/DOccf7VjaD2/,"IG reel",,Lifetime,6716,4806,34,0,1,2,0
18054406961562880,17841414051683694,purapura.ponsel,"Pura Pura Ponsel","POV: dapet customer yang kepo

Pura Pura Ponsel - Toko HP Baru & Second Terlengkap di Denpasar! ✨

Cari iPhone atau Android bekas berkualitas dengan garansi resmi?
Di sini tempatnya! Kami menyediakan beragam pilihan HP bekas yang sudah melewati proses QC ketat, jadi dijamin aman dan terpercaya.

✅ Jual Beli HP Second & Baru
✅ Bergaransi
✅ Tersedia Berbagai Merk: iPhone, Samsung, Xiaomi, Oppo, Vivo, dan lainnya
✅ Bisa Tukar Tambah & Kredit HP (Syarat & Ketentuan Berlaku)

📍 Kunjungi cabang terdekat kami:
- Kesiman: Jl. Kroya No. 3, Kesiman, Denpasar Timur
- Pemecutan Klod: Jl. Subur No. 4, Pemecutan Klod, Denpasar Barat

⏰ Buka setiap hari pukul 09:00 - 22:00 WITA.

📲 Hubungi kami untuk info stok & pemesanan: 081237200400
🌐 Cek promo terbaru di website kami: purapuraponsel.com
🛒 Belanja online aman di Tokopedia & Shopee: Pura Pura Ponsel Official

Kualitas Tidak Pernah Pura Pura.
#purapuraponsel #viral #fyp #xyzbca #reelsinstagram",30,"09/11/2025 03:02",https://www.instagram.com/reel/DOdTcN6gf9K/,"IG reel",,Lifetime,14004,9062,82,5,2,2,1
18071713196150209,17841414051683694,purapura.ponsel,"Pura Pura Ponsel","Nahhh kannn yang salah saha?😭

Pura Pura Ponsel - Toko HP Baru & Second Terlengkap di Denpasar! ✨

Cari iPhone atau Android bekas berkualitas dengan garansi resmi?
Di sini tempatnya! Kami menyediakan beragam pilihan HP bekas yang sudah melewati proses QC ketat, jadi dijamin aman dan terpercaya.

✅ Jual Beli HP Second & Baru
✅ Bergaransi
✅ Tersedia Berbagai Merk: iPhone, Samsung, Xiaomi, Oppo, Vivo, dan lainnya
✅ Bisa Tukar Tambah & Kredit HP (Syarat & Ketentuan Berlaku)

📍 Kunjungi cabang terdekat kami:
- Kesiman: Jl. Kroya No. 3, Kesiman, Denpasar Timur
- Pemecutan Klod: Jl. Subur No. 4, Pemecutan Klod, Denpasar Barat

⏰ Buka setiap hari pukul 09:00 - 22:00 WITA.

📲 Hubungi kami untuk info stok & pemesanan: 081237200400
🌐 Cek promo terbaru di website kami: purapuraponsel.com
🛒 Belanja online aman di Tokopedia & Shopee: Pura Pura Ponsel Official

Kualitas Tidak Pernah Pura Pura.
#purapuraponsel #viral #fyp #xyzbca #reelsinstagram",13,"09/11/2025 19:01",https://www.instagram.com/reel/DOfBKfYDLER/,"IG reel",,Lifetime,9565,6654,43,2,0,0,1
18022914503549891,17841414051683694,purapura.ponsel,"Pura Pura Ponsel","Siapa yang punya temen suka usil begini? 😭

Pura Pura Ponsel - Toko HP Baru & Second Terlengkap di Denpasar! ✨

Cari iPhone atau Android bekas berkualitas dengan garansi resmi?
Di sini tempatnya! Kami menyediakan beragam pilihan HP bekas yang sudah melewati proses QC ketat, jadi dijamin aman dan terpercaya.

✅ Jual Beli HP Second & Baru
✅ Bergaransi
✅ Tersedia Berbagai Merk: iPhone, Samsung, Xiaomi, Oppo, Vivo, dan lainnya
✅ Bisa Tukar Tambah & Kredit HP (Syarat & Ketentuan Berlaku)

📍 Kunjungi cabang terdekat kami:
- Kesiman: Jl. Kroya No. 3, Kesiman, Denpasar Timur
- Pemecutan Klod: Jl. Subur No. 4, Pemecutan Klod, Denpasar Barat

⏰ Buka setiap hari pukul 09:00 - 22:00 WITA.

📲 Hubungi kami untuk info stok & pemesanan: 081237200400
🌐 Cek promo terbaru di website kami: purapuraponsel.com
🛒 Belanja online aman di Tokopedia & Shopee: Pura Pura Ponsel Official

Kualitas Tidak Pernah Pura Pura.
#purapuraponsel #viral #fyp #xyzbca #reelsinstagram",19,"09/12/2025 03:02",https://www.instagram.com/reel/DOf4PDtDnXn/,"IG reel",,Lifetime,9413,6753,87,0,0,6,4
18310454962171710,17841414051683694,purapura.ponsel,"Pura Pura Ponsel","Seorang pria juga ada rasa takut😔

Pura Pura Ponsel - Toko HP Baru & Second Terlengkap di Denpasar! ✨

Cari iPhone atau Android bekas berkualitas dengan garansi resmi?
Di sini tempatnya! Kami menyediakan beragam pilihan HP bekas yang sudah melewati proses QC ketat, jadi dijamin aman dan terpercaya.

✅ Jual Beli HP Second & Baru
✅ Bergaransi
✅ Tersedia Berbagai Merk: iPhone, Samsung, Xiaomi, Oppo, Vivo, dan lainnya
✅ Bisa Tukar Tambah & Kredit HP (Syarat & Ketentuan Berlaku)

📍 Kunjungi cabang terdekat kami:
- Kesiman: Jl. Kroya No. 3, Kesiman, Denpasar Timur
- Pemecutan Klod: Jl. Subur No. 4, Pemecutan Klod, Denpasar Barat

⏰ Buka setiap hari pukul 09:00 - 22:00 WITA.

📲 Hubungi kami untuk info stok & pemesanan: 081237200400
🌐 Cek promo terbaru di website kami: purapuraponsel.com
🛒 Belanja online aman di Tokopedia & Shopee: Pura Pura Ponsel Official

Kualitas Tidak Pernah Pura Pura.
#purapuraponsel #viral #fyp #xyzbca #reelsinstagram",17,"09/12/2025 19:01",https://www.instagram.com/reel/DOhl_a9DPSr/,"IG reel",,Lifetime,14438,8636,73,6,0,5,2
18076721102097785,17841414051683694,purapura.ponsel,"Pura Pura Ponsel","POV : BIKIN MOCHI DI FYP 

""Pura Pura Ponsel - Toko HP Baru & Second Terlengkap di Denpasar! ✨

Cari iPhone atau Android bekas berkualitas dengan garansi resmi?
Di sini tempatnya! Kami menyediakan beragam pilihan HP bekas yang sudah melewati proses QC ketat, jadi dijamin aman dan terpercaya.

✅ Jual Beli HP Second & Baru
✅ Bergaransi
✅ Tersedia Berbagai Merk: iPhone, Samsung, Xiaomi, Oppo, Vivo, dan lainnya
✅ Bisa Tukar Tambah & Kredit HP (Syarat & Ketentuan Berlaku)

📍 Kunjungi cabang terdekat kami:
- Kesiman: Jl. Kroya No. 3, Kesiman, Denpasar Timur
- Pemecutan Klod: Jl. Subur No. 4, Pemecutan Klod, Denpasar Barat

⏰ Buka setiap hari pukul 09:00 - 22:00 WITA.

📲 Hubungi kami untuk info stok & pemesanan: 081237200400
🌐 Cek promo terbaru di website kami: purapuraponsel.com
🛒 Belanja online aman di Tokopedia & Shopee: Pura Pura Ponsel Official

Kualitas Tidak Pernah Pura Pura.
#purapuraponsel #viral #fyp #xyzbca #reelsinstagram",11,"09/13/2025 03:02",https://www.instagram.com/reel/DOidBriifk4/,"IG reel",,Lifetime,14984,9175,81,8,1,8,2
17859687255495964,17841414051683694,purapura.ponsel,"Pura Pura Ponsel","Kenapa baru tau? kalok di Pura Pura Ponsel SEMENCETAR itu🤩

are you ready for Iphone 17?
Pre order now‼️

Pura Pura Ponsel - Toko HP Baru & Second Terlengkap di Denpasar! ✨

Cari iPhone atau Android bekas berkualitas dengan garansi resmi?
Di sini tempatnya! Kami menyediakan beragam pilihan HP bekas yang sudah melewati proses QC ketat, jadi dijamin aman dan terpercaya.

✅ Jual Beli HP Second & Baru
✅ Bergaransi
✅ Tersedia Berbagai Merk: iPhone, Samsung, Xiaomi, Oppo, Vivo, dan lainnya
✅ Bisa Tukar Tambah & Kredit HP (Syarat & Ketentuan Berlaku)

📍 Kunjungi cabang terdekat kami:
- Kesiman: Jl. Kroya No. 3, Kesiman, Denpasar Timur
- Pemecutan Klod: Jl. Subur No. 4, Pemecutan Klod, Denpasar Barat

⏰ Buka setiap hari pukul 09:00 - 22:00 WITA.

📲 Hubungi kami untuk info stok & pemesanan: 081237200400
🌐 Cek promo terbaru di website kami: purapuraponsel.com
🛒 Belanja online aman di Tokopedia & Shopee: Pura Pura Ponsel Official

Kualitas Tidak Pernah Pura Pura.
#purapuraponsel #viral #fyp #xyzbca #reelsinstagram",0,"09/13/2025 18:01",https://www.instagram.com/p/DOkD8BVjN4N/,"IG carousel",,Lifetime,73002,14446,163,9,1,0,10
17849370618523347,17841414051683694,purapura.ponsel,"Pura Pura Ponsel","yahh mau bagaimana lagihhh, sudah di ujunggg😬

Pura Pura Ponsel - Toko HP Baru & Second Terlengkap di Denpasar! ✨

Cari iPhone atau Android bekas berkualitas dengan garansi resmi?
Di sini tempatnya! Kami menyediakan beragam pilihan HP bekas yang sudah melewati proses QC ketat, jadi dijamin aman dan terpercaya.

✅ Jual Beli HP Second & Baru
✅ Bergaransi
✅ Tersedia Berbagai Merk: iPhone, Samsung, Xiaomi, Oppo, Vivo, dan lainnya
✅ Bisa Tukar Tambah & Kredit HP (Syarat & Ketentuan Berlaku)

📍 Kunjungi cabang terdekat kami:
- Kesiman: Jl. Kroya No. 3, Kesiman, Denpasar Timur
- Pemecutan Klod: Jl. Subur No. 4, Pemecutan Klod, Denpasar Barat

⏰ Buka setiap hari pukul 09:00 - 22:00 WITA.

📲 Hubungi kami untuk info stok & pemesanan: 081237200400
🌐 Cek promo terbaru di website kami: purapuraponsel.com
🛒 Belanja online aman di Tokopedia & Shopee: Pura Pura Ponsel Official

Kualitas Tidak Pernah Pura Pura.
#purapuraponsel #viral #fyp #xyzbca #reelsinstagram",29,"09/14/2025 03:02",https://www.instagram.com/reel/DOlB2_kieQV/,"IG reel",,Lifetime,655061,470245,8148,975,536,74,222
18021179849773112,17841414051683694,purapura.ponsel,"Pura Pura Ponsel","Menurut kalian bagaimana caranya ? 🤔

Pura Pura Ponsel - Toko HP Baru & Second Terlengkap di Denpasar! ✨

Cari iPhone atau Android bekas berkualitas dengan garansi resmi?
Di sini tempatnya! Kami menyediakan beragam pilihan HP bekas yang sudah melewati proses QC ketat, jadi dijamin aman dan terpercaya.

✅ Jual Beli HP Second & Baru
✅ Bergaransi
✅ Tersedia Berbagai Merk: iPhone, Samsung, Xiaomi, Oppo, Vivo, dan lainnya
✅ Bisa Tukar Tambah & Kredit HP (Syarat & Ketentuan Berlaku)

📍 Kunjungi cabang terdekat kami:
- Kesiman: Jl. Kroya No. 3, Kesiman, Denpasar Timur
- Pemecutan Klod: Jl. Subur No. 4, Pemecutan Klod, Denpasar Barat

⏰ Buka setiap hari pukul 09:00 - 22:00 WITA.

📲 Hubungi kami untuk info stok & pemesanan: 081237200400
🌐 Cek promo terbaru di website kami: purapuraponsel.com
🛒 Belanja online aman di Tokopedia & Shopee: Pura Pura Ponsel Official

Kualitas Tidak Pernah Pura Pura.
#purapuraponsel #viral #fyp #xyzbca #reelsinstagram",84,"09/14/2025 19:02",https://www.instagram.com/reel/DOmvp9LjeLY/,"IG reel",,Lifetime,26016,18184,395,19,2,22,2
18005877224636085,17841414051683694,purapura.ponsel,"Pura Pura Ponsel","Ketika berburuk sangka 🥲

Pura Pura Ponsel - Toko HP Baru & Second Terlengkap di Denpasar! ✨

Cari iPhone atau Android bekas berkualitas dengan garansi resmi?
Di sini tempatnya! Kami menyediakan beragam pilihan HP bekas yang sudah melewati proses QC ketat, jadi dijamin aman dan terpercaya.

✅ Jual Beli HP Second & Baru
✅ Bergaransi
✅ Tersedia Berbagai Merk: iPhone, Samsung, Xiaomi, Oppo, Vivo, dan lainnya
✅ Bisa Tukar Tambah & Kredit HP (Syarat & Ketentuan Berlaku)

📍 Kunjungi cabang terdekat kami:
- Kesiman: Jl. Kroya No. 3, Kesiman, Denpasar Timur
- Pemecutan Klod: Jl. Subur No. 4, Pemecutan Klod, Denpasar Barat

⏰ Buka setiap hari pukul 09:00 - 22:00 WITA.

📲 Hubungi kami untuk info stok & pemesanan: 081237200400
🌐 Cek promo terbaru di website kami: purapuraponsel.com
🛒 Belanja online aman di Tokopedia & Shopee: Pura Pura Ponsel Official

Kualitas Tidak Pernah Pura Pura.
#purapuraponsel #viral #fyp #xyzbca #reelsinstagram",10,"09/15/2025 03:01",https://www.instagram.com/reel/DOnmi1akdHQ/,"IG reel",,Lifetime,20264,10638,95,3,0,0,1
18043753529355866,17841414051683694,purapura.ponsel,"Pura Pura Ponsel","Definisi mencintai orang yang salah😭🤣

Beli busana adat terlengkap, bisa request sesuka hati, buat udeng sesuka hati, set familly, pakaian anak smuanya tersedia di @telagabagus 

PO Iphone 17 dengan benefit terbanyak serta DP cuma 300K saja? Hanya ada di @purapura.ponsel yuk DM skrg juga ton

By : @arthadashing_ 

#iphone17 #poiphone17 #iphonedenpasar #busanaadatbali #udengbali #purapuraponsel #telagabagus #arthadashing",85,"09/15/2025 04:15",https://www.instagram.com/reel/DOnt8kLkw4T/,"IG reel",,Lifetime,308307,228569,8489,231,92,75,105
18071561875899626,17841414051683694,purapura.ponsel,"Pura Pura Ponsel","Ada yang mau TIPSNYA gaes ? H3H3 manjur kok 😉

Pura Pura Ponsel - Toko HP Baru & Second Terlengkap di Denpasar! ✨

Cari iPhone atau Android bekas berkualitas dengan garansi resmi?
Di sini tempatnya! Kami menyediakan beragam pilihan HP bekas yang sudah melewati proses QC ketat, jadi dijamin aman dan terpercaya.

✅ Jual Beli HP Second & Baru
✅ Bergaransi
✅ Tersedia Berbagai Merk: iPhone, Samsung, Xiaomi, Oppo, Vivo, dan lainnya
✅ Bisa Tukar Tambah & Kredit HP (Syarat & Ketentuan Berlaku)

📍 Kunjungi cabang terdekat kami:
- Kesiman: Jl. Kroya No. 3, Kesiman, Denpasar Timur
- Pemecutan Klod: Jl. Subur No. 4, Pemecutan Klod, Denpasar Barat

⏰ Buka setiap hari pukul 09:00 - 22:00 WITA.

📲 Hubungi kami untuk info stok & pemesanan: 081237200400
🌐 Cek promo terbaru di website kami: purapuraponsel.com
🛒 Belanja online aman di Tokopedia & Shopee: Pura Pura Ponsel Official

Kualitas Tidak Pernah Pura Pura.
#purapuraponsel #viral #fyp #xyzbca #reelsinstagram",12,"09/15/2025 19:01",https://www.instagram.com/reel/DOpUbIoCuDV/,"IG reel",,Lifetime,14301,9430,77,4,0,6,2
18110549101545156,17841401870239980,depraz_,"Deka Pratama Satya Alam","Kapan iPhone 17 Dijual di Indonesia?

• Perkiraan jual resmi: Oktober (rumor 24 Okt)
• Range harga (perkiraan): 15–23 jutaan (Air, Pro, Pro Max)

Mau PO? Buat kamu area Bali, gas ke @purapura.ponsel !
 DP cuma 300 ribu + potongan 100 ribu dan segini banyak bonus:
 ✅ Free spin berhadiah handphone
 ✅ AirPods premium
 ✅ Protection gadget
 ✅ Tebus murah bundling
 ✅ Merchandise
 ✅ Voucher coffee
 ✅ Voucher Telaga Bagus
 ✅ Voucher Larissa Aesthetic Center
 ♻️ Tukar tambah bisa
 💳 Cicilan DP & bunga 0% juga bisa

📍 Pura-Pura Ponsel Munang Maning
Jl. Subur No.4, Pemecutan Klod, Kec. Denpasar Bar., Kota Denpasar, Bali
📍 Pura-Pura Ponsel Kroya
Jl. Kroya No.3, Kesiman, Kec. Denpasar Tim., Kota Denpasar, Bali

#iPhone17 #iPhone17Indonesia #POiPhone #Bali #PuraPuraPonsel #DeprazTips",60,"09/16/2025 01:07",https://www.instagram.com/reel/DOp-JcbEjbr/,"IG reel",,Lifetime,34561,22951,343,36,2,20,0
17896074126297141,17841442251754246,sibliwira,"BLI WIRA","TAK KIRA DH PALING TOP TEMPATNYA TU NOK😅

#sibliwira #reelsvideo #reelsinstagram #reels",82,"09/16/2025 03:11",https://www.instagram.com/reel/DOqMPx1ERhj/,"IG reel",,Lifetime,181971,116974,9520,400,134,103,0
18071164423927051,17841414051683694,purapura.ponsel,"Pura Pura Ponsel","ahahahahha, kenapa yaaa bisa penuhhh?😂

ehm ehmmm siapa nihhh yang relate komen yaa🥰

Pura Pura Ponsel - Toko HP Baru & Second Terlengkap di Denpasar! ✨

Cari iPhone atau Android bekas berkualitas dengan garansi resmi?
Di sini tempatnya! Kami menyediakan beragam pilihan HP bekas yang sudah melewati proses QC ketat, jadi dijamin aman dan terpercaya.

✅ Jual Beli HP Second & Baru
✅ Bergaransi
✅ Tersedia Berbagai Merk: iPhone, Samsung, Xiaomi, Oppo, Vivo, dan lainnya
✅ Bisa Tukar Tambah & Kredit HP (Syarat & Ketentuan Berlaku)

📍 Kunjungi cabang terdekat kami:
- Kesiman: Jl. Kroya No. 3, Kesiman, Denpasar Timur
- Pemecutan Klod: Jl. Subur No. 4, Pemecutan Klod, Denpasar Barat

⏰ Buka setiap hari pukul 09:00 - 22:00 WITA.

📲 Hubungi kami untuk info stok & pemesanan: 081237200400
🌐 Cek promo terbaru di website kami: purapuraponsel.com
🛒 Belanja online aman di Tokopedia & Shopee: Pura Pura Ponsel Official

Kualitas Tidak Pernah Pura Pura.
#purapuraponsel #viral #fyp #xyzbca #reelsinstagram",64,"09/17/2025 03:01",https://www.instagram.com/reel/DOswES5CfdK/,"IG reel",,Lifetime,378008,266072,4133,152,63,34,162
18292245007258146,17841414051683694,purapura.ponsel,"Pura Pura Ponsel","jaman sekarang masih pakai kabel charger, ahahaha 😭

kami ready Powerbank Magsafe, yukk dm mimin sekarang‼️

Pura Pura Ponsel - Toko HP Baru & Second Terlengkap di Denpasar! ✨

Cari iPhone atau Android bekas berkualitas dengan garansi resmi?
Di sini tempatnya! Kami menyediakan beragam pilihan HP bekas yang sudah melewati proses QC ketat, jadi dijamin aman dan terpercaya.

✅ Jual Beli HP Second & Baru
✅ Bergaransi
✅ Tersedia Berbagai Merk: iPhone, Samsung, Xiaomi, Oppo, Vivo, dan lainnya
✅ Bisa Tukar Tambah & Kredit HP (Syarat & Ketentuan Berlaku)

📍 Kunjungi cabang terdekat kami:
- Kesiman: Jl. Kroya No. 3, Kesiman, Denpasar Timur
- Pemecutan Klod: Jl. Subur No. 4, Pemecutan Klod, Denpasar Barat

⏰ Buka setiap hari pukul 09:00 - 22:00 WITA.

📲 Hubungi kami untuk info stok & pemesanan: 081237200400
🌐 Cek promo terbaru di website kami: purapuraponsel.com
🛒 Belanja online aman di Tokopedia & Shopee: Pura Pura Ponsel Official

Kualitas Tidak Pernah Pura Pura.
#purapuraponsel #viral #fyp #xyzbca #reelsinstagram""v",21,"09/18/2025 03:02",https://www.instagram.com/reel/DOvU_lQiXzE/,"IG reel",,Lifetime,8610,6113,37,1,0,0,3
18092889457690698,17841414051683694,purapura.ponsel,"Pura Pura Ponsel","customer lupa icloud enaknya diapain yaaa🤔

Pura Pura Ponsel - Toko HP Baru & Second Terlengkap di Denpasar! ✨

Cari iPhone atau Android bekas berkualitas dengan garansi resmi?
Di sini tempatnya! Kami menyediakan beragam pilihan HP bekas yang sudah melewati proses QC ketat, jadi dijamin aman dan terpercaya.

✅ Jual Beli HP Second & Baru
✅ Bergaransi
✅ Tersedia Berbagai Merk: iPhone, Samsung, Xiaomi, Oppo, Vivo, dan lainnya
✅ Bisa Tukar Tambah & Kredit HP (Syarat & Ketentuan Berlaku)

📍 Kunjungi cabang terdekat kami:
- Kesiman: Jl. Kroya No. 3, Kesiman, Denpasar Timur
- Pemecutan Klod: Jl. Subur No. 4, Pemecutan Klod, Denpasar Barat

⏰ Buka setiap hari pukul 09:00 - 22:00 WITA.

📲 Hubungi kami untuk info stok & pemesanan: 081237200400
🌐 Cek promo terbaru di website kami: purapuraponsel.com
🛒 Belanja online aman di Tokopedia & Shopee: Pura Pura Ponsel Official

Kualitas Tidak Pernah Pura Pura.
#purapuraponsel #viral #fyp #xyzbca #reelsinstagram""",11,"09/18/2025 19:00",https://www.instagram.com/reel/DOxCuFMkmYq/,"IG reel",,Lifetime,9860,6257,60,0,1,6,1
17924228856109916,17841414051683694,purapura.ponsel,"Pura Pura Ponsel","Coba liat endingnya guys 😭

Pura Pura Ponsel - Toko HP Baru & Second Terlengkap di Denpasar! ✨

Cari iPhone atau Android bekas berkualitas dengan garansi resmi?
Di sini tempatnya! Kami menyediakan beragam pilihan HP bekas yang sudah melewati proses QC ketat, jadi dijamin aman dan terpercaya.

✅ Jual Beli HP Second & Baru
✅ Bergaransi
✅ Tersedia Berbagai Merk: iPhone, Samsung, Xiaomi, Oppo, Vivo, dan lainnya
✅ Bisa Tukar Tambah & Kredit HP (Syarat & Ketentuan Berlaku)

📍 Kunjungi cabang terdekat kami:
- Kesiman: Jl. Kroya No. 3, Kesiman, Denpasar Timur
- Pemecutan Klod: Jl. Subur No. 4, Pemecutan Klod, Denpasar Barat

⏰ Buka setiap hari pukul 09:00 - 22:00 WITA.

📲 Hubungi kami untuk info stok & pemesanan: 081237200400
🌐 Cek promo terbaru di website kami: purapuraponsel.com
🛒 Belanja online aman di Tokopedia & Shopee: Pura Pura Ponsel Official

Kualitas Tidak Pernah Pura Pura.
#purapuraponsel #viral #fyp #xyzbca #reelsinstagram",16,"09/19/2025 03:02",https://www.instagram.com/reel/DOx5zKnigEg/,"IG reel",,Lifetime,19576,12107,87,0,1,4,3
18110094718482976,17841414051683694,purapura.ponsel,"Pura Pura Ponsel","pamer bgt yah baru beli CASH😌

temen pamer kek gini enaknya diapain nihhh? komen yaa gess😋

Pura Pura Ponsel - Toko HP Baru & Second Terlengkap di Denpasar! ✨

Cari iPhone atau Android bekas berkualitas dengan garansi resmi?
Di sini tempatnya! Kami menyediakan beragam pilihan HP bekas yang sudah melewati proses QC ketat, jadi dijamin aman dan terpercaya.

✅ Jual Beli HP Second & Baru
✅ Bergaransi
✅ Tersedia Berbagai Merk: iPhone, Samsung, Xiaomi, Oppo, Vivo, dan lainnya
✅ Bisa Tukar Tambah & Kredit HP (Syarat & Ketentuan Berlaku)

📍 Kunjungi cabang terdekat kami:
- Kesiman: Jl. Kroya No. 3, Kesiman, Denpasar Timur
- Pemecutan Klod: Jl. Subur No. 4, Pemecutan Klod, Denpasar Barat

⏰ Buka setiap hari pukul 09:00 - 22:00 WITA.

📲 Hubungi kami untuk info stok & pemesanan: 081237200400
🌐 Cek promo terbaru di website kami: purapuraponsel.com
🛒 Belanja online aman di Tokopedia & Shopee: Pura Pura Ponsel Official

Kualitas Tidak Pernah Pura Pura.
#purapuraponsel #viral #fyp #xyzbca #reelsinstagram",10,"09/19/2025 19:01",https://www.instagram.com/reel/DOznnvhjMKq/,"IG reel",,Lifetime,39604,18265,194,0,0,7,8
17961741572978586,17841414051683694,purapura.ponsel,"Pura Pura Ponsel","Kenyang Bali VS Kenyang Jawa 😆

Pura Pura Ponsel - Toko HP Baru & Second Terlengkap di Denpasar! ✨

Cari iPhone atau Android bekas berkualitas dengan garansi resmi?
Di sini tempatnya! Kami menyediakan beragam pilihan HP bekas yang sudah melewati proses QC ketat, jadi dijamin aman dan terpercaya.

✅ Jual Beli HP Second & Baru
✅ Bergaransi
✅ Tersedia Berbagai Merk: iPhone, Samsung, Xiaomi, Oppo, Vivo, dan lainnya
✅ Bisa Tukar Tambah & Kredit HP (Syarat & Ketentuan Berlaku)

📍 Kunjungi cabang terdekat kami:
- Kesiman: Jl. Kroya No. 3, Kesiman, Denpasar Timur
- Pemecutan Klod: Jl. Subur No. 4, Pemecutan Klod, Denpasar Barat

⏰ Buka setiap hari pukul 09:00 - 22:00 WITA.

📲 Hubungi kami untuk info stok & pemesanan: 081237200400
🌐 Cek promo terbaru di website kami: purapuraponsel.com
🛒 Belanja online aman di Tokopedia & Shopee: Pura Pura Ponsel Official

Kualitas Tidak Pernah Pura Pura.
#purapuraponsel #viral #fyp #xyzbca #reelsinstagram",45,"09/20/2025 02:36",https://www.instagram.com/reel/DO0a3pXE9vc/,"IG reel",,Lifetime,29113,19777,405,3,4,7,10
17860266117486050,17841442251754246,sibliwira,"BLI WIRA","AJIK SUKA NGANCIT KATANYA😅

#sibliwira #reelsvideo #reelsinstagram #reels",53,"09/21/2025 03:11",https://www.instagram.com/reel/DO3EJmOkdU0/,"IG reel",,Lifetime,248830,160640,11568,434,103,81,0
17874455031327056,17841414051683694,purapura.ponsel,"Pura Pura Ponsel","Perkara Daun Katuk🙄

Pura Pura Ponsel - Toko HP Baru & Second Terlengkap di Denpasar! ✨

Cari iPhone atau Android bekas berkualitas dengan garansi resmi?
Di sini tempatnya! Kami menyediakan beragam pilihan HP bekas yang sudah melewati proses QC ketat, jadi dijamin aman dan terpercaya.

✅ Jual Beli HP Second & Baru
✅ Bergaransi
✅ Tersedia Berbagai Merk: iPhone, Samsung, Xiaomi, Oppo, Vivo, dan lainnya
✅ Bisa Tukar Tambah & Kredit HP (Syarat & Ketentuan Berlaku)

📍 Kunjungi cabang terdekat kami:
- Kesiman: Jl. Kroya No. 3, Kesiman, Denpasar Timur
- Pemecutan Klod: Jl. Subur No. 4, Pemecutan Klod, Denpasar Barat

⏰ Buka setiap hari pukul 09:00 - 22:00 WITA.

📲 Hubungi kami untuk info stok & pemesanan: 081237200400
🌐 Cek promo terbaru di website kami: purapuraponsel.com
🛒 Belanja online aman di Tokopedia & Shopee: Pura Pura Ponsel Official

Kualitas Tidak Pernah Pura Pura.
#purapuraponsel #viral #fyp #xyzbca #reelsinstagram",42,"09/22/2025 03:01",https://www.instagram.com/reel/DO5oHVuj-q8/,"IG reel",,Lifetime,48668,33549,507,45,3,4,14
18055682051627481,17841414051683694,purapura.ponsel,"Pura Pura Ponsel","coba berfikir secara logika😁

Pura Pura Ponsel - Toko HP Baru & Second Terlengkap di Denpasar! ✨

Cari iPhone atau Android bekas berkualitas dengan garansi resmi?
Di sini tempatnya! Kami menyediakan beragam pilihan HP bekas yang sudah melewati proses QC ketat, jadi dijamin aman dan terpercaya.

✅ Jual Beli HP Second & Baru
✅ Bergaransi
✅ Tersedia Berbagai Merk: iPhone, Samsung, Xiaomi, Oppo, Vivo, dan lainnya
✅ Bisa Tukar Tambah & Kredit HP (Syarat & Ketentuan Berlaku)

📍 Kunjungi cabang terdekat kami:
- Kesiman: Jl. Kroya No. 3, Kesiman, Denpasar Timur
- Pemecutan Klod: Jl. Subur No. 4, Pemecutan Klod, Denpasar Barat

⏰ Buka setiap hari pukul 09:00 - 22:00 WITA.

📲 Hubungi kami untuk info stok & pemesanan: 081237200400
🌐 Cek promo terbaru di website kami: purapuraponsel.com
🛒 Belanja online aman di Tokopedia & Shopee: Pura Pura Ponsel Official

Kualitas Tidak Pernah Pura Pura.
#purapuraponsel #viral #fyp #xyzbca #reelsinstagram",43,"09/22/2025 19:01",https://www.instagram.com/reel/DO7V-YaiNN0/,"IG reel",,Lifetime,20250,11889,126,1,0,2,3
18051749720275767,17841414051683694,purapura.ponsel,"Pura Pura Ponsel","uwaduhhhhh jatuhhh😱

Yuk yang mau PO Samsung Galaxy S25 FE bisa datang kestore dan bisa dm mimin sekarang🥰

Pura Pura Ponsel - Toko HP Baru & Second Terlengkap di Denpasar! ✨

Cari iPhone atau Android bekas berkualitas dengan garansi resmi?
Di sini tempatnya! Kami menyediakan beragam pilihan HP bekas yang sudah melewati proses QC ketat, jadi dijamin aman dan terpercaya.

✅ Jual Beli HP Second & Baru
✅ Bergaransi
✅ Tersedia Berbagai Merk: iPhone, Samsung, Xiaomi, Oppo, Vivo, dan lainnya
✅ Bisa Tukar Tambah & Kredit HP (Syarat & Ketentuan Berlaku)

📍 Kunjungi cabang terdekat kami:
- Kesiman: Jl. Kroya No. 3, Kesiman, Denpasar Timur
- Pemecutan Klod: Jl. Subur No. 4, Pemecutan Klod, Denpasar Barat

⏰ Buka setiap hari pukul 09:00 - 22:00 WITA.

📲 Hubungi kami untuk info stok & pemesanan: 081237200400
🌐 Cek promo terbaru di website kami: purapuraponsel.com
🛒 Belanja online aman di Tokopedia & Shopee: Pura Pura Ponsel Official

Kualitas Tidak Pernah Pura Pura.
#purapuraponsel #viral #fyp #xyzbca #reelsinstagram",27,"09/23/2025 03:17",https://www.instagram.com/reel/DO8OpGRAnuX/,"IG reel",,Lifetime,13077,8737,77,1,0,9,4
17942163002931701,17841414051683694,purapura.ponsel,"Pura Pura Ponsel","Bingung mau ngomong apa, itu baunya gak nabrak yaa?🤣

Pura Pura Ponsel - Toko HP Baru & Second Terlengkap di Denpasar! ✨

Cari iPhone atau Android bekas berkualitas dengan garansi resmi?
Di sini tempatnya! Kami menyediakan beragam pilihan HP bekas yang sudah melewati proses QC ketat, jadi dijamin aman dan terpercaya.

✅ Jual Beli HP Second & Baru
✅ Bergaransi
✅ Tersedia Berbagai Merk: iPhone, Samsung, Xiaomi, Oppo, Vivo, dan lainnya
✅ Bisa Tukar Tambah & Kredit HP (Syarat & Ketentuan Berlaku)

📍 Kunjungi cabang terdekat kami:
- Kesiman: Jl. Kroya No. 3, Kesiman, Denpasar Timur
- Pemecutan Klod: Jl. Subur No. 4, Pemecutan Klod, Denpasar Barat

⏰ Buka setiap hari pukul 09:00 - 22:00 WITA.

📲 Hubungi kami untuk info stok & pemesanan: 081237200400
🌐 Cek promo terbaru di website kami: purapuraponsel.com
🛒 Belanja online aman di Tokopedia & Shopee: Pura Pura Ponsel Official

Kualitas Tidak Pernah Pura Pura.
#purapuraponsel #viral #fyp #xyzbca #reelsinstagram",14,"09/23/2025 19:01",https://www.instagram.com/reel/DO96wfZDAYz/,"IG reel",,Lifetime,12044,8735,68,0,0,0,2
18146896762410815,17841414051683694,purapura.ponsel,"Pura Pura Ponsel","daripada jual biji peler mending kredit aja di Pura Pura Ponsel🫰🏻
dapatkan promo bunga dan DP 0%🥰

Pura Pura Ponsel - Toko HP Baru & Second Terlengkap di Denpasar! ✨

Cari iPhone atau Android bekas berkualitas dengan garansi resmi?
Di sini tempatnya! Kami menyediakan beragam pilihan HP bekas yang sudah melewati proses QC ketat, jadi dijamin aman dan terpercaya.

✅ Jual Beli HP Second & Baru
✅ Bergaransi
✅ Tersedia Berbagai Merk: iPhone, Samsung, Xiaomi, Oppo, Vivo, dan lainnya
✅ Bisa Tukar Tambah & Kredit HP (Syarat & Ketentuan Berlaku)

📍 Kunjungi cabang terdekat kami:
- Kesiman: Jl. Kroya No. 3, Kesiman, Denpasar Timur
- Pemecutan Klod: Jl. Subur No. 4, Pemecutan Klod, Denpasar Barat

⏰ Buka setiap hari pukul 09:00 - 22:00 WITA.

📲 Hubungi kami untuk info stok & pemesanan: 081237200400
🌐 Cek promo terbaru di website kami: purapuraponsel.com
🛒 Belanja online aman di Tokopedia & Shopee: Pura Pura Ponsel Official

Kualitas Tidak Pernah Pura Pura.
#purapuraponsel #viral #fyp #xyzbca #reelsinstagram",10,"09/24/2025 03:01",https://www.instagram.com/reel/DO-xql8iAHs/,"IG reel",,Lifetime,23105,12091,89,10,0,3,0
17915968608055566,17841414051683694,purapura.ponsel,"Pura Pura Ponsel","GEMPAAA !!!",0,"09/25/2025 02:09",https://www.instagram.com/p/DPBQluvE9Hv/,"IG image",,Lifetime,88343,15516,353,5,1,52,3
17891949342341545,17841414051683694,purapura.ponsel,"Pura Pura Ponsel","POV : cowok yang ga diajak beli telur gulung 😭

Pura Pura Ponsel - Toko HP Baru & Second Terlengkap di Denpasar! ✨

Cari iPhone atau Android bekas berkualitas dengan garansi resmi?
Di sini tempatnya! Kami menyediakan beragam pilihan HP bekas yang sudah melewati proses QC ketat, jadi dijamin aman dan terpercaya.

✅ Jual Beli HP Second & Baru
✅ Bergaransi
✅ Tersedia Berbagai Merk: iPhone, Samsung, Xiaomi, Oppo, Vivo, dan lainnya
✅ Bisa Tukar Tambah & Kredit HP (Syarat & Ketentuan Berlaku)

📍 Kunjungi cabang terdekat kami:
- Kesiman: Jl. Kroya No. 3, Kesiman, Denpasar Timur
- Pemecutan Klod: Jl. Subur No. 4, Pemecutan Klod, Denpasar Barat

⏰ Buka setiap hari pukul 09:00 - 22:00 WITA.

📲 Hubungi kami untuk info stok & pemesanan: 081237200400
🌐 Cek promo terbaru di website kami: purapuraponsel.com
🛒 Belanja online aman di Tokopedia & Shopee: Pura Pura Ponsel Official

Kualitas Tidak Pernah Pura Pura.
#purapuraponsel #viral #fyp #xyzbca #reelsinstagram",18,"09/25/2025 03:01",https://www.instagram.com/reel/DPBWbYXDczE/,"IG reel",,Lifetime,15292,11109,67,0,3,0,1
17873218119426267,17841414051683694,purapura.ponsel,"Pura Pura Ponsel","Cara bikin kaum adam buka resleting🫣

Pura Pura Ponsel - Toko HP Baru & Second Terlengkap di Denpasar! ✨

Cari iPhone atau Android bekas berkualitas dengan garansi resmi?
Di sini tempatnya! Kami menyediakan beragam pilihan HP bekas yang sudah melewati proses QC ketat, jadi dijamin aman dan terpercaya.

✅ Jual Beli HP Second & Baru
✅ Bergaransi
✅ Tersedia Berbagai Merk: iPhone, Samsung, Xiaomi, Oppo, Vivo, dan lainnya
✅ Bisa Tukar Tambah & Kredit HP (Syarat & Ketentuan Berlaku)

📍 Kunjungi cabang terdekat kami:
- Kesiman: Jl. Kroya No. 3, Kesiman, Denpasar Timur
- Pemecutan Klod: Jl. Subur No. 4, Pemecutan Klod, Denpasar Barat

⏰ Buka setiap hari pukul 09:00 - 22:00 WITA.

📲 Hubungi kami untuk info stok & pemesanan: 081237200400
🌐 Cek promo terbaru di website kami: purapuraponsel.com
🛒 Belanja online aman di Tokopedia & Shopee: Pura Pura Ponsel Official

Kualitas Tidak Pernah Pura Pura.
#purapuraponsel #viral #fyp #xyzbca #reelsinstagram",8,"09/26/2025 03:01",https://www.instagram.com/reel/DPD7SuhDMLa/,"IG reel",,Lifetime,44130,22366,175,42,0,8,27
18069918659248935,17841414051683694,purapura.ponsel,"Pura Pura Ponsel","hanya bercandaaa, dan tak perlu diingat🥲😆

Pura Pura Ponsel - Toko HP Baru & Second Terlengkap di Denpasar! ✨

Cari iPhone atau Android bekas berkualitas dengan garansi resmi?
Di sini tempatnya! Kami menyediakan beragam pilihan HP bekas yang sudah melewati proses QC ketat, jadi dijamin aman dan terpercaya.

✅ Jual Beli HP Second & Baru
✅ Bergaransi
✅ Tersedia Berbagai Merk: iPhone, Samsung, Xiaomi, Oppo, Vivo, dan lainnya
✅ Bisa Tukar Tambah & Kredit HP (Syarat & Ketentuan Berlaku)

📍 Kunjungi cabang terdekat kami:
- Kesiman: Jl. Kroya No. 3, Kesiman, Denpasar Timur
- Pemecutan Klod: Jl. Subur No. 4, Pemecutan Klod, Denpasar Barat

⏰ Buka setiap hari pukul 09:00 - 22:00 WITA.

📲 Hubungi kami untuk info stok & pemesanan: 081237200400
🌐 Cek promo terbaru di website kami: purapuraponsel.com
🛒 Belanja online aman di Tokopedia & Shopee: Pura Pura Ponsel Official

Kualitas Tidak Pernah Pura Pura.
#purapuraponsel #viral #fyp #xyzbca #reelsinstagram",13,"09/26/2025 19:01",https://www.instagram.com/reel/DPFpE7ajx6H/,"IG reel",,Lifetime,34311,20106,190,12,1,4,7
17867695011451288,17841414051683694,purapura.ponsel,"Pura Pura Ponsel","eh eh ehh apaantuhhh🫣

Pura Pura Ponsel - Toko HP Baru & Second Terlengkap di Denpasar! ✨

Cari iPhone atau Android bekas berkualitas dengan garansi resmi?
Di sini tempatnya! Kami menyediakan beragam pilihan HP bekas yang sudah melewati proses QC ketat, jadi dijamin aman dan terpercaya.

✅ Jual Beli HP Second & Baru
✅ Bergaransi
✅ Tersedia Berbagai Merk: iPhone, Samsung, Xiaomi, Oppo, Vivo, dan lainnya
✅ Bisa Tukar Tambah & Kredit HP (Syarat & Ketentuan Berlaku)

📍 Kunjungi cabang terdekat kami:
- Kesiman: Jl. Kroya No. 3, Kesiman, Denpasar Timur
- Pemecutan Klod: Jl. Subur No. 4, Pemecutan Klod, Denpasar Barat

⏰ Buka setiap hari pukul 09:00 - 22:00 WITA.

📲 Hubungi kami untuk info stok & pemesanan: 081237200400
🌐 Cek promo terbaru di website kami: purapuraponsel.com
🛒 Belanja online aman di Tokopedia & Shopee: Pura Pura Ponsel Official

Kualitas Tidak Pernah Pura Pura.
#purapuraponsel #viral #fyp #xyzbca #reelsinstagram",13,"09/27/2025 03:00",https://www.instagram.com/reel/DPGf_dMCI8Q/,"IG reel",,Lifetime,39177,20501,230,29,1,7,17
17921814270119280,17841414051683694,purapura.ponsel,"Pura Pura Ponsel","yakin gak ngaruh bang??? yang bener ajeeee rugi donksss🤣

Pura Pura Ponsel - Toko HP Baru & Second Terlengkap di Denpasar! ✨

Cari iPhone atau Android bekas berkualitas dengan garansi resmi?
Di sini tempatnya! Kami menyediakan beragam pilihan HP bekas yang sudah melewati proses QC ketat, jadi dijamin aman dan terpercaya.

✅ Jual Beli HP Second & Baru
✅ Bergaransi
✅ Tersedia Berbagai Merk: iPhone, Samsung, Xiaomi, Oppo, Vivo, dan lainnya
✅ Bisa Tukar Tambah & Kredit HP (Syarat & Ketentuan Berlaku)

📍 Kunjungi cabang terdekat kami:
- Kesiman: Jl. Kroya No. 3, Kesiman, Denpasar Timur
- Pemecutan Klod: Jl. Subur No. 4, Pemecutan Klod, Denpasar Barat

⏰ Buka setiap hari pukul 09:00 - 22:00 WITA.

📲 Hubungi kami untuk info stok & pemesanan: 081237200400
🌐 Cek promo terbaru di website kami: purapuraponsel.com
🛒 Belanja online aman di Tokopedia & Shopee: Pura Pura Ponsel Official

Kualitas Tidak Pernah Pura Pura.
#purapuraponsel #viral #fyp #xyzbca #reelsinstagram",12,"09/27/2025 19:01",https://www.instagram.com/reel/DPIN799DNR_/,"IG reel",,Lifetime,20655,15314,133,2,0,2,1
17880302784286718,17841414051683694,purapura.ponsel,"Pura Pura Ponsel","OCTOBER PROMO IS COMING ‼️

Buat kalian yang cari Iphone brand new 😱
jangan khawatir Pura Pura Ponsel hadir dengan
berbagai series Iphone yang tentunya dengan Promo
yang menarik ya gaes😍

Kenapa harus di Pura Pura Ponsel ?
Kualitas barang SAMA ✅
Bergaransi resmi ✅
Banyak BENEFITNYA ✅
Harga lebih TERJANGKAU ✅
Bisa TUKAR TAMBAH ✅
Bisa KREDIT dengan DP dan BUNGA 0% ✅
Bisa SPLIT Payment ✅

Buat kalian yang nggak bisa datang ke toko bisa
checkout di toko online Minpur ya ada cashback
hingga jutaan rupiah pengiriman cepat, dijamin aman
sampai tujuan 🚀
Jadi tunggu apalagi ? yuk mampir ke store 🤩🚀

———
Info Lebih Lanjut ✨
(Click Link on Bio)

📍Jl. Kroya No. 3, Kesiman, Denpasar
📍Jl. Subur No. 4 Pemecutan Klod, Denpasar Barat
⏰ Open Everyday 09:00 - 22:00 WIB⁣⁣⁣⁣⁣⁣⁣⁣⁣⁣⁣⁣⁣⁣⁣⁣⁣⁣⁣⁣⁣⁣⁣⁣⁣⁣⁣⁣⁣⁣
📲 Admin : 081237200400
🛒 Tokopedia: Pura Pura Ponsel Official
🛒 Shopee: Pura Pura Ponsel
—
Kualitas Tidak Pernah Pura Pura

#iphone #applestore #iphonebali #iphonedenpasar
#purapuraponsel",0,"10/01/2025 07:30",https://www.instagram.com/p/DPRSCuFCLMS/,"IG carousel",,Lifetime,893810,161867,1132,282,172,37,277
18106416595606174,17841414051683694,purapura.ponsel,"Pura Pura Ponsel","OCTOBER PROMO IS COMING ‼️

Buat kalian yang cari Android Brand New maupun
second
Pura Pura Ponsel hadir dengan berbagai series
Android yang lengkap dan tentunya dengan PROMO
yang ga nanggung nanggung 😱

Kenapa harus di Pura Pura Ponsel ?
Kualitas barang SAMA ✅
Bergaransi resmi ✅
Banyak BENEFITNYA ✅
Harga lebih TERJANGKAU ✅
Bisa TUKAR TAMBAH✅
Bisa KREDIT dengan DP dan BUNGA 0% ✅
Bisa SPLIT Payment ✅
Dan tentunya BERKESEMPATAN Lucky Draw setiap
pembelian android brand new yang hadiahnya berupa
handphone dan voucher hingga jutaan rupiah 🤩
Buat kalian yang nggak bisa datang ke toko bisa
checkout di toko online Minpur ya ada cashback
hingga jutaan rupiah pengiriman cepat, dijamin aman
sampai tujuan whoshhh 💨
———
Info Lebih Lanjut ✨
(Click Link on Bio)
📍Jl. Kroya No. 3, Kesiman, Denpasar
📍Jl. Subur No. 4 Pemecutan Klod, Denpasar Barat
⏰ Open Everyday 09:00 - 22:00 WIB⁣⁣⁣⁣⁣⁣⁣⁣⁣⁣⁣⁣⁣⁣⁣⁣⁣⁣⁣⁣⁣⁣⁣⁣⁣⁣⁣⁣⁣⁣
📲 Admin : 081237200400
🛒 Tokopedia: Pura Pura Ponsel Official
🛒 Shopee: Pura Pura Ponsel
—
Kualitas Tidak Pernah Pura Pura
#service #smartphone #iphonebali #android
#purapuraponsel",0,"10/01/2025 07:37",https://www.instagram.com/p/DPRS5RJgIbu/,"IG carousel",,Lifetime,864774,154891,754,45,299,190,170
18058956761149672,17841414051683694,purapura.ponsel,"Pura Pura Ponsel","Kalian pecinta apple product ? Belum
lengkap kalau belum koleksi semuanya nih 🙈
Transfer data yang mudah, sikronisasi antar perangkat,
serta pengalaman pengguna yang konsisten di semua
perangkat.

Kenapa harus di Pura Pura Ponsel ?
Kualitas barang SAMA ✅
Bergaransi resmi ✅
Banyak BENEFITNYA ✅
Harga lebih TERJANGKAU ✅
Bisa KREDIT dengan DP dan BUNGA 0% ✅

Dan buat kalian yang belum sempat datang ke toko,
bisa checkout di toko online Minpur ya. Packing aman,
lengkap dan cepat sampai tujuan 💨
Jadi tunggu apalagi ? yuk segera datang ke toko 🔥

Pura Pura Ponsel - Toko HP Baru & Second Denpasar!
Jual Beli iPhone & Android Bekas Bergaransi &
Terlengkap.

📍 Cabang Kesiman: Jl. Kroya No. 3, Kesiman,
Denpasar Timur
📍 Cabang Pemecutan Klod: Jl. Subur No. 4,
Pemecutan Klod, Denpasar Barat

⏰ Buka Setiap Hari: 09:00 - 22:00 WITA⁣⁣⁣⁣⁣⁣⁣⁣⁣⁣⁣⁣⁣⁣⁣⁣⁣⁣⁣⁣⁣⁣⁣⁣⁣⁣⁣⁣⁣⁣

📲 Info & Pemesanan: 081237200400
🌐 Cek Stok & Promo Lengkap di:
purapuraponsel.com
🛒 Tokopedia: Pura Pura Ponsel Official
🛒 Shopee: Pura Pura Ponsel
---
Kualitas Tidak Pernah Pura Pura

#service #smartphone #iphonebali #android
#purapuraponsel #appleproducts",0,"10/01/2025 07:45",https://www.instagram.com/p/DPRTvMHEuT4/,"IG carousel",,Lifetime,839931,134892,437,63,144,39,103
17875042854423339,17841414051683694,purapura.ponsel,"Pura Pura Ponsel","SERVICE HERE‼️

Kalian sudah cek handphone kalian belum? 😬
punya masalah lain sama handphone kamu? Bawa aja
ke Pura Pura Ponsel.
Kami ada layanan service terpercaya! 🤩

Kenapa harus service di Pura Pura Ponsel?

✅Free tempered glass dan case
✅Service bisa ditunggu
✅Bisa dilihat secara face to face
✅Pembayaran service bisa kredit
✅Setiap pergantian sparepart apapun potongan up to
50%

———
Info Lebih Lanjut ✨
(Click Link on Bio)
📍Jl. Kroya No. 3, Kesiman, Denpasar
📍Jl. Subur No. 4 Pemecutan Klod, Denpasar Barat
⏰ Open Everyday 09:00 - 22:00 WIB⁣⁣⁣⁣⁣⁣⁣⁣⁣⁣⁣⁣⁣⁣⁣⁣⁣⁣⁣⁣⁣⁣⁣⁣⁣⁣⁣⁣⁣⁣
📲 Admin : 081237200400
🛒 Tokopedia: Pura Pura Ponsel Official
🛒 Shopee: Pura Pura Ponsel
—
Kualitas Tidak Pernah Pura Pura
#iphone #applestore #iphonebali #iphonedenpasar
#service",0,"10/01/2025 07:53",https://www.instagram.com/p/DPRUug5jhfu/,"IG carousel",,Lifetime,452101,138482,347,21,140,8,54
17858442330521253,17841414051683694,purapura.ponsel,"Pura Pura Ponsel","banyak kendala sayaaaa😭

jadi yang perlu di service masnya atau hpnya😭

Pura Pura Ponsel - Toko HP Baru & Second Terlengkap di Denpasar! ✨

Cari iPhone atau Android bekas berkualitas dengan garansi resmi?
Di sini tempatnya! Kami menyediakan beragam pilihan HP bekas yang sudah melewati proses QC ketat, jadi dijamin aman dan terpercaya.

✅ Jual Beli HP Second & Baru
✅ Bergaransi
✅ Tersedia Berbagai Merk: iPhone, Samsung, Xiaomi, Oppo, Vivo, dan lainnya
✅ Bisa Tukar Tambah & Kredit HP (Syarat & Ketentuan Berlaku)

📍 Kunjungi cabang terdekat kami:
- Kesiman: Jl. Kroya No. 3, Kesiman, Denpasar Timur
- Pemecutan Klod: Jl. Subur No. 4, Pemecutan Klod, Denpasar Barat

⏰ Buka setiap hari pukul 09:00 - 22:00 WITA.

📲 Hubungi kami untuk info stok & pemesanan: 081237200400
🌐 Cek promo terbaru di website kami: purapuraponsel.com
🛒 Belanja online aman di Tokopedia & Shopee: Pura Pura Ponsel Official

Kualitas Tidak Pernah Pura Pura.
#purapuraponsel #viral #fyp #xyzbca #reelsinstagram",43,"10/04/2025 03:01",https://www.instagram.com/reel/DPYhpNBjci1/,"IG reel",,Lifetime,10042,7420,67,1,0,4,3
17945831648915803,17841414051683694,purapura.ponsel,"Pura Pura Ponsel","""Niatnya pengen estetik eh hasilnya jadi mistik 😭

Pura Pura Ponsel - Toko HP Baru & Second Terlengkap di Denpasar! ✨

Cari iPhone atau Android bekas berkualitas dengan garansi resmi?
Di sini tempatnya! Kami menyediakan beragam pilihan HP bekas yang sudah melewati proses QC ketat, jadi dijamin aman dan terpercaya.

✅ Jual Beli HP Second & Baru
✅ Bergaransi
✅ Tersedia Berbagai Merk: iPhone, Samsung, Xiaomi, Oppo, Vivo, dan lainnya
✅ Bisa Tukar Tambah & Kredit HP (Syarat & Ketentuan Berlaku)

📍 Kunjungi cabang terdekat kami:
- Kesiman: Jl. Kroya No. 3, Kesiman, Denpasar Timur
- Pemecutan Klod: Jl. Subur No. 4, Pemecutan Klod, Denpasar Barat

⏰ Buka setiap hari pukul 09:00 - 22:00 WITA.

📲 Hubungi kami untuk info stok & pemesanan: 081237200400
🌐 Cek promo terbaru di website kami: purapuraponsel.com
🛒 Belanja online aman di Tokopedia & Shopee: Pura Pura Ponsel Official

Kualitas Tidak Pernah Pura Pura.
#purapuraponsel #viral #fyp #xyzbca #reelsinstagram """,30,"10/04/2025 23:00",https://www.instagram.com/reel/DPaq3uOEpbz/,"IG reel",,Lifetime,51715,26024,260,8,1,8,14
17858389479520641,17841414051683694,purapura.ponsel,"Pura Pura Ponsel","Memek Bali vs Memek Jawa😭

Pura Pura Ponsel - Toko HP Baru & Second Terlengkap di Denpasar! ✨

Cari iPhone atau Android bekas berkualitas dengan garansi resmi?
Di sini tempatnya! Kami menyediakan beragam pilihan HP bekas yang sudah melewati proses QC ketat, jadi dijamin aman dan terpercaya.

✅ Jual Beli HP Second & Baru
✅ Bergaransi
✅ Tersedia Berbagai Merk: iPhone, Samsung, Xiaomi, Oppo, Vivo, dan lainnya
✅ Bisa Tukar Tambah & Kredit HP (Syarat & Ketentuan Berlaku)

📍 Kunjungi cabang terdekat kami:
- Kesiman: Jl. Kroya No. 3, Kesiman, Denpasar Timur
- Pemecutan Klod: Jl. Subur No. 4, Pemecutan Klod, Denpasar Barat

⏰ Buka setiap hari pukul 09:00 - 22:00 WITA.

📲 Hubungi kami untuk info stok & pemesanan: 081237200400
🌐 Cek promo terbaru di website kami: purapuraponsel.com
🛒 Belanja online aman di Tokopedia & Shopee: Pura Pura Ponsel Official

Kualitas Tidak Pernah Pura Pura.
#purapuraponsel #viral #fyp #xyzbca #reelsinstagram",43,"10/05/2025 03:01",https://www.instagram.com/reel/DPbGdR6CPN5/,"IG reel",,Lifetime,441982,309833,14972,3564,154,340,619
18327405220240822,17841414051683694,purapura.ponsel,"Pura Pura Ponsel","Kenapa sih harus pre-order iphone 17 di Pura Pura Ponsel? 🤔
Ini dia alasanyaa... 💡

Pura Pura Ponsel - Toko HP Baru & Second Terlengkap di Denpasar! ✨

Cari iPhone atau Android bekas berkualitas dengan garansi resmi?
Di sini tempatnya! Kami menyediakan beragam pilihan HP bekas yang sudah melewati proses QC ketat, jadi dijamin aman dan terpercaya.

✅ Jual Beli HP Second & Baru
✅ Bergaransi
✅ Tersedia Berbagai Merk: iPhone, Samsung, Xiaomi, Oppo, Vivo, dan lainnya
✅ Bisa Tukar Tambah & Kredit HP (Syarat & Ketentuan Berlaku)

📍 Kunjungi cabang terdekat kami:
- Kesiman: Jl. Kroya No. 3, Kesiman, Denpasar Timur
- Pemecutan Klod: Jl. Subur No. 4, Pemecutan Klod, Denpasar Barat

⏰ Buka setiap hari pukul 09:00 - 22:00 WITA.

📲 Hubungi kami untuk info stok & pemesanan: 081237200400
🌐 Cek promo terbaru di website kami: purapuraponsel.com
🛒 Belanja online aman di Tokopedia & Shopee: Pura Pura Ponsel Official

Kualitas Tidak Pernah Pura Pura.
#purapuraponsel #viral #fyp #xyzbca #reelsinstagram",0,"10/05/2025 18:00",https://www.instagram.com/p/DPctWxFjfun/,"IG carousel",,Lifetime,79029,9859,131,14,0,0,4
18069412181193868,17841414051683694,purapura.ponsel,"Pura Pura Ponsel","Makanan Bhuta Kala😭🙏🏻

Pura Pura Ponsel - Toko HP Baru & Second Terlengkap di Denpasar! ✨

Cari iPhone atau Android bekas berkualitas dengan garansi resmi?
Di sini tempatnya! Kami menyediakan beragam pilihan HP bekas yang sudah melewati proses QC ketat, jadi dijamin aman dan terpercaya.

✅ Jual Beli HP Second & Baru
✅ Bergaransi
✅ Tersedia Berbagai Merk: iPhone, Samsung, Xiaomi, Oppo, Vivo, dan lainnya
✅ Bisa Tukar Tambah & Kredit HP (Syarat & Ketentuan Berlaku)

📍 Kunjungi cabang terdekat kami:
- Kesiman: Jl. Kroya No. 3, Kesiman, Denpasar Timur
- Pemecutan Klod: Jl. Subur No. 4, Pemecutan Klod, Denpasar Barat

⏰ Buka setiap hari pukul 09:00 - 22:00 WITA.

📲 Hubungi kami untuk info stok & pemesanan: 081237200400
🌐 Cek promo terbaru di website kami: purapuraponsel.com
🛒 Belanja online aman di Tokopedia & Shopee: Pura Pura Ponsel Official

Kualitas Tidak Pernah Pura Pura.
#purapuraponsel #viral #fyp #xyzbca #reelsinstagram",59,"10/08/2025 02:30",https://www.instagram.com/reel/DPiw9ukE0ho/,"IG reel",,Lifetime,137761,97485,5195,498,129,200,162
18056909012235312,17841414051683694,purapura.ponsel,"Pura Pura Ponsel","BELI HANDPHONE DAPAT KAMBING🙀🐐
jangan sampai kalian ketinggalan benefit nya bukan kaleng-kaleng😍
yuk buruan ikutan PO series 17🤩✨🚀

Pura Pura Ponsel - Toko HP Baru & Second Terlengkap di Denpasar! ✨

Cari iPhone atau Android bekas berkualitas dengan garansi resmi?
Di sini tempatnya! Kami menyediakan beragam pilihan HP bekas yang sudah melewati proses QC ketat, jadi dijamin aman dan terpercaya.

✅ Jual Beli HP Second & Baru
✅ Bergaransi
✅ Tersedia Berbagai Merk: iPhone, Samsung, Xiaomi, Oppo, Vivo, dan lainnya
✅ Bisa Tukar Tambah & Kredit HP (Syarat & Ketentuan Berlaku)

📍 Kunjungi cabang terdekat kami:
- Kesiman: Jl. Kroya No. 3, Kesiman, Denpasar Timur
- Pemecutan Klod: Jl. Subur No. 4, Pemecutan Klod, Denpasar Barat

⏰ Buka setiap hari pukul 09:00 - 22:00 WITA.

📲 Hubungi kami untuk info stok & pemesanan: 081237200400
🌐 Cek promo terbaru di website kami: purapuraponsel.com
🛒 Belanja online aman di Tokopedia & Shopee: Pura Pura Ponsel Official

Kualitas Tidak Pernah Pura Pura.
#purapuraponsel #viral #fyp #xyzbca #reelsinstagram",0,"10/08/2025 05:43",https://www.instagram.com/p/DPjHZtsE_Md/,"IG carousel",,Lifetime,81279,11372,150,37,1,6,7
18092983777635634,17841414051683694,purapura.ponsel,"Pura Pura Ponsel","AUGUST PROMO IS COMING ‼️

Buat kalian yang cari Android brand new maupun second
Pura Pura Ponsel hadir dengan berbagai series Android yang lengkap dan tentunya dengan PROMO yang ga nanggung nanggung 😱

Kenapa harus di Pura Pura Ponsel ?
Kualitas barang SAMA ✅
Bergaransi resmi ✅
Banyak BENEFITNYA ✅
Harga lebih TERJANGKAU ✅
Bisa TUKAR TAMBAH✅
Bisa KREDIT dengan DP dan BUNGA 0% ✅
Bisa SPLIT Payment ✅
Dan tentunya BERKESEMPATAN Lucky Draw setiap pembelian android brand new yang hadiahnya berupa handphone dan voucher hingga jutaan rupiah 🤩

Buat kalian yang nggak bisa datang ke toko bisa checkout di toko online Minpur ya ada cashback hingga jutaan rupiah pengiriman cepat, dijamin aman sampai tujuan whoshhh 💨

———
Info Lebih Lanjut ✨
(Click Link on Bio)

📍Jl. Kroya No. 3, Kesiman, Denpasar
📍Jl. Subur No. 4 Pemecutan Klod, Denpasar Barat
⏰ Open Everyday 09:00 - 22:00 WIB⁣⁣⁣⁣⁣⁣⁣⁣⁣⁣⁣⁣⁣⁣⁣⁣⁣⁣⁣⁣⁣⁣⁣⁣⁣⁣⁣⁣⁣⁣
📲 Admin : 081237200400
🛒 Tokopedia: Pura Pura Ponsel Official
🛒 Shopee: Pura Pura Ponsel
—
Kualitas Tidak Pernah Pura Pura

#service #smartphone #iphonebali #android #purapuraponsel",0,"08/01/2025 18:42",https://www.instagram.com/p/DM1agv_vO5R/,"IG carousel",,Lifetime,417783,92440,554,12,331,55,102
17866195119383607,17841414051683694,purapura.ponsel,"Pura Pura Ponsel","Coba bantu hitung bestie 🤩

———
Info Lebih Lanjut ✨
(Click Link on Bio)

📍 Jl. Kroya No. 3, Kesiman, Denpasar Timur
📍 Jl. Subur No. 4, Pemecutan Klod, Denpasar Barat
⏰ Open Everyday 09:00 - 22:00 WIB⁣⁣⁣⁣⁣⁣⁣⁣⁣⁣⁣⁣⁣⁣⁣⁣⁣⁣⁣⁣⁣⁣⁣⁣⁣⁣⁣⁣⁣⁣
📲 Admin : 081237200400
🛒 Tokopedia: Pura Pura Ponsel Official
🛒 Shopee: Pura Pura Ponsel
—
Kualitas Tidak Pernah Pura Pura

#iphone #serviceiphone #iphonebali #iphonedenpasar #purapuraponsel",16,"05/10/2025 03:01",https://www.instagram.com/reel/DJeAxsQMiQs/,"IG reel",,Lifetime,923946,565540,6042,303,250,429,132
18396037738115750,17841414051683694,purapura.ponsel,"Pura Pura Ponsel","POV : Ketika punya Iphone baru 👀

———
Info Lebih Lanjut ✨
(Click Link on Bio)

📍 Jl. Kroya No. 3, Kesiman, Denpasar Timur
📍 Jl. Subur No. 4, Pemecutan Klod, Denpasar Barat
⏰ Open Everyday 09:00 - 22:00 WIB⁣⁣⁣⁣⁣⁣⁣⁣⁣⁣⁣⁣⁣⁣⁣⁣⁣⁣⁣⁣⁣⁣⁣⁣⁣⁣⁣⁣⁣⁣
📲 Admin : 081237200400
🛒 Tokopedia: Pura Pura Ponsel Official
🛒 Shopee: Pura Pura Ponsel
—
Kualitas Tidak Pernah Pura Pura

#iphone #serviceiphone #iphonebali #iphonedenpasar #purapuraponsel",14,"05/11/2025 03:01",https://www.instagram.com/reel/DJglj1RsYhu/,"IG reel",,Lifetime,10841,7040,51,2,0,0,3
18078368680699501,17841414051683694,purapura.ponsel,"Pura Pura Ponsel","✨ Terima kasih atas kepercayaan Kalian!
Setiap senyuman pelanggan adalah bukti kepercayaan yang tak ternilai.
Terima kasih telah menjadikan kami pilihan utama untuk kebutuhan gadget Anda!
———
Info Lebih Lanjut ✨
(Click Link on Bio)

📍 Jl. Kroya No. 3, Kesiman, Denpasar Timur
📍 Jl. Subur No. 4, Pemecutan Klod, Denpasar Barat
⏰ Open Everyday 09:00 - 22:00 WIB⁣⁣⁣⁣⁣⁣⁣⁣⁣⁣⁣⁣⁣⁣⁣⁣⁣⁣⁣⁣⁣⁣⁣⁣⁣⁣⁣⁣⁣⁣
📲 Admin : 081237200400
🛒 Tokopedia: Pura Pura Ponsel Official
🛒 Shopee: Pura Pura Ponsel
—
Kualitas Tidak Pernah Pura Pura

#iphone #applestore #iphonebali #iphonedenpasar #purapuraponsel",0,"05/12/2025 00:24",https://www.instagram.com/p/DJi4ac1TqMo/,"IG carousel",,Lifetime,38228,18002,286,7,2,14,8
17965718018764258,17841414051683694,purapura.ponsel,"Pura Pura Ponsel","KAGET BANGET KEJADIAN MENCENGANGKAN!😱
BELI HANDPHONE GRATIS HANDPHONE ? 😱

———
Info Lebih Lanjut ✨
(Click Link on Bio)

📍 Jl. Kroya No. 3, Kesiman, Denpasar Timur
📍 Jl. Subur No. 4, Pemecutan Klod, Denpasar Barat
⏰ Open Everyday 09:00 - 22:00 WIB⁣⁣⁣⁣⁣⁣⁣⁣⁣⁣⁣⁣⁣⁣⁣⁣⁣⁣⁣⁣⁣⁣⁣⁣⁣⁣⁣⁣⁣⁣
📲 Admin : 081237200400
🛒 Tokopedia: Pura Pura Ponsel Official
🛒 Shopee: Pura Pura Ponsel
—
Kualitas Tidak Pernah Pura Pura

#samsung #xiaomi #vivo #oppo #androidmurah #androiddenpasar""",41,"05/13/2025 02:40",https://www.instagram.com/reel/DJlsS5iTX_6/,"IG reel",,Lifetime,225641,127881,2232,82,10,101,63
18499435144043291,17841403237713917,telagabagus,"TELAGA BAGUS","Orang Bali Menolak Tegas !!

Banyak sekali kegaduhan terjadi belakangan ini, semoga semua dewasa dan mengerti arti dari TOLERANSI🔥
.
Support UMKM local Bali, budana adat terlengkap di bali @telagabagus & Toko Ponsel terbaik di bali @purapura.ponsel 

By : @arthadashing_ 
#telagabagus #purapuraponsel #arthadashing #bali #viral",90,"05/14/2025 02:25",https://www.instagram.com/reel/DJoPe-JPCWY/,"IG reel",,Lifetime,128805,95020,2232,11,5,15,0
18299345458171266,17841414051683694,purapura.ponsel,"Pura Pura Ponsel","EMANG ADA ? 👀

Buat kalian yang mencari handphone android dengan kualitas ⚡️ dan harga terjangkau ?
Tenang Minpur ada rekomendasi untuk kalian nih 🤩
Kenapa harus di Pura Pura Ponsel ? karena setiap pembelian handphone android kalian berkesempatan mendapatkan Lucky Draw
Yang hadiahnya berupa handphone dan voucher hingga jutaan rupiah

Jadi tunggu apalagi ? gaskan ke Pura Pura Ponsel 💨

———
Info Lebih Lanjut ✨
(Click Link on Bio)

📍 Jl. Kroya No. 3, Kesiman, Denpasar Timur
📍 Jl. Subur No. 4, Pemecutan Klod, Denpasar Barat
⏰ Open Everyday 09:00 - 22:00 WIB⁣⁣⁣⁣⁣⁣⁣⁣⁣⁣⁣⁣⁣⁣⁣⁣⁣⁣⁣⁣⁣⁣⁣⁣⁣⁣⁣⁣⁣⁣
📲 Admin : 081237200400
🛒 Tokopedia: Pura Pura Ponsel Official
🛒 Shopee: Pura Pura Ponsel
—
Kualitas Tidak Pernah Pura Pura

#samsung #xiaomi #vivo #oppo #androidmurah #androiddenpasar",70,"05/15/2025 04:21",https://www.instagram.com/reel/DJrB3NBqeU5/,"IG reel",,Lifetime,10165,6830,55,1,0,6,5
18046254212160002,17841414051683694,purapura.ponsel,"Pura Pura Ponsel","CLAIM GARANSI SUSAH ? 

Tentu tidak ! 
Hanya di @purapura.ponsel kami bantu dan selama proses claim akan mendapatkan unit pengganti 🥰
Bukti bukan hanya janji 🥰🤞🏼

———
Info Lebih Lanjut ✨
(Click Link on Bio)

📍 Jl. Kroya No. 3, Kesiman, Denpasar Timur
📍 Jl. Subur No. 4, Pemecutan Klod, Denpasar Barat
⏰ Open Everyday 09:00 - 22:00 WIB⁣⁣⁣⁣⁣⁣⁣⁣⁣⁣⁣⁣⁣⁣⁣⁣⁣⁣⁣⁣⁣⁣⁣⁣⁣⁣⁣⁣⁣⁣
📲 Admin : 081237200400
🛒 Tokopedia: Pura Pura Ponsel Official
🛒 Shopee: Pura Pura Ponsel
—
Kualitas Tidak Pernah Pura Pura

#iphone #iphone14promax #ios18",103,"05/16/2025 03:04",https://www.instagram.com/reel/DJtdxYtT91Q/,"IG reel",,Lifetime,26303,14163,240,6,5,13,8
18057813644468783,17841414051683694,purapura.ponsel,"Pura Pura Ponsel","Mantan itu seperti tagihan hutang, ingin dilupakan tapi selalu datang 😭

Tapi tenang, buat kalian yang lagi mengalami life after breakup 
Minpur ingin menghibur kalian dengan PROMO SPESIAL 🤩
Setiap pembelian handphone Android akan mendapatkan kesempatan Lucky Draw
Yang hadiahnya berupa handphone dan vocuher hingga jutaan rupiah 🥰

Jadi tunggu apalagi ? gaskan ke store 👀💨

———
Info Lebih Lanjut ✨
(Click Link on Bio)

📍 Jl. Kroya No. 3, Kesiman, Denpasar Timur
📍 Jl. Subur No. 4, Pemecutan Klod, Denpasar Barat
⏰ Open Everyday 09:00 - 22:00 WIB⁣⁣⁣⁣⁣⁣⁣⁣⁣⁣⁣⁣⁣⁣⁣⁣⁣⁣⁣⁣⁣⁣⁣⁣⁣⁣⁣⁣⁣⁣
📲 Admin : 081237200400
🛒 Tokopedia: Pura Pura Ponsel Official
🛒 Shopee: Pura Pura Ponsel
—
Kualitas Tidak Pernah Pura Pura

#iphone #serviceiphone #android #iphonedenpasar #purapuraponsel",38,"05/17/2025 03:05",https://www.instagram.com/reel/DJwCgPXThZi/,"IG reel",,Lifetime,91559,55984,1018,27,0,16,20
17895728718224807,17841403237713917,telagabagus,"TELAGA BAGUS","Galau berat, padahal kebaya pransic,kamen ATBM, iphone 16 PM sube kebeliang nu masih iluh megedi😭😭

Sabar ton.. yg baik pasti akan datang
Tapi kalau mau berkorban boleh kok beliin busana adat terbaik beliin di @telagabagus dan iphone berkualitas terlengkap ada di @purapura.ponsel 

By : @arthadashing_ 

#kamenatbm #kebayaprancis #kalungjodha #telagabagus #purapuraponsel #arthadashing",118,"05/19/2025 04:10",https://www.instagram.com/reel/DJ1S0ONv-sb/,"IG reel",,Lifetime,131307,99184,1394,15,14,27,0
18040076141537836,17841414051683694,purapura.ponsel,"Pura Pura Ponsel","Samsung Galaxy series A36 atau A56 ? 

Nah buat kalian yang masih bingung, berikut penjelasannya yaa 🤩
Jika masih ada pertanyaan, silahkan drop dikomentar ya ges 👇🏻

———
Info Lebih Lanjut ✨
(Click Link on Bio)

📍 Jl. Kroya No. 3, Kesiman, Denpasar Timur
📍 Jl. Subur No. 4, Pemecutan Klod, Denpasar Barat
⏰ Open Everyday 09:00 - 22:00 WIB⁣⁣⁣⁣⁣⁣⁣⁣⁣⁣⁣⁣⁣⁣⁣⁣⁣⁣⁣⁣⁣⁣⁣⁣⁣⁣⁣⁣⁣⁣
📲 Admin : 081237200400
🛒 Tokopedia: Pura Pura Ponsel Official
🛒 Shopee: Pura Pura Ponsel
—
Kualitas Tidak Pernah Pura Pura

#android #serviceiphone #samsungA36 #iphonedenpasar #samsungA56 #purapuraponsel",69,"05/20/2025 03:03",https://www.instagram.com/reel/DJ3w4XDNPlw/,"IG reel",,Lifetime,8834,5751,39,2,1,0,4
17851289505454958,17841414051683694,purapura.ponsel,"Pura Pura Ponsel","PENAMPAKAN HOROR HEBOH 😱

———
Info Lebih Lanjut ✨
(Click Link on Bio)

📍 Jl. Kroya No. 3, Kesiman, Denpasar Timur
📍 Jl. Subur No. 4, Pemecutan Klod, Denpasar Barat
⏰ Open Everyday 09:00 - 22:00 WIB⁣⁣⁣⁣⁣⁣⁣⁣⁣⁣⁣⁣⁣⁣⁣⁣⁣⁣⁣⁣⁣⁣⁣⁣⁣⁣⁣⁣⁣⁣
📲 Admin : 081237200400
🛒 Tokopedia: Pura Pura Ponsel Official
🛒 Shopee: Pura Pura Ponsel
—
Kualitas Tidak Pernah Pura Pura

#iphone16promax  #serviceiphone  #iphone  #iphonedenpasar  #purapuraponsel",35,"05/21/2025 03:01",https://www.instagram.com/reel/DJ6Vjd8NUm4/,"IG reel",,Lifetime,36313,21929,305,9,0,11,3
17852680905449995,17841414051683694,purapura.ponsel,"Pura Pura Ponsel","Sefruit TIPS yang dapat membantu, bisa disimak ya ges 👀🤞🏼

———
Info Lebih Lanjut ✨
(Click Link on Bio)

📍 Jl. Kroya No. 3, Kesiman, Denpasar Timur
📍 Jl. Subur No. 4, Pemecutan Klod, Denpasar Barat
⏰ Open Everyday 09:00 - 22:00 WIB⁣⁣⁣⁣⁣⁣⁣⁣⁣⁣⁣⁣⁣⁣⁣⁣⁣⁣⁣⁣⁣⁣⁣⁣⁣⁣⁣⁣⁣⁣
📲 Admin : 081237200400
🛒 Tokopedia: Pura Pura Ponsel Official
🛒 Shopee: Pura Pura Ponsel
—
Kualitas Tidak Pernah Pura Pura

#iphone16  #serviceiphone  #iphone  #iphonedenpasar  #purapuraponsel",63,"05/22/2025 03:02",https://www.instagram.com/reel/DJ86V1SKikC/,"IG reel",,Lifetime,8722,5716,47,4,0,2,4
17987813738669990,17841414051683694,purapura.ponsel,"Pura Pura Ponsel","Cuplikan giat berbagi dari team Pura Pura Ponsel di sore hari yang indah ini. 
Semoga berkah bagi kita semua yaa 🥰❤️

———
Info Lebih Lanjut ✨
(Click Link on Bio)

📍 Jl. Kroya No. 3, Kesiman, Denpasar Timur
📍 Jl. Subur No. 4, Pemecutan Klod, Denpasar Barat
⏰ Open Everyday 09:00 - 22:00 WIB⁣⁣⁣⁣⁣⁣⁣⁣⁣⁣⁣⁣⁣⁣⁣⁣⁣⁣⁣⁣⁣⁣⁣⁣⁣⁣⁣⁣⁣⁣
📲 Admin : 081237200400
🛒 Tokopedia: Pura Pura Ponsel Official
🛒 Shopee: Pura Pura Ponsel
—
Kualitas Tidak Pernah Pura Pura

#iphone16 #serviceiphone #iphone #iphonedenpasar  #purapuraponsel",59,"05/23/2025 03:01",https://www.instagram.com/reel/DJ_fIk_KyIH/,"IG reel",,Lifetime,7962,5240,65,3,2,1,10
17961515180785522,17841414051683694,purapura.ponsel,"Pura Pura Ponsel","POV : Service di Pura Pura Ponsel

Budget kalian kurang ? tenang service di Pura Pura Ponsel bisa kredit ya bestie 😍
Untuk kualitas, service, dan pelayanan tidak usah diragukan lagi tentunya bergaransi ya bestie 😱
Jadi tunggu apalagi ? gaskan ke store 💨

———
Info Lebih Lanjut ✨
(Click Link on Bio)

📍 Jl. Kroya No. 3, Kesiman, Denpasar Timur
📍 Jl. Subur No. 4, Pemecutan Klod, Denpasar Barat
⏰ Open Everyday 09:00 - 22:00 WIB⁣⁣⁣⁣⁣⁣⁣⁣⁣⁣⁣⁣⁣⁣⁣⁣⁣⁣⁣⁣⁣⁣⁣⁣⁣⁣⁣⁣⁣⁣
📲 Admin : 081237200400
🛒 Tokopedia: Pura Pura Ponsel Official
🛒 Shopee: Pura Pura Ponsel
—
Kualitas Tidak Pernah Pura Pura

#iphone16 #serviceiphone #iphone #iphonedenpasar  #purapuraponsel",85,"05/24/2025 03:02",https://www.instagram.com/reel/DKCD8j6Ce90/,"IG reel",,Lifetime,9557,6063,63,0,0,6,3
18512144977003141,17841403237713917,telagabagus,"TELAGA BAGUS","SALAH SASARAN😱🤣

Berceritakan tentang Artha Dan Arthur saudara kembar yang beda prinsip, kisah ini apakah harus dilanjut? Komen di bawah !

Toko busana adat keren @telagabagus toko ponsel terbaik di bali @purapura.ponsel 

Video by : @arthadashing_ 

#telagabagus #arthadashing #telagabagus #busanabali #busanaadatbali #udeng #safari #bajusafari #setcouple #bajusafari #saputpoleng",131,"05/24/2025 05:28",https://www.instagram.com/reel/DKCUd7YvJ__/,"IG reel",,Lifetime,1546019,1180530,12319,705,117,415,0
18037470248320983,17841414051683694,purapura.ponsel,"Pura Pura Ponsel","Minpur masih deg-degan sampai sekarang
kalian pernah ngalamin juga nggak?

———
Info Lebih Lanjut ✨
(Click Link on Bio)

📍 Jl. Kroya No. 3, Kesiman, Denpasar Timur
📍 Jl. Subur No. 4, Pemecutan Klod, Denpasar Barat
⏰ Open Everyday 09:00 - 22:00 WIB⁣⁣⁣⁣⁣⁣⁣⁣⁣⁣⁣⁣⁣⁣⁣⁣⁣⁣⁣⁣⁣⁣⁣⁣⁣⁣⁣⁣⁣⁣
📲 Admin : 081237200400
🛒 Tokopedia: Pura Pura Ponsel Official
🛒 Shopee: Pura Pura Ponsel
—
Kualitas Tidak Pernah Pura Pura

#iphone16 #serviceiphone #iphone #iphonedenpasar #purapuraponsel",21,"05/25/2025 00:58",https://www.instagram.com/reel/DKEaddyz4-0/,"IG reel",,Lifetime,2351945,1669354,9658,727,52,235,475
17859304284423065,17841414051683694,purapura.ponsel,"Pura Pura Ponsel","Nah ini ada beberapa hal tips dari minpur yang WAJIB kalian tahu ya gais
masih bingung atau ada pertanyaan ?
silahkan komen di kolom bawah ya👇🏻🤗

———
Info Lebih Lanjut ✨
(Click Link on Bio)

📍 Jl. Kroya No. 3, Kesiman, Denpasar Timur
📍 Jl. Subur No. 4, Pemecutan Klod, Denpasar Barat
⏰ Open Everyday 09:00 - 22:00 WIB⁣⁣⁣⁣⁣⁣⁣⁣⁣⁣⁣⁣⁣⁣⁣⁣⁣⁣⁣⁣⁣⁣⁣⁣⁣⁣⁣⁣⁣⁣
📲 Admin : 081237200400
🛒 Tokopedia: Pura Pura Ponsel Official
🛒 Shopee: Pura Pura Ponsel
—
Kualitas Tidak Pernah Pura Pura

#iphone16 #serviceiphone #iphone #iphonedenpasar #purapuraponsel""",89,"05/25/2025 20:01",https://www.instagram.com/reel/DKGdcT6BFnj/,"IG reel",,Lifetime,11281,6883,47,4,0,2,9
18069867392500863,17841414051683694,purapura.ponsel,"Pura Pura Ponsel","HATI HATI! BELANJA DI PURA PURA PONSEL BISA BIKIN KETAGIHAN SERIUSAN!

———
Info Lebih Lanjut ✨
(Click Link on Bio)

📍 Jl. Kroya No. 3, Kesiman, Denpasar Timur
📍 Jl. Subur No. 4, Pemecutan Klod, Denpasar Barat
⏰ Open Everyday 09:00 - 22:00 WIB⁣⁣⁣⁣⁣⁣⁣⁣⁣⁣⁣⁣⁣⁣⁣⁣⁣⁣⁣⁣⁣⁣⁣⁣⁣⁣⁣⁣⁣⁣
📲 Admin : 081237200400
🛒 Tokopedia: Pura Pura Ponsel Official
🛒 Shopee: Pura Pura Ponsel
—
Kualitas Tidak Pernah Pura Pura

#iphone16 #serviceiphone #iphone #iphonedenpasar #purapuraponsel""",73,"05/26/2025 03:01",https://www.instagram.com/reel/DKHNgypsGrn/,"IG reel",,Lifetime,82334,48576,514,6,1,9,11
18067171352076918,17841414051683694,purapura.ponsel,"Pura Pura Ponsel","Sefruit TIPS yang berbeda kali ini untuk kalian yang gasuka terima telfon HEHE
Disimak ya ges 🤔

———
Info Lebih Lanjut ✨
(Click Link on Bio)

📍 Jl. Kroya No. 3, Kesiman, Denpasar Timur
📍 Jl. Subur No. 4, Pemecutan Klod, Denpasar Barat
⏰ Open Everyday 09:00 - 22:00 WIB⁣⁣⁣⁣⁣⁣⁣⁣⁣⁣⁣⁣⁣⁣⁣⁣⁣⁣⁣⁣⁣⁣⁣⁣⁣⁣⁣⁣⁣⁣
📲 Admin : 081237200400
🛒 Tokopedia: Pura Pura Ponsel Official
🛒 Shopee: Pura Pura Ponsel
—
Kualitas Tidak Pernah Pura Pura

#iphone16 #serviceiphone #iphone #iphonedenpasar #purapuraponsel""",48,"05/26/2025 20:01",https://www.instagram.com/reel/DKJCMveNWIx/,"IG reel",,Lifetime,7415,4704,47,0,0,0,1
18067192658045893,17841414051683694,purapura.ponsel,"Pura Pura Ponsel","Buku gambar di atas tiang,
di tinggal bentar kok HILANG 😱

———
Info Lebih Lanjut ✨
(Click Link on Bio)

📍 Jl. Kroya No. 3, Kesiman, Denpasar Timur
📍 Jl. Subur No. 4, Pemecutan Klod, Denpasar Barat
⏰ Open Everyday 09:00 - 22:00 WIB⁣⁣⁣⁣⁣⁣⁣⁣⁣⁣⁣⁣⁣⁣⁣⁣⁣⁣⁣⁣⁣⁣⁣⁣⁣⁣⁣⁣⁣⁣
📲 Admin : 081237200400
🛒 Tokopedia: Pura Pura Ponsel Official
🛒 Shopee: Pura Pura Ponsel
—
Kualitas Tidak Pernah Pura Pura

#iphone16 #serviceiphone #iphone #iphonedenpasar #purapuraponsel""",24,"05/27/2025 03:00",https://www.instagram.com/reel/DKJyM1PI0eJ/,"IG reel",,Lifetime,38855,23623,370,0,5,2,1
18049879340119121,17841414051683694,purapura.ponsel,"Pura Pura Ponsel","ASMR UNBOXING SAMSUNG A56🤫

———
Info Lebih Lanjut ✨
(Click Link on Bio)

📍 Jl. Kroya No. 3, Kesiman, Denpasar Timur
📍 Jl. Subur No. 4, Pemecutan Klod, Denpasar Barat
⏰ Open Everyday 09:00 - 22:00 WIB⁣⁣⁣⁣⁣⁣⁣⁣⁣⁣⁣⁣⁣⁣⁣⁣⁣⁣⁣⁣⁣⁣⁣⁣⁣⁣⁣⁣⁣⁣
📲 Admin : 081237200400
🛒 Tokopedia: Pura Pura Ponsel Official
🛒 Shopee: Pura Pura Ponsel
—
Kualitas Tidak Pernah Pura Pura

#iphone16 #serviceiphone #iphone #iphonedenpasar #purapuraponsel""",24,"05/27/2025 20:01",https://www.instagram.com/reel/DKLm_7ft07q/,"IG reel",,Lifetime,12543,8001,49,1,1,2,5
18083132116688108,17841414051683694,purapura.ponsel,"Pura Pura Ponsel","LARI DARI KENYATAAN ? 😱

Daripada kalian lari dari kenyataan, lebih baik ikut meramaikan MM FUN RUN yang akan diselenggarakan dalam waktu dekat ini.
Caranya daftarnya gimana ? bisa langsung datang ke store Minpur cabang Monang Maning yaa 🤩
Jangan sampai ketinggalan hadiah-hadiah menariknya ! 🤩💨

———
Info Lebih Lanjut ✨
(Click Link on Bio)

📍 Jl. Kroya No. 3, Kesiman, Denpasar Timur
📍 Jl. Subur No. 4, Pemecutan Klod, Denpasar Barat
⏰ Open Everyday 09:00 - 22:00 WIB⁣⁣⁣⁣⁣⁣⁣⁣⁣⁣⁣⁣⁣⁣⁣⁣⁣⁣⁣⁣⁣⁣⁣⁣⁣⁣⁣⁣⁣⁣
📲 Admin : 081237200400
🛒 Tokopedia: Pura Pura Ponsel Official
🛒 Shopee: Pura Pura Ponsel
—
Kualitas Tidak Pernah Pura Pura

#iphone16 #serviceiphone #iphone #iphonedenpasar #purapuraponsel",38,"05/28/2025 03:02",https://www.instagram.com/reel/DKMXJmyMghU/,"IG reel",,Lifetime,39444,24600,178,8,2,0,9
17911109085135058,17841414051683694,purapura.ponsel,"Pura Pura Ponsel","Kalian masih pakai ponsel yang gitu - gitu aja ? 🫣

Pura Pura Ponsel hadir dengan berbagai series handphone android salah satunya Xiaomi 🤩
Kami hadir dengan tipe yang lengkap,  untuk harga sudah pasti tidak membuat kantong kalian jebol
Dan dapatkan promo menarik setiap pembelian handphone new android berkesempatan Lucky Draw yang hadiahnya berupa handphone dan voucher hingga jutaan rupiah 🤩
Jadi tunggu apalagi ? segera datang ke store ya ges 🥰💨

———
Info Lebih Lanjut ✨
(Click Link on Bio)

📍 Jl. Kroya No. 3, Kesiman, Denpasar Timur
📍 Jl. Subur No. 4, Pemecutan Klod, Denpasar Barat
⏰ Open Everyday 09:00 - 22:00 WIB⁣⁣⁣⁣⁣⁣⁣⁣⁣⁣⁣⁣⁣⁣⁣⁣⁣⁣⁣⁣⁣⁣⁣⁣⁣⁣⁣⁣⁣⁣
📲 Admin : 081237200400
🛒 Tokopedia: Pura Pura Ponsel Official
🛒 Shopee: Pura Pura Ponsel
—
Kualitas Tidak Pernah Pura Pura

#android #serviceiphone #Xiaomi #smartphone #purapuraponsel",71,"05/29/2025 03:01",https://www.instagram.com/reel/DKO70xIuWFX/,"IG reel",,Lifetime,7336,4754,36,1,0,0,2
18187946821314535,17841414051683694,purapura.ponsel,"Pura Pura Ponsel","POV : Setiap ketemu temen kantor yang tidak akrab 🫣

———
Info Lebih Lanjut ✨
(Click Link on Bio)

📍 Jl. Kroya No. 3, Kesiman, Denpasar Timur
📍 Jl. Subur No. 4, Pemecutan Klod, Denpasar Barat
⏰ Open Everyday 09:00 - 22:00 WIB⁣⁣⁣⁣⁣⁣⁣⁣⁣⁣⁣⁣⁣⁣⁣⁣⁣⁣⁣⁣⁣⁣⁣⁣⁣⁣⁣⁣⁣⁣
📲 Admin : 081237200400
🛒 Tokopedia: Pura Pura Ponsel Official
🛒 Shopee: Pura Pura Ponsel
—
Kualitas Tidak Pernah Pura Pura

#iphone16 #serviceiphone #iphone #iphonedenpasar #purapuraponsel",27,"05/30/2025 03:01",https://www.instagram.com/reel/DKRgpKot_hA/,"IG reel",,Lifetime,13787,9296,94,2,3,0,0
17916619821031928,17841414051683694,purapura.ponsel,"Pura Pura Ponsel","JUNE PROMO IS COMING❗️
Buat kalian yang cari Iphone brand new, second atau 16 series 😱
Jangan khawatir Pura Pura Ponsel hadir dengan promo yang dahsyat 
Dengan harga yang ramah dikantong dan pastinya kualitas tidak perlu diragukan lagi 🤩
Kami juga menerima tukar tambah dari series X, bahkan dari series lebih lama lagi
Tukar tambah Android dengan Iphone ? Bisa banget dong
Budget kalian kurang ? tenang kami hadir dengan beberapa pilihan finance

Kenapa harus di Pura Pura Ponsel ? 
Kualitas barang SAMA ✅
Sama - sama GARANSI Indonesia ✅
Sinyal TIDAK akan TERBLOCKIR ✅
Banyak BENEFITNYA ✅
Harga lebih TERJANGKAU ✅
Bisa TUKAR TAMBAH dari Iphone X atau LEBIH LAMA ✅
Bisa KREDIT dengan DP dan BUNGA 0% ✅
Bisa SPLIT Payment ✅

Jadi tunggu apalagi ? yuk mampir ke store 🤩🚀

Buat kalian yang nggak bisa datang ke toko bisa checkout di toko online Minpur ya ada cashback hingga jutaan rupiah 😱
pengiriman cepat, dijamin aman sampai tujuan woosh 💨

———
Info Lebih Lanjut ✨
(Click Link on Bio)

📍Jl. Kroya No. 3, Kesiman, Denpasar
📍Jl. Subur No. 4 Pemecutan Klod, Denpasar Barat
⏰ Open Everyday 09:00 - 22:00 WIB⁣⁣⁣⁣⁣⁣⁣⁣⁣⁣⁣⁣⁣⁣⁣⁣⁣⁣⁣⁣⁣⁣⁣⁣⁣⁣⁣⁣⁣⁣
📲 Admin : 081237200400
🛒 Tokopedia: Pura Pura Ponsel Official
🛒 Shopee: Pura Pura Ponsel
—
Kualitas Tidak Pernah Pura Pura

#iphone #applestore #iphonebali #iphonedenpasar #purapuraponsel",0,"05/31/2025 20:39",https://www.instagram.com/p/DKV-kMyPkNP/,"IG carousel",,Lifetime,337102,100870,948,161,433,53,247
17906092032056794,17841414051683694,purapura.ponsel,"Pura Pura Ponsel","ADUH ... 😱

Mau cash kok dapet Iphone ?!!!
Kalau kalian jadi kakanya gimana ges coba lagi atau terima nih ? 😌

———
Info Lebih Lanjut ✨
(Click Link on Bio)

📍 Jl. Kroya No. 3, Kesiman, Denpasar Timur
📍 Jl. Subur No. 4, Pemecutan Klod, Denpasar Barat
⏰ Open Everyday 09:00 - 22:00 WIB⁣⁣⁣⁣⁣⁣⁣⁣⁣⁣⁣⁣⁣⁣⁣⁣⁣⁣⁣⁣⁣⁣⁣⁣⁣⁣⁣⁣⁣⁣
📲 Admin : 081237200400
🛒 Tokopedia: Pura Pura Ponsel Official
🛒 Shopee: Pura Pura Ponsel
—
Kualitas Tidak Pernah Pura Pura

#iphone16 #serviceiphone #iphone #iphonedenpasar #purapuraponsel",90,"06/01/2025 03:07",https://www.instagram.com/reel/DKWqfGtTGYJ/,"IG reel",,Lifetime,28109,17848,160,0,0,2,1
17889865173143619,17841414051683694,purapura.ponsel,"Pura Pura Ponsel","JUNE PROMO IS COMING ‼️

Buat kalian yang cari Android brand new maupun second 😱
jangan khawatir Pura Pura Ponsel hadir dengan berbagai series Android yang tentunya dengan Promo yang menarik ya gaes 

Kenapa harus di Pura Pura Ponsel ?
Kualitas barang SAMA ✅
Bergaransi resmi ✅
Banyak BENEFITNYA ✅
Harga lebih TERJANGKAU ✅
Bisa TUKAR TAMBAH ✅
Bisa KREDIT dengan DP dan BUNGA 0% ✅
Bisa SPLIT Payment ✅
Dan tentunya BERKESEMPATAN Lucky Draw setiap pembelian android brand new yang hadiahnya berupa handphone dan voucher hingga jutaan rupiah 🤩

Buat kalian yang nggak bisa datang ke toko bisa checkout di toko online Minpur ya ada cashback hingga jutaan rupiah pengiriman cepat, dijamin aman sampai tujuan 🚀
Jadi tunggu apalagi ? yuk mampir ke store 🤩🚀

———
Info Lebih Lanjut ✨
(Click Link on Bio)

📍Jl. Kroya No. 3, Kesiman, Denpasar
📍Jl. Subur No. 4 Pemecutan Klod, Denpasar Barat
⏰ Open Everyday 09:00 - 22:00 WIB⁣⁣⁣⁣⁣⁣⁣⁣⁣⁣⁣⁣⁣⁣⁣⁣⁣⁣⁣⁣⁣⁣⁣⁣⁣⁣⁣⁣⁣⁣
📲 Admin : 081237200400
🛒 Tokopedia: Pura Pura Ponsel Official
🛒 Shopee: Pura Pura Ponsel
—
Kualitas Tidak Pernah Pura Pura

#service #smartphone #iphonebali #android #purapuraponsel",0,"06/02/2025 05:05",https://www.instagram.com/p/DKZdSlBvlzZ/,"IG carousel",,Lifetime,325724,107298,699,25,366,52,152
18061437521139985,17841403237713917,telagabagus,"TELAGA BAGUS","Balas Dendam !! Artha Vs Arthur Episode 2
Kali ini lebih gila mengeluarkan ke 5 elemen🤣🤣

Toko busana adat terbaik @telagabagus dan toko ponsel terlengkap di bali @purapura.ponsel 

Video By : @arthadashing_ 

#arthavsarthur #telagabagus #purapuraponsel #saputpoleng #busanabali #busanaadatbali #arthadashing #udeng #kemeja",215,"06/02/2025 06:24",https://www.instagram.com/reel/DKZmGFbPUci/,"IG reel",,Lifetime,103831,80073,722,24,3,23,0
17975132561850351,17841414051683694,purapura.ponsel,"Pura Pura Ponsel","Pentingnya saling menjaga satu sama lain, bukan saling menyudutkan apalagi menjerumuskan 🤍

Seperti toko andalan mimin Pura Pura Ponsel  yang selalu menjaga dan mengutamakan kualitas agar customer abadi.

Kalian bisa tukar tambah dari series apapun dan sudah dipastikan bergaransi. 
Handphone kalian ada kendala ? tenang. kami pasti bantu dengan kekuatan fast response yang memadai 😊

Yuk buruan merapat ke Pura Pura Ponsel 😊💨

📍 Jl. Kroya No. 3, Kesiman, Denpasar Timur
📍 Jl. Subur No. 4, Pemecutan Klod, Denpasar Barat
⏰ Open Everyday 09:00 - 22:00 WIB⁣⁣⁣⁣⁣⁣⁣⁣⁣⁣⁣⁣⁣⁣⁣⁣⁣⁣⁣⁣⁣⁣⁣⁣⁣⁣⁣⁣⁣⁣
📲 Admin : 081237200400
🛒 Tokopedia: Pura Pura Ponsel Official
🛒 Shopee: Pura Pura Ponsel
—
Kualitas Tidak Pernah Pura Pura
#komedi #jawabali #purapuraponsel",71,"06/03/2025 03:08",https://www.instagram.com/reel/DKb0kS9KA4c/,"IG reel",,Lifetime,15757,10039,162,4,1,8,3
17867057790304783,17841414051683694,purapura.ponsel,"Pura Pura Ponsel","Kenapa MacBook Air M1 masih jadi andalan mahasiswa dan pelajar di 2025?

Karena dia:
💨 Super cepat
🧊 Gak gampang panas
🔋 Baterai tahan seharian
💻 Desain tipis & ringan banget!

Dan kabar baiknya… sekarang lagi ada PROMO BACK TO SCHOOL!

🎒 Harga spesial
🛡️ Garansi resmi 1 tahun dan Free Asuransi

Siap mulai semester baru tanpa drama laptop lemot?

📍 Jl. Kroya No. 3, Kesiman, Denpasar Timur
📍 Jl. Subur No. 4, Pemecutan Klod, Denpasar Barat
⏰ Open Everyday 09:00 - 22:00 WIB⁣⁣⁣⁣⁣⁣⁣⁣⁣⁣⁣⁣⁣⁣⁣⁣⁣⁣⁣⁣⁣⁣⁣⁣⁣⁣⁣⁣⁣⁣
📲 Admin : 081237200400
🛒 Tokopedia: Pura Pura Ponsel Official
🛒 Shopee: Pura Pura Ponsel
—
Kualitas Tidak Pernah Pura Pura

#MacBookAirM1 #BackToSchoolPromo #LaptopPelajar #MacbookMurah #AppleStudentDeal #MacbookM1 #LaptopMahasiswa #BelanjaCerdas #PromoGadget #MacbookOriginal  #iphone #applestore #iphonebali #iphonedenpasar #purapuraponsel",45,"06/03/2025 05:46",https://www.instagram.com/reel/DKcGkrXT2Ig/,"IG reel",,Lifetime,6795,4655,26,0,0,2,1
18061796726169126,17841414051683694,purapura.ponsel,"Pura Pura Ponsel","Budget kalian kurang ? 

Tenang, mimin ada solusinya 🤩
Di Pura Pura Ponsel tersedia beberapa pilihan finance yang bisa kalian coba loh 
Kenapa harus di Pura Pura Ponsel ? 
✅ Dapatkan cicilan tanpa DP dan bunga 0%
✅ Bergaransi 
✅ Dapatkan free 2x cicilan 
✅ Pelayanan yang memuaskan dengan informasi detail dan lengkap 

Jadi tunggu apalagi ? segera datang ke Pura Pura Ponsel 🤩💨

📍 Jl. Kroya No. 3, Kesiman, Denpasar Timur
📍 Jl. Subur No. 4, Pemecutan Klod, Denpasar Barat
⏰ Open Everyday 09:00 - 22:00 WIB⁣⁣⁣⁣⁣⁣⁣⁣⁣⁣⁣⁣⁣⁣⁣⁣⁣⁣⁣⁣⁣⁣⁣⁣⁣⁣⁣⁣⁣⁣
📲 Admin : 081237200400
🛒 Tokopedia: Pura Pura Ponsel Official
🛒 Shopee: Pura Pura Ponsel
—
Kualitas Tidak Pernah Pura Pura

#iphonemurah #kredithp  #iphone #applestore #iphonebali #iphonedenpasar #purapuraponsel",36,"06/03/2025 19:01",https://www.instagram.com/reel/DKdhs1sBvpo/,"IG reel",,Lifetime,202388,112369,2296,75,541,17,208
18010314341749198,17841414051683694,purapura.ponsel,"Pura Pura Ponsel","SAPI BUKAN SEMBARANG SAPI 🐄

Nantikan promo promo spesial Minpur yang pastinya tidak akan mengecewakan ya ges 🤩
Jangan sampai ketinggalan yaa 🚀

📍 Jl. Kroya No. 3, Kesiman, Denpasar Timur
📍 Jl. Subur No. 4, Pemecutan Klod, Denpasar Barat
⏰ Open Everyday 09:00 - 22:00 WIB⁣⁣⁣⁣⁣⁣⁣⁣⁣⁣⁣⁣⁣⁣⁣⁣⁣⁣⁣⁣⁣⁣⁣⁣⁣⁣⁣⁣⁣⁣
📲 Admin : 081237200400
🛒 Tokopedia: Pura Pura Ponsel Official
🛒 Shopee: Pura Pura Ponsel
—
Kualitas Tidak Pernah Pura Pura

#servicehp #serviceiphone #servicemurah #kredithp  #iphone #applestore #iphonebali #iphonedenpasar #purapuraponsel",21,"06/04/2025 03:23",https://www.instagram.com/reel/DKebHkCzENj/,"IG reel",,Lifetime,10066,7096,69,1,2,6,1
17847028830489290,17841414051683694,purapura.ponsel,"Pura Pura Ponsel","Kalian mau TT ? 😱

Eitss tenang, di Pura Pura Ponsel bisa Tukar Tambah loh 🤩
Kenapa harus di Pura Pura Ponsel ? 
✅ Bisa tukar tambah dari series berapapun , bahkan dibawah series X sekalipun
✅ Android ke Iphone 
✅ Handphone terblockir atau tidak terdaftar 
✅ Tukar tambah dengan kredit dan dapatkan promo DP dan bunga 0 %

Jadi tunggu apalagi ? segera meluncur ke toko ya ges 🚀

📍 Jl. Kroya No. 3, Kesiman, Denpasar Timur
📍 Jl. Subur No. 4, Pemecutan Klod, Denpasar Barat
⏰ Open Everyday 09:00 - 22:00 WIB⁣⁣⁣⁣⁣⁣⁣⁣⁣⁣⁣⁣⁣⁣⁣⁣⁣⁣⁣⁣⁣⁣⁣⁣⁣⁣⁣⁣⁣⁣
📲 Admin : 081237200400
🛒 Tokopedia: Pura Pura Ponsel Official
🛒 Shopee: Pura Pura Ponsel
—
Kualitas Tidak Pernah Pura Pura

#iphonemurah #kredithp  #iphone #applestore #iphonebali #iphonedenpasar #purapuraponsel",34,"06/04/2025 19:01",https://www.instagram.com/reel/DKgGh4hP14v/,"IG reel",,Lifetime,318621,190625,1683,16,50,4,30
18032779619391604,17841414051683694,purapura.ponsel,"Pura Pura Ponsel","Tebak skor
tutup jam 21.45
100k untuk 2 orang pemenang🚀🔥

yuk buruan komen di kolom komentar bawah👇🏻",0,"06/05/2025 05:46",https://www.instagram.com/p/DKhQYUCz2XL/,"IG image",,Lifetime,23194,13507,389,20,4,180,3
17909737101117771,17841414051683694,purapura.ponsel,"Pura Pura Ponsel","Handphone kalian ada kendala ? 

Pura Pura Ponsel solusinya 😊
Kenapa harus di Pura Pura Ponsel ?
✅ Bergaransi 
✅ Harga ramah dikantong
✅ Bisa Ditunggu 
✅ Bisa dilihat selama pengerjaan 
✅ Bisa kredit
✅ Free case dan antigores ( selama stock tersedia ) 

Jadi tunggu apalagi ? yuk meluncur ke Pura Pura Ponsel 🚀

📍 Jl. Kroya No. 3, Kesiman, Denpasar Timur
📍 Jl. Subur No. 4, Pemecutan Klod, Denpasar Barat
⏰ Open Everyday 09:00 - 22:00 WIB⁣⁣⁣⁣⁣⁣⁣⁣⁣⁣⁣⁣⁣⁣⁣⁣⁣⁣⁣⁣⁣⁣⁣⁣⁣⁣⁣⁣⁣⁣
📲 Admin : 081237200400
🛒 Tokopedia: Pura Pura Ponsel Official
🛒 Shopee: Pura Pura Ponsel
—
Kualitas Tidak Pernah Pura Pura

#servicehp #serviceiphone #servicemurah #kredithp  #iphone #applestore #iphonebali #iphonedenpasar #purapuraponsel",39,"06/05/2025 19:01",https://www.instagram.com/reel/DKirVXdhgzs/,"IG reel",,Lifetime,164849,81909,547,6,281,10,16
17952749498961545,17841414051683694,purapura.ponsel,"Pura Pura Ponsel","Yang kita semua nanti nantikan 😱

Selamat kepada @randa.pradika dan @putuonki96. 😍 Silahkan Dm Minpur untuk konfirmasinya yaa 
Yang belum berhasil ditunggu challenge selanjutnya 🤩

📍 Jl. Kroya No. 3, Kesiman, Denpasar Timur
📍 Jl. Subur No. 4, Pemecutan Klod, Denpasar Barat
⏰ Open Everyday 09:00 - 22:00 WIB⁣⁣⁣⁣⁣⁣⁣⁣⁣⁣⁣⁣⁣⁣⁣⁣⁣⁣⁣⁣⁣⁣⁣⁣⁣⁣⁣⁣⁣⁣
📲 Admin : 081237200400
🛒 Tokopedia: Pura Pura Ponsel Official
🛒 Shopee: Pura Pura Ponsel
—
Kualitas Tidak Pernah Pura Pura

#servicemurah #kredithp  #iphone #applestore #iphonebali #iphonedenpasar #purapuraponsel",83,"06/06/2025 01:29",https://www.instagram.com/reel/DKjW7hnTdrU/,"IG reel",,Lifetime,10691,6723,78,0,3,2,1
18486178423071520,17841414051683694,purapura.ponsel,"Pura Pura Ponsel","Alasan kenapa mimin tidak menerima COD 😌

Tapi tenang untuk kalian yang belum sempat datang ke toko, bisa mampir ke E-commerce Minpur yaa
Untuk ketersediaan stock sama dan admin fast response 🤩
Packing aman, pengiriman cepat dan dapatkan potongan harga khusus cust Online mimin 
Jadi tunggu apalagi ? yuk segera intip yaa 👀

📍 Jl. Kroya No. 3, Kesiman, Denpasar Timur
📍 Jl. Subur No. 4, Pemecutan Klod, Denpasar Barat
⏰ Open Everyday 09:00 - 22:00 WIB⁣⁣⁣⁣⁣⁣⁣⁣⁣⁣⁣⁣⁣⁣⁣⁣⁣⁣⁣⁣⁣⁣⁣⁣⁣⁣⁣⁣⁣⁣
📲 Admin : 081237200400
🛒 Tokopedia: Pura Pura Ponsel Official
🛒 Shopee: Pura Pura Ponsel
—
Kualitas Tidak Pernah Pura Pura

#iphonemurah #kredithp  #iphone #applestore #iphonebali #iphonedenpasar #purapuraponsel",36,"06/06/2025 03:01",https://www.instagram.com/reel/DKjiMWnKBlr/,"IG reel",,Lifetime,15755,9756,92,1,1,0,8
18070416676795894,17841414051683694,purapura.ponsel,"Pura Pura Ponsel","Gimana tanggapan semeton?",71,"06/06/2025 05:36",https://www.instagram.com/reel/DKjzfk2Ttky/,"IG reel",,Lifetime,265131,168781,5552,112,38,209,120
17865428838403844,17841414051683694,purapura.ponsel,"Pura Pura Ponsel","BELI HANDPHONE DAPAT HANDPHONE 🥳

Selamat ya kak Elsa dan terimakasih sudah berbelanja di Pura Pura Ponsel 🥰
Nah, untuk yang lainnya promo Lucky Draw masih berlaku ya gais disetiap pembelian brand new android kalian berkesempatan Lucky Draw yang hadiahnya hingga jutaan rupiah.

Yuk segera ke store mimin 💨

📍 Jl. Kroya No. 3, Kesiman, Denpasar Timur
📍 Jl. Subur No. 4, Pemecutan Klod, Denpasar Barat
⏰ Open Everyday 09:00 - 22:00 WIB⁣⁣⁣⁣⁣⁣⁣⁣⁣⁣⁣⁣⁣⁣⁣⁣⁣⁣⁣⁣⁣⁣⁣⁣⁣⁣⁣⁣⁣⁣
📲 Admin : 081237200400
🛒 Tokopedia: Pura Pura Ponsel Official
🛒 Shopee: Pura Pura Ponsel
—
Kualitas Tidak Pernah Pura Pura

#iphonemurah #kredithp  #iphone #applestore #iphonebali #iphonedenpasar #purapuraponsel",64,"06/06/2025 19:01",https://www.instagram.com/reel/DKlQHAENtuD/,"IG reel",,Lifetime,10328,6841,59,0,4,2,2
18030853676439164,17841414051683694,purapura.ponsel,"Pura Pura Ponsel","P ADU ! 😏

eitsss, jangan ya ges ya kalau mau adu Promo sama Pura Pura Ponsel bolehlah yaa 😜
Apalagi sekarang iphone 13 dan iphone 15 sedang promo gais 
Yuk buruan serbu toko mimin yaa 🥳💨

📍 Jl. Kroya No. 3, Kesiman, Denpasar Timur
📍 Jl. Subur No. 4, Pemecutan Klod, Denpasar Barat
⏰ Open Everyday 09:00 - 22:00 WIB⁣⁣⁣⁣⁣⁣⁣⁣⁣⁣⁣⁣⁣⁣⁣⁣⁣⁣⁣⁣⁣⁣⁣⁣⁣⁣⁣⁣⁣⁣
📲 Admin : 081237200400
🛒 Tokopedia: Pura Pura Ponsel Official
🛒 Shopee: Pura Pura Ponsel
—
Kualitas Tidak Pernah Pura Pura

#iphonemurah #kredithp  #iphone #applestore #iphonebali #iphonedenpasar #purapuraponsel",39,"06/07/2025 03:00",https://www.instagram.com/reel/DKmG8gGPFqJ/,"IG reel",,Lifetime,30613,18564,292,12,1,10,6
17914820019011936,17841414051683694,purapura.ponsel,"Pura Pura Ponsel","Sefruit TIPS yang memudahkan kalian, yuk disimak 🤩
Jika ada pertanyaan, silahkan drop dikolom komentar ya gais 👇🏻

📍 Jl. Kroya No. 3, Kesiman, Denpasar Timur
📍 Jl. Subur No. 4, Pemecutan Klod, Denpasar Barat
⏰ Open Everyday 09:00 - 22:00 WIB⁣⁣⁣⁣⁣⁣⁣⁣⁣⁣⁣⁣⁣⁣⁣⁣⁣⁣⁣⁣⁣⁣⁣⁣⁣⁣⁣⁣⁣⁣
📲 Admin : 081237200400
🛒 Tokopedia: Pura Pura Ponsel Official
🛒 Shopee: Pura Pura Ponsel
—
Kualitas Tidak Pernah Pura Pura

#iphonemurah #kredithp  #iphone #applestore #iphonebali #iphonedenpasar #purapuraponsel",48,"06/07/2025 19:02",https://www.instagram.com/reel/DKn06r-CvNs/,"IG reel",,Lifetime,10370,6933,92,5,3,2,23
18067542281483607,17841414051683694,purapura.ponsel,"Pura Pura Ponsel","Perbedaan bukan lah menjadi sebuah alasan, untuk tidak saling menghargai apalagi saling membenci!
Ingat, Toleransi yang utama ❤️

Sperti toko andalan mimin @purapura.ponsel yg sllu menjada silaturahmi dengan customernya dan memberikan pelayanan terbaik,bukan hanya saat belanja namun setelah belanja pun masih sama ramahnya❤️

#purapuraponsel #arthadashing #bali #jawa #jawabali #fyp #komedi",78,"06/08/2025 03:32",https://www.instagram.com/reel/DKot4NEzu02/,"IG reel",,Lifetime,54285,32915,977,32,2,17,19
18057275885220167,17841414051683694,purapura.ponsel,"Pura Pura Ponsel","JUNE PROMO IS COMING !!
Buat kalian yang cari iwatch brand new maupun second jangan khawatir Pura Pura Ponsel hadir dengan berbagai series
Iwatch yang tentunya dengan Promo yang menarik ya gaes
Kenapa harus di Pura Pura Ponsel ?
Kualitas barang SAMA ✅
Bergaransi resmi ✅
Banyak BENEFITNYA ✅
Harga lebih TERJANGKAU ✅
Bisa TUKAR TAMBAH ✅
Bisa KREDIT dengan DP dan BUNGA 0% ✅
Bisa SPLIT Payment ✅

Buat kalian yang nggak bisa datang ke toko bisa checkout di toko online Minpur ya ada cashback hingga jutaan rupiah pengiriman cepat, dijamin aman sampai tujuan 3 Jadi tunggu apalagi? yuk mampir ke store
Info Lebih Lanjut
(Click Link on Bio)
📍JI. Kroya No. 3, Kesiman, Denpasar JI.
📍Subur No. 4 Pemecutan Klod, Denpasar Barat 
⏰Open Everyday 09:00 - 22:00 WIB
📲 Admin: 081237200400
🛒Tokopedia: Pura Pura Ponsel Official
🛒Shopee: Pura Pura Ponsel
Kualitas Tidak Pernah Pura Pura
#service #smartphone #iphonebali #android #purapuraponsel",0,"06/09/2025 04:16",https://www.instagram.com/p/DKrZOnVTmne/,"IG carousel",,Lifetime,69404,25477,7642,15,5,13,64
18345013804081633,17841414051683694,purapura.ponsel,"Pura Pura Ponsel","Sefruit TIPS yang memudahkan kalian, yuk disimak gais🤩
ada yang sudah tau caranya atau ada pertanyaan ?
yuk segera komen di kolom komentar di bawah👇🏻🥰

📍 Jl. Kroya No. 3, Kesiman, Denpasar Timur
📍 Jl. Subur No. 4, Pemecutan Klod, Denpasar Barat
⏰ Open Everyday 09:00 - 22:00 WIB⁣⁣⁣⁣⁣⁣⁣⁣⁣⁣⁣⁣⁣⁣⁣⁣⁣⁣⁣⁣⁣⁣⁣⁣⁣⁣⁣⁣⁣⁣
📲 Admin : 081237200400
🛒 Tokopedia: Pura Pura Ponsel Official
🛒 Shopee: Pura Pura Ponsel
—
Kualitas Tidak Pernah Pura Pura

#iphonemurah #kredithp  #iphone #applestore #iphonebali #iphonedenpasar #purapuraponsel",99,"06/09/2025 19:21",https://www.instagram.com/reel/DKtAhvsTWKM/,"IG reel",,Lifetime,8715,6037,51,2,0,0,11
18084260845681802,17841414051683694,purapura.ponsel,"Pura Pura Ponsel","Tebak skor 
tutup jam 18.35
200k untuk 2 orang pemenang 🔥🚀

yuk buruan komen dikolom komentar 👇🏻

📍 Jl. Kroya No. 3, Kesiman, Denpasar Timur
📍 Jl. Subur No. 4, Pemecutan Klod, Denpasar Barat
⏰ Open Everyday 09:00 - 22:00 WIB⁣⁣⁣⁣⁣⁣⁣⁣⁣⁣⁣⁣⁣⁣⁣⁣⁣⁣⁣⁣⁣⁣⁣⁣⁣⁣⁣⁣⁣⁣
📲 Admin : 081237200400
🛒 Tokopedia: Pura Pura Ponsel Official
🛒 Shopee: Pura Pura Ponsel
—
Kualitas Tidak Pernah Pura Pura

 #iphone #applestore #iphonebali #iphonedenpasar #purapuraponsel",0,"06/10/2025 03:25",https://www.instagram.com/p/DKt4I4xPgJl/,"IG image",,Lifetime,28485,15154,239,16,1,74,0
18103298914545359,17841414051683694,purapura.ponsel,"Pura Pura Ponsel","Berbuat baiklah tanpa memandang NOMINAL 🤝

Ingin ganti handphone tapi masih bingung mau yang mana ?
Atau budget kalian kurang ?
Tenang @purapura.ponsel solusinya 🤩
Kami siap membantu dengan staf pelayanan yang bisa kalian andalkan dan pastinya informatif 🤩
Tersedia beberapa pilihan finance yang bisa kalian coba ya gaes 
Jadi tunggu apalagi ? mampir ke warung mimin yuk 🚀

📍 Jl. Kroya No. 3, Kesiman, Denpasar Timur
📍 Jl. Subur No. 4, Pemecutan Klod, Denpasar Barat
⏰ Open Everyday 09:00 - 22:00 WIB⁣⁣⁣⁣⁣⁣⁣⁣⁣⁣⁣⁣⁣⁣⁣⁣⁣⁣⁣⁣⁣⁣⁣⁣⁣⁣⁣⁣⁣⁣
📲 Admin : 081237200400
🛒 Tokopedia: Pura Pura Ponsel Official
🛒 Shopee: Pura Pura Ponsel
—
Kualitas Tidak Pernah Pura Pura

#iphonemurah #kredithp  #iphone #applestore #iphonebali #iphonedenpasar #purapuraponsel",141,"06/11/2025 03:28",https://www.instagram.com/reel/DKwau8wzTap/,"IG reel",,Lifetime,93454,57407,919,35,4,26,35
18083319037706818,17841403443955617,xmade_official,"TEAM BERSYUKUR","Biasanya makan pakek apa sih ?",41,"06/11/2025 06:27",https://www.instagram.com/reel/DKwxKyKSySp/,"IG reel",,Lifetime,100251,55165,1405,6,1,10,0
17985130361822136,17841414051683694,purapura.ponsel,"Pura Pura Ponsel","Harga bersahabat dan worth it ditahun ini 🥰
Dengan desain mirip Samsung Galaxy S24 series, Samsung Galaxy S24 FE hadir dengan harga terjangkau 
Yuk simak penjelasannya 🥰🙌🏻

📍 Jl. Kroya No. 3, Kesiman, Denpasar Timur
📍 Jl. Subur No. 4, Pemecutan Klod, Denpasar Barat
⏰ Open Everyday 09:00 - 22:00 WIB⁣⁣⁣⁣⁣⁣⁣⁣⁣⁣⁣⁣⁣⁣⁣⁣⁣⁣⁣⁣⁣⁣⁣⁣⁣⁣⁣⁣⁣⁣
📲 Admin : 081237200400
🛒 Tokopedia: Pura Pura Ponsel Official
🛒 Shopee: Pura Pura Ponsel
—
Kualitas Tidak Pernah Pura Pura

#samsung #kredithp #android #samsungS24 #purapuraponsel",72,"06/13/2025 19:01",https://www.instagram.com/reel/DK3RpryMumV/,"IG reel",,Lifetime,6765,4588,24,2,3,0,0
17900702355087150,17841414051683694,purapura.ponsel,"Pura Pura Ponsel","POV : DOI GA SUKA ANDROID 🫣

Setiap pembelian android brand new kalian berkesempatan FREE LUCKY DRAW 🤩
yang hadiahnya berupa handphone dan voucher hingga jutaan rupiah 😍
Hanya ada di Pura Pura Ponsel ya gaes. Jangan sampai ketinggalan Promonya !! 🚀

📍 Jl. Kroya No. 3, Kesiman, Denpasar Timur
📍 Jl. Subur No. 4, Pemecutan Klod, Denpasar Barat
⏰ Open Everyday 09:00 - 22:00 WIB⁣⁣⁣⁣⁣⁣⁣⁣⁣⁣⁣⁣⁣⁣⁣⁣⁣⁣⁣⁣⁣⁣⁣⁣⁣⁣⁣⁣⁣⁣
📲 Admin : 081237200400
🛒 Tokopedia: Pura Pura Ponsel Official
🛒 Shopee: Pura Pura Ponsel
—
Kualitas Tidak Pernah Pura Pura

#android #kredithp #iphone #applestore #iphonebali #promo #purapuraponsel",23,"06/14/2025 03:01",https://www.instagram.com/reel/DK4Ild1NDlf/,"IG reel",,Lifetime,10606,6858,57,3,1,6,3
17936895339011732,17841414051683694,purapura.ponsel,"Pura Pura Ponsel","Dengan teknologi AI yang canggih dan kamera profesional, Samsung Galaxy S25 Ultra hadir 😍🔥
Yuk bedah bareng mimin untuk speknya. jika masih ada pertanyaan, drop dikolom komentar ya gaes 👇🏻

📍 Jl. Kroya No. 3, Kesiman, Denpasar Timur
📍 Jl. Subur No. 4, Pemecutan Klod, Denpasar Barat
⏰ Open Everyday 09:00 - 22:00 WIB⁣⁣⁣⁣⁣⁣⁣⁣⁣⁣⁣⁣⁣⁣⁣⁣⁣⁣⁣⁣⁣⁣⁣⁣⁣⁣⁣⁣⁣⁣
📲 Admin : 081237200400
🛒 Tokopedia: Pura Pura Ponsel Official
🛒 Shopee: Pura Pura Ponsel
—
Kualitas Tidak Pernah Pura Pura

#samsung #kredithp #android #samsungS25 #purapuraponsel",66,"06/14/2025 19:01",https://www.instagram.com/reel/DK52aypNFdT/,"IG reel",,Lifetime,7596,4880,35,2,0,4,5
17861621208424202,17841414051683694,purapura.ponsel,"Pura Pura Ponsel","POV : BERHARAP TIPS DARI CUSTOMER 

📍 Jl. Kroya No. 3, Kesiman, Denpasar Timur
📍 Jl. Subur No. 4, Pemecutan Klod, Denpasar Barat
⏰ Open Everyday 09:00 - 22:00 WIB⁣⁣⁣⁣⁣⁣⁣⁣⁣⁣⁣⁣⁣⁣⁣⁣⁣⁣⁣⁣⁣⁣⁣⁣⁣⁣⁣⁣⁣⁣
📲 Admin : 081237200400
🛒 Tokopedia: Pura Pura Ponsel Official
🛒 Shopee: Pura Pura Ponsel
—
Kualitas Tidak Pernah Pura Pura

#iphonemurah #kredithp  #iphone #applestore #iphonebali #iphonedenpasar #purapuraponsel",28,"06/15/2025 03:00",https://www.instagram.com/reel/DK6tU0iP6IB/,"IG reel",,Lifetime,11953,7883,66,2,0,1,4
17971867472897441,17841414051683694,purapura.ponsel,"Pura Pura Ponsel","Kalian lagi cari pad yang harganya terjangkau ? Minpur ada solusinya nich 😍
Cocok untuk belajar, nonton dan juga game ringan.
Yuk disimak videonya sampai selesai ya, masih ada pertanyaan ? yuk drop dikolom komentar 😍👇🏻

📍 Jl. Kroya No. 3, Kesiman, Denpasar Timur
📍 Jl. Subur No. 4, Pemecutan Klod, Denpasar Barat
⏰ Open Everyday 09:00 - 22:00 WIB⁣⁣⁣⁣⁣⁣⁣⁣⁣⁣⁣⁣⁣⁣⁣⁣⁣⁣⁣⁣⁣⁣⁣⁣⁣⁣⁣⁣⁣⁣
📲 Admin : 081237200400
🛒 Tokopedia: Pura Pura Ponsel Official
🛒 Shopee: Pura Pura Ponsel
—
Kualitas Tidak Pernah Pura Pura

#redmipad #kreditpad #android #iphone #purapuraponsel",45,"06/16/2025 19:01",https://www.instagram.com/reel/DK_AFCNNyV4/,"IG reel",,Lifetime,6424,4349,43,3,0,0,9
17935071518917069,17841403443955617,xmade_official,"TEAM BERSYUKUR","@purapura.ponsel bisa cash dan kredit 🙌",60,"06/17/2025 01:20",https://www.instagram.com/reel/DK_rZYOy2nQ/,"IG reel",,Lifetime,34106,21917,665,38,7,0,0
18056412359245273,17841414051683694,purapura.ponsel,"Pura Pura Ponsel","NAAA KALIAN LIHAT APA ? 😜

Kita lagi ada promo nih gaes, setiap pembelian Samsung Galaxy S25 Ultra kalian mendapatkan FREE HANDPHONE loh.
Caranya bagaimana ? Cukup datang ke warung mimin ya gaes. 
Yuk Segera promo terbatas 🤩🚀

📍 Jl. Kroya No. 3, Kesiman, Denpasar Timur
📍 Jl. Subur No. 4, Pemecutan Klod, Denpasar Barat
⏰ Open Everyday 09:00 - 22:00 WIB⁣⁣⁣⁣⁣⁣⁣⁣⁣⁣⁣⁣⁣⁣⁣⁣⁣⁣⁣⁣⁣⁣⁣⁣⁣⁣⁣⁣⁣⁣
📲 Admin : 081237200400
🛒 Tokopedia: Pura Pura Ponsel Official
🛒 Shopee: Pura Pura Ponsel
—
Kualitas Tidak Pernah Pura Pura

#samsung #kredithp #android #samsungS25 #purapuraponsel",53,"06/17/2025 04:30",https://www.instagram.com/reel/DLAA2VETuaV/,"IG reel",,Lifetime,136486,78773,961,112,2,17,91
18357365452148605,17841414051683694,purapura.ponsel,"Pura Pura Ponsel","Bosan dengan tempared glass kalian yang gitu gitu aja ? 

Hydrogel skin protector dong 🤩
Hydrogel lebih tipis dan fleksibel sehingga lebih mudah pasang dilayar dan lebih menyatu . tersedia untuk berbagai series.
Tersedia hanya di Pura Pura Ponsel  yuk ke warung mimin 💨

📍 Jl. Kroya No. 3, Kesiman, Denpasar Timur
📍 Jl. Subur No. 4, Pemecutan Klod, Denpasar Barat
⏰ Open Everyday 09:00 - 22:00 WIB⁣⁣⁣⁣⁣⁣⁣⁣⁣⁣⁣⁣⁣⁣⁣⁣⁣⁣⁣⁣⁣⁣⁣⁣⁣⁣⁣⁣⁣⁣
📲 Admin : 081237200400
🛒 Tokopedia: Pura Pura Ponsel Official
🛒 Shopee: Pura Pura Ponsel
—
Kualitas Tidak Pernah Pura Pura

#samsung #kredithp #android #iphonedenpasar #purapuraponsel #temparedglass",56,"06/17/2025 19:02",https://www.instagram.com/reel/DLBk49xoiu9/,"IG reel",,Lifetime,5772,4010,21,0,0,0,1
17892159837254703,17841414051683694,purapura.ponsel,"Pura Pura Ponsel","Sama sama dengan tujuan yang sama 🗿

Untuk kalian yang belum sempat datang ke store, segera ya gaes.
Karena Minpur ada promo yang dijamin tidak buat kalian kecewa dengan pelayanan yang ramah dan informatif tentunya ! 🤩
Yuk Yuk segera ke store mimin 💨

📍 Jl. Kroya No. 3, Kesiman, Denpasar Timur
📍 Jl. Subur No. 4, Pemecutan Klod, Denpasar Barat
⏰ Open Everyday 09:00 - 22:00 WIB⁣⁣⁣⁣⁣⁣⁣⁣⁣⁣⁣⁣⁣⁣⁣⁣⁣⁣⁣⁣⁣⁣⁣⁣⁣⁣⁣⁣⁣⁣
📲 Admin : 081237200400
🛒 Tokopedia: Pura Pura Ponsel Official
🛒 Shopee: Pura Pura Ponsel
—
Kualitas Tidak Pernah Pura Pura

#iphone #promo #kredithp #android #iphonedenpasar #purapuraponsel",9,"06/18/2025 03:01",https://www.instagram.com/reel/DLCbvDbiPwi/,"IG reel",,Lifetime,27281,15177,229,10,142,7,2
17965243736919039,17841414051683694,purapura.ponsel,"Pura Pura Ponsel","Handphone kamu cepat panas dan boros baterai ? 
Nah wajib nonton ini sampai habis ya 😊

📍 Jl. Kroya No. 3, Kesiman, Denpasar Timur
📍 Jl. Subur No. 4, Pemecutan Klod, Denpasar Barat
⏰ Open Everyday 09:00 - 22:00 WIB⁣⁣⁣⁣⁣⁣⁣⁣⁣⁣⁣⁣⁣⁣⁣⁣⁣⁣⁣⁣⁣⁣⁣⁣⁣⁣⁣⁣⁣⁣
📲 Admin : 081237200400
🛒 Tokopedia: Pura Pura Ponsel Official
🛒 Shopee: Pura Pura Ponsel
—
Kualitas Tidak Pernah Pura Pura

#iphone #kredithp #apple #iphonebali #serviceiphone #purapuraponsel",76,"06/18/2025 19:01",https://www.instagram.com/reel/DLEJrDhsQ-I/,"IG reel",,Lifetime,7019,4374,35,2,0,0,23
18065731531891744,17841414051683694,purapura.ponsel,"Pura Pura Ponsel","BELI HANDPHONE GRATIS HANDPHONE 😱

Setiap pembelian android new kalian berkesempatan Lucky Draw yang hadiahnya berupa handphone dan voucher jutaan rupiah 🔥
Promo terbatas, yuk segera ke store siapa tahu kalian beruntung! 🤩🚀

📍 Jl. Kroya No. 3, Kesiman, Denpasar Timur
📍 Jl. Subur No. 4, Pemecutan Klod, Denpasar Barat
⏰ Open Everyday 09:00 - 22:00 WIB⁣⁣⁣⁣⁣⁣⁣⁣⁣⁣⁣⁣⁣⁣⁣⁣⁣⁣⁣⁣⁣⁣⁣⁣⁣⁣⁣⁣⁣⁣
📲 Admin : 081237200400
🛒 Tokopedia: Pura Pura Ponsel Official
🛒 Shopee: Pura Pura Ponsel
—
Kualitas Tidak Pernah Pura Pura

#samsung #kredithp #android #iphonedenpasar #purapuraponsel",86,"06/19/2025 03:01",https://www.instagram.com/reel/DLFAkjiKFPh/,"IG reel",,Lifetime,42024,22712,538,15,1,8,12
18087278686674743,17841414051683694,purapura.ponsel,"Pura Pura Ponsel","POV : HARI PERTAMA JADI KAMERAMEN DI PURA PURA PONSEL 😎

📍 Jl. Kroya No. 3, Kesiman, Denpasar Timur
📍 Jl. Subur No. 4, Pemecutan Klod, Denpasar Barat
⏰ Open Everyday 09:00 - 22:00 WIB⁣⁣⁣⁣⁣⁣⁣⁣⁣⁣⁣⁣⁣⁣⁣⁣⁣⁣⁣⁣⁣⁣⁣⁣⁣⁣⁣⁣⁣⁣
📲 Admin : 081237200400
🛒 Tokopedia: Pura Pura Ponsel Official
🛒 Shopee: Pura Pura Ponsel
—
Kualitas Tidak Pernah Pura Pura

#komedi #kredithp #android #iphonedenpasar #purapuraponsel",15,"06/21/2025 03:01",https://www.instagram.com/reel/DLKKKLNs3-t/,"IG reel",,Lifetime,14981,8827,121,8,0,2,3
18510278500060293,17841414051683694,purapura.ponsel,"Pura Pura Ponsel","KETIKA PERTAMA KALI DIBALI 😱

Boleh bingung tapi jangan sampai kehilangan arah ya gaes 😌
Khususnya buat kalian yang mau upgrade handphone bisa banget nih hubungi Mimin 
Promo setiap pembelian android brand new berkesempatan lucky draw yang hadiahnya berupa handphone dan voucher jutaan rupiah 🤩
eitss yang mau upgrade iphone tenang, mimin juga ada promonya loh 😜
jadi tunggu apalagi ? jangan sampai ketinggalan promo mimin ya 🚀

📍 Jl. Kroya No. 3, Kesiman, Denpasar Timur
📍 Jl. Subur No. 4, Pemecutan Klod, Denpasar Barat
⏰ Open Everyday 09:00 - 22:00 WIB⁣⁣⁣⁣⁣⁣⁣⁣⁣⁣⁣⁣⁣⁣⁣⁣⁣⁣⁣⁣⁣⁣⁣⁣⁣⁣⁣⁣⁣⁣
📲 Admin : 081237200400
🛒 Tokopedia: Pura Pura Ponsel Official
🛒 Shopee: Pura Pura Ponsel
—
Kualitas Tidak Pernah Pura Pura

#samsung #kredithp #android #promo #iphonedenpasar #purapuraponsel",44,"06/22/2025 03:01",https://www.instagram.com/reel/DLMu8zuo9aE/,"IG reel",,Lifetime,12972,8108,155,3,2,20,1
17891571504260200,17841403237713917,telagabagus,"TELAGA BAGUS","Ketika punya temen sok jago🤣, tag di bawah temen yg sok jago semeton

Busana adat bali terlengkap ada di @telagabagus dan toko ponsel terpercaya di bali ada di @purapura.ponsel 

By : @arthadashing_ 

#telagabagus #purapuraponsel #busanaadat #iphone #arthadashing",87,"06/23/2025 06:56",https://www.instagram.com/reel/DLPuP2dvhPP/,"IG reel",,Lifetime,130648,102456,724,11,8,6,0
18043470599275294,17841414051683694,purapura.ponsel,"Pura Pura Ponsel","Kenapa Infinix GT 30 Pro jadi senjata rahasia gamer ? 

Hadir dengan desain agresif khas gaming modern, bodynya ringan dan ramping 🔥
di dukung dengan chipset mediatek dimensity 8350 ultimate. 
masih bingung ? Yuk ditonton sampai selesai yaa 🥰

📍 Jl. Kroya No. 3, Kesiman, Denpasar Timur
📍 Jl. Subur No. 4, Pemecutan Klod, Denpasar Barat
⏰ Open Everyday 09:00 - 22:00 WIB⁣⁣⁣⁣⁣⁣⁣⁣⁣⁣⁣⁣⁣⁣⁣⁣⁣⁣⁣⁣⁣⁣⁣⁣⁣⁣⁣⁣⁣⁣
📲 Admin : 081237200400
🛒 Tokopedia: Pura Pura Ponsel Official
🛒 Shopee: Pura Pura Ponsel
—
Kualitas Tidak Pernah Pura Pura

#infinix #kredithp #android #gamingphone #iphonedenpasar #purapuraponsel",67,"06/24/2025 19:02",https://www.instagram.com/reel/DLTmezwBIQp/,"IG reel",,Lifetime,5869,3714,32,0,1,2,2
17909982237156271,17841414051683694,purapura.ponsel,"Pura Pura Ponsel","Selamat datang di Pura Pura Ponsel ! 🤩

Salah satu toko handphone yang memiliki kualitas produk yang tidak perlu diragukan lagi tentu dengan pelayanan sepenuh hati 🥰
semua produk sudah melalui proses Quality Control yang ketat dan bergaransi selama pemakaian. 
Untuk harga ? tenang gaes, kami memberikan harga yang terjangkau dan pastinya dengan promo promo menarik lainnya. 

Jadi tunggu apalagi ? Yuk mimin tunggu ditoko mimin yaa 🥰💨

📍 Jl. Kroya No. 3, Kesiman, Denpasar Timur
📍 Jl. Subur No. 4, Pemecutan Klod, Denpasar Barat
⏰ Open Everyday 09:00 - 22:00 WIB⁣⁣⁣⁣⁣⁣⁣⁣⁣⁣⁣⁣⁣⁣⁣⁣⁣⁣⁣⁣⁣⁣⁣⁣⁣⁣⁣⁣⁣⁣
📲 Admin : 081237200400
🛒 Tokopedia: Pura Pura Ponsel Official
🛒 Shopee: Pura Pura Ponsel
—
Kualitas Tidak Pernah Pura Pura

#iphone #kredithp #android #promo #iphonedenpasar #service #purapuraponsel",54,"06/25/2025 19:01",https://www.instagram.com/reel/DLWLM9VtC-x/,"IG reel",,Lifetime,7016,4541,45,3,1,0,1
18084798271691161,17841414051683694,purapura.ponsel,"Pura Pura Ponsel","Salahku apa ? 😭

perdebatan akhir akhir ini yang buat salah paham, kalian ada yang ngalamin ga ges ?
yuk bagi pengalaman kalian dikolom komentar ya 😭👇🏻

📍 Jl. Kroya No. 3, Kesiman, Denpasar Timur
📍 Jl. Subur No. 4, Pemecutan Klod, Denpasar Barat
⏰ Open Everyday 09:00 - 22:00 WIB⁣⁣⁣⁣⁣⁣⁣⁣⁣⁣⁣⁣⁣⁣⁣⁣⁣⁣⁣⁣⁣⁣⁣⁣⁣⁣⁣⁣⁣⁣
📲 Admin : 081237200400
🛒 Tokopedia: Pura Pura Ponsel Official
🛒 Shopee: Pura Pura Ponsel
—
Kualitas Tidak Pernah Pura Pura

#komedi #kredithp #android #iphone #iphonedenpasar #purapuraponsel",119,"06/26/2025 03:20",https://www.instagram.com/reel/DLXDxpqTv4t/,"IG reel",,Lifetime,22305,14171,143,4,1,9,7
18059657971995128,17841414051683694,purapura.ponsel,"Pura Pura Ponsel","INI BAHAYA BANGET LOH 😱

Yuk disimak sampai selesai 🙌🏻

📍 Jl. Kroya No. 3, Kesiman, Denpasar Timur
📍 Jl. Subur No. 4, Pemecutan Klod, Denpasar Barat
⏰ Open Everyday 09:00 - 22:00 WIB⁣⁣⁣⁣⁣⁣⁣⁣⁣⁣⁣⁣⁣⁣⁣⁣⁣⁣⁣⁣⁣⁣⁣⁣⁣⁣⁣⁣⁣⁣
📲 Admin : 081237200400
🛒 Tokopedia: Pura Pura Ponsel Official
🛒 Shopee: Pura Pura Ponsel
—
Kualitas Tidak Pernah Pura Pura

#iphone #kredithp #android #tips #iphonedenpasar #purapuraponsel",41,"06/26/2025 19:00",https://www.instagram.com/reel/DLYv4GvBB-E/,"IG reel",,Lifetime,5436,3618,40,2,0,0,7
18073185680497195,17841414051683694,purapura.ponsel,"Pura Pura Ponsel","Sefruit TIPS dari mimin yang bisa kalian coba ya, yuk disimak gaes 😍🙌🏻

📍 Jl. Kroya No. 3, Kesiman, Denpasar Timur
📍 Jl. Subur No. 4, Pemecutan Klod, Denpasar Barat
⏰ Open Everyday 09:00 - 22:00 WIB⁣⁣⁣⁣⁣⁣⁣⁣⁣⁣⁣⁣⁣⁣⁣⁣⁣⁣⁣⁣⁣⁣⁣⁣⁣⁣⁣⁣⁣⁣
📲 Admin : 081237200400
🛒 Tokopedia: Pura Pura Ponsel Official
🛒 Shopee: Pura Pura Ponsel
—
Kualitas Tidak Pernah Pura Pura

#iphone #kredithp #android #tips #purapuraponsel",109,"06/27/2025 18:55",https://www.instagram.com/reel/DLbSAp6zLyH/,"IG reel",,Lifetime,5641,3630,26,0,1,0,1
18066446012030330,17841414051683694,purapura.ponsel,"Pura Pura Ponsel","Nyesek di awal, liat endingnya tetep nyesek😭😭🤣

Elingang semeton busana adat bali terbaik ada di @telagabagus & toko hp paling terjangkau sebali cuma di @purapura.ponsel 

By : @arthadashing_ 

#purapuraponsel #telagabagus #arthadashing #reels #bali #komedi #virals #reels",173,"06/28/2025 07:14",https://www.instagram.com/reel/DLclq6HzJ3r/,"IG reel",,Lifetime,149695,114285,1257,66,13,65,50
17892285021266186,17841414051683694,purapura.ponsel,"Pura Pura Ponsel","Selain untuk menghitung TERNYATA kalkulator ada fungsi lainnya loh.
Yuk disimak gaes 🤓

📍 Jl. Kroya No. 3, Kesiman, Denpasar Timur
📍 Jl. Subur No. 4, Pemecutan Klod, Denpasar Barat
⏰ Open Everyday 09:00 - 22:00 WIB⁣⁣⁣⁣⁣⁣⁣⁣⁣⁣⁣⁣⁣⁣⁣⁣⁣⁣⁣⁣⁣⁣⁣⁣⁣⁣⁣⁣⁣⁣
📲 Admin : 081237200400
🛒 Tokopedia: Pura Pura Ponsel Official
🛒 Shopee: Pura Pura Ponsel
—
Kualitas Tidak Pernah Pura Pura

#iphone #kredithp #tips #iphonedenpasar #purapuraponsel",53,"06/28/2025 19:01",https://www.instagram.com/reel/DLd5l4VBOAD/,"IG reel",,Lifetime,6125,4039,37,1,0,0,3
17850115266456105,17841414051683694,purapura.ponsel,"Pura Pura Ponsel","Buat kalian yang kaum mendang mending, nih mimin spill handphone kamera bagus dan ramah dikantong 😍
Xiaomi Redmi A5 menghadirkan handphone dengan kamera penangkapan cahaya 18% lebih banyak sehingga foto pada malam hari lebih cerah. 
penasaran ? yuk disimak sampai selesai ya !

Dan promo setiap pembelian android brand new di toko mimin berkesempatan Lucky Draw yang hadiahnya berupa handphone dan voucher hingga jutaan rupiah masih berlaku yaa.
YUK MAMPIR, JANGAN SAMPAI KETINGGALAN PROMONYA YAA ! 🚀

📍 Jl. Kroya No. 3, Kesiman, Denpasar Timur
📍 Jl. Subur No. 4, Pemecutan Klod, Denpasar Barat
⏰ Open Everyday 09:00 - 22:00 WIB⁣⁣⁣⁣⁣⁣⁣⁣⁣⁣⁣⁣⁣⁣⁣⁣⁣⁣⁣⁣⁣⁣⁣⁣⁣⁣⁣⁣⁣⁣
📲 Admin : 081237200400
🛒 Tokopedia: Pura Pura Ponsel Official
🛒 Shopee: Pura Pura Ponsel
—
Kualitas Tidak Pernah Pura Pura

#xiaomi #kredithp #android #promo #iphonedenpasar #purapuraponsel",59,"06/29/2025 19:01",https://www.instagram.com/reel/DLgea7GNYvi/,"IG reel",,Lifetime,5808,3783,25,0,1,2,1
17938375740030046,17841414051683694,purapura.ponsel,"Pura Pura Ponsel","Sefruit TRICKS yang memudahkan kalian dan dijamin ga menyusahkan ya hehe
Yuk disimak videonya, jika ada pertanyaan drop disini yaa 😊👇🏻

📍 Jl. Kroya No. 3, Kesiman, Denpasar Timur
📍 Jl. Subur No. 4, Pemecutan Klod, Denpasar Barat
⏰ Open Everyday 09:00 - 22:00 WIB⁣⁣⁣⁣⁣⁣⁣⁣⁣⁣⁣⁣⁣⁣⁣⁣⁣⁣⁣⁣⁣⁣⁣⁣⁣⁣⁣⁣⁣⁣
📲 Admin : 081237200400
🛒 Tokopedia: Pura Pura Ponsel Official
🛒 Shopee: Pura Pura Ponsel
—
Kualitas Tidak Pernah Pura Pura

#tips #kredit #iphone #iphonedenpasar #purapuraponsel",51,"06/30/2025 19:01",https://www.instagram.com/reel/DLjDMGKNjWg/,"IG reel",,Lifetime,4859,3150,27,0,0,0,0
18017134031536502,17841414051683694,purapura.ponsel,"Pura Pura Ponsel","BELI HANDPHONE GRATIS AIRPODS 😱

Caranya gimana ? 
Tentu dengan datang ke toko mimin dan pembelian handphone kalian akan mendapatkan FREE AIRPODS. 
Jadi tunggu apalagi ? Jangan sampai ketinggalan promonya yaa ! 🥰💨

📍 Jl. Kroya No. 3, Kesiman, Denpasar Timur
📍 Jl. Subur No. 4, Pemecutan Klod, Denpasar Barat
⏰ Open Everyday 09:00 - 22:00 WIB⁣⁣⁣⁣⁣⁣⁣⁣⁣⁣⁣⁣⁣⁣⁣⁣⁣⁣⁣⁣⁣⁣⁣⁣⁣⁣⁣⁣⁣⁣
📲 Admin : 081237200400
🛒 Tokopedia: Pura Pura Ponsel Official
🛒 Shopee: Pura Pura Ponsel
—
Kualitas Tidak Pernah Pura Pura

#promo  #kredit  #iphone  #iphonedenpasar  #purapuraponsel",39,"07/01/2025 03:01",https://www.instagram.com/reel/DLj6GycNqae/,"IG reel",,Lifetime,31507,17513,254,2,2,26,5
17926660232964196,17841414051683694,purapura.ponsel,"Pura Pura Ponsel","JULY PROMO IS COMING ‼️

Buat kalian yang cari Iphone brand new maupun second 😱
jangan khawatir Pura Pura Ponsel hadir dengan berbagai series Iphone yang tentunya dengan Promo yang menarik ya gaes 

Kenapa harus di Pura Pura Ponsel ?
Kualitas barang SAMA ✅
Bergaransi resmi ✅
Banyak BENEFITNYA ✅
Harga lebih TERJANGKAU ✅
Bisa TUKAR TAMBAH ✅
Bisa KREDIT dengan DP dan BUNGA 0% ✅
Bisa SPLIT Payment ✅

Buat kalian yang nggak bisa datang ke toko bisa checkout di toko online Minpur ya ada cashback hingga jutaan rupiah pengiriman cepat, dijamin aman sampai tujuan 🚀
Jadi tunggu apalagi ? yuk mampir ke store 🤩🚀

———
Info Lebih Lanjut ✨
(Click Link on Bio)

📍Jl. Kroya No. 3, Kesiman, Denpasar
📍Jl. Subur No. 4 Pemecutan Klod, Denpasar Barat
⏰ Open Everyday 09:00 - 22:00 WIB⁣⁣⁣⁣⁣⁣⁣⁣⁣⁣⁣⁣⁣⁣⁣⁣⁣⁣⁣⁣⁣⁣⁣⁣⁣⁣⁣⁣⁣⁣
📲 Admin : 081237200400
🛒 Tokopedia: Pura Pura Ponsel Official
🛒 Shopee: Pura Pura Ponsel
—
Kualitas Tidak Pernah Pura Pura

#iphone #applestore #iphonebali #iphonedenpasar #purapuraponsel",0,"07/01/2025 05:01",https://www.instagram.com/p/DLkH4MaPiRD/,"IG carousel",,Lifetime,405735,84281,891,128,397,34,204
17847788241480016,17841414051683694,purapura.ponsel,"Pura Pura Ponsel","Ambil diri sisi positifnya aja gaes, kerjasama team yang baik 🤝

📍 Jl. Kroya No. 3, Kesiman, Denpasar Timur
📍 Jl. Subur No. 4, Pemecutan Klod, Denpasar Barat
⏰ Open Everyday 09:00 - 22:00 WIB⁣⁣⁣⁣⁣⁣⁣⁣⁣⁣⁣⁣⁣⁣⁣⁣⁣⁣⁣⁣⁣⁣⁣⁣⁣⁣⁣⁣⁣⁣
📲 Admin : 081237200400
🛒 Tokopedia: Pura Pura Ponsel Official
🛒 Shopee: Pura Pura Ponsel
—
Kualitas Tidak Pernah Pura Pura

#komedi #kredit #iphone #iphonedenpasar #purapuraponsel",21,"07/02/2025 03:01",https://www.instagram.com/reel/DLme6NjBX52/,"IG reel",,Lifetime,16791,10566,128,1,0,0,5
18120444796424333,17841414051683694,purapura.ponsel,"Pura Pura Ponsel","JULY PROMO IS COMING ‼️

Buat kalian yang cari Android brand new maupun second
Pura Pura Ponsel hadir dengan berbagai series Android yang lengkap dan tentunya dengan PROMO yang ga nanggung nanggung 😱

Kenapa harus di Pura Pura Ponsel ?
Kualitas barang SAMA ✅
Bergaransi resmi ✅
Banyak BENEFITNYA ✅
Harga lebih TERJANGKAU ✅
Bisa TUKAR TAMBAH✅
Bisa KREDIT dengan DP dan BUNGA 0% ✅
Bisa SPLIT Payment ✅
Dan tentunya BERKESEMPATAN Lucky Draw setiap pembelian android brand new yang hadiahnya berupa handphone dan voucher hingga jutaan rupiah 🤩

Buat kalian yang nggak bisa datang ke toko bisa checkout di toko online Minpur ya ada cashback hingga jutaan rupiah pengiriman cepat, dijamin aman sampai tujuan whoshhh 💨

———
Info Lebih Lanjut ✨
(Click Link on Bio)

📍Jl. Kroya No. 3, Kesiman, Denpasar
📍Jl. Subur No. 4 Pemecutan Klod, Denpasar Barat
⏰ Open Everyday 09:00 - 22:00 WIB⁣⁣⁣⁣⁣⁣⁣⁣⁣⁣⁣⁣⁣⁣⁣⁣⁣⁣⁣⁣⁣⁣⁣⁣⁣⁣⁣⁣⁣⁣
📲 Admin : 081237200400
🛒 Tokopedia: Pura Pura Ponsel Official
🛒 Shopee: Pura Pura Ponsel
—
Kualitas Tidak Pernah Pura Pura

#service #smartphone #iphonebali #android #purapuraponsel",0,"07/02/2025 03:39",https://www.instagram.com/p/DLmjRg6vgXy/,"IG carousel",,Lifetime,204760,51307,3155,30,29,54,74
17997276260797978,17841414051683694,purapura.ponsel,"Pura Pura Ponsel","LOH JADI GINI 😌

📍 Jl. Kroya No. 3, Kesiman, Denpasar Timur
📍 Jl. Subur No. 4, Pemecutan Klod, Denpasar Barat
⏰ Open Everyday 09:00 - 22:00 WIB⁣⁣⁣⁣⁣⁣⁣⁣⁣⁣⁣⁣⁣⁣⁣⁣⁣⁣⁣⁣⁣⁣⁣⁣⁣⁣⁣⁣⁣⁣
📲 Admin : 081237200400
🛒 Tokopedia: Pura Pura Ponsel Official
🛒 Shopee: Pura Pura Ponsel
—
Kualitas Tidak Pernah Pura Pura

#komedi #kredit #iphone #servicehandphone #purapuraponsel",23,"07/03/2025 03:00",https://www.instagram.com/reel/DLpDlbzvLs2/,"IG reel",,Lifetime,51699,27436,251,9,0,4,2
17850009738497258,17841401262872203,lisaharistyap,Ica,"Setiap pembelian Handphone dapet FREE airpods guys cuma di @purapura.ponsel 😍😍",37,"07/03/2025 04:30",https://www.instagram.com/reel/DLpNtTqh185/,"IG reel",,Lifetime,1226653,920678,16190,1024,995,138,0
18093453199720438,17841414051683694,purapura.ponsel,"Pura Pura Ponsel","Kalian pengguna Iphone ? Belum lengkap kalau belum dengan pendukung lainnya 😍
Transfer data yang mudah, sinkronisasi antar perangkat, serta pengalaman pengguna yang konsisten di semua perangkat.
Untuk ketersediaan stocknya tentu ada dong buat kalian, bisa langsung mampir ke warung mimin yaa 😊🚀

———
Info Lebih Lanjut ✨
(Click Link on Bio)

📍Jl. Kroya No. 3, Kesiman, Denpasar
📍Jl. Subur No. 4 Pemecutan Klod, Denpasar Barat
⏰ Open Everyday 09:00 - 22:00 WIB⁣⁣⁣⁣⁣⁣⁣⁣⁣⁣⁣⁣⁣⁣⁣⁣⁣⁣⁣⁣⁣⁣⁣⁣⁣⁣⁣⁣⁣⁣
📲 Admin : 081237200400
🛒 Tokopedia: Pura Pura Ponsel Official
🛒 Shopee: Pura Pura Ponsel
—
Kualitas Tidak Pernah Pura Pura

#iphone #applestore #iphonebali #iphonedenpasar #purapuraponsel",0,"07/03/2025 04:33",https://www.instagram.com/p/DLpOQ2_v0eP/,"IG carousel",,Lifetime,280850,87528,2894,78,32,14,155
18102478291490064,17841403443955617,xmade_official,"TEAM BERSYUKUR","Di stiap pembelian handphone bekas di @purapura.ponsel dapatkan free "" airpods """,62,"07/03/2025 07:18",https://www.instagram.com/reel/DLpgb-oScjx/,"IG reel",,Lifetime,28698,17569,455,9,4,2,0
18331154680205251,17841414051683694,purapura.ponsel,"Pura Pura Ponsel","Saje sing keto ???

Pentingnya saling mengingatkan sesama untuk ajaran yang baik dan amanah tanpa memandang ras, suku atau bahkan membedakan keadaan dimanapun kalian berada 🤝
saling mengingatkan mana yang baik dan buruk adalah salah satu bentuk respect yang harus diterapkan dimanapun kalian berada ya gaes ❤️
Jadi jangan lupa mampir ke toko mimin, karena banyak promo yang pastinya tidak akan menguras kantong kalian ya gaes, setiap pembelian android brand new juga berkesempatan lucky draw yang hadiahnya berupa Handphone dan voucher hingga jutaan rupiah 🤩🔥

JANGAN SAMPAI KETINGGALAN PROMONYA YAA!! 🚀

📍 Jl. Kroya No. 3, Kesiman, Denpasar Timur
📍 Jl. Subur No. 4, Pemecutan Klod, Denpasar Barat
⏰ Open Everyday 09:00 - 22:00 WIB⁣⁣⁣⁣⁣⁣⁣⁣⁣⁣⁣⁣⁣⁣⁣⁣⁣⁣⁣⁣⁣⁣⁣⁣⁣⁣⁣⁣⁣⁣
📲 Admin : 081237200400
🛒 Tokopedia: Pura Pura Ponsel Officia
🛒 Shopee: Pura Pura Ponsel
—
Kualitas Tidak Pernah Pura Pura

#promo #komedi #kredit #iphone #iphonedenpasar
#purapuraponsel",88,"07/04/2025 03:06",https://www.instagram.com/reel/DLrpElYBhEW/,"IG reel",,Lifetime,43597,27199,603,49,2,10,9
18147093421388113,17841414051683694,purapura.ponsel,"Pura Pura Ponsel","Ahhhh tuh kan lambat dapat momennya, salah hpnya atau orangnya sih??? 😱

Hayoloooo, siapa nih yang sering kehilangan momen dan penyebabnya tu apasihh
yuk sharing pengalaman kalian dikolom komentar ya guyss 👇🏻

📍 Jl. Kroya No. 3, Kesiman, Denpasar Timur
📍 Jl. Subur No. 4, Pemecutan Klod, Denpasar Barat
⏰ Open Everyday 09:00 - 22:00 WIB⁣⁣⁣⁣⁣⁣⁣⁣⁣⁣⁣⁣⁣⁣⁣⁣⁣⁣⁣⁣⁣⁣⁣⁣⁣⁣⁣⁣⁣⁣
📲 Admin : 081237200400
🛒 Tokopedia: Pura Pura Ponsel Official
🛒 Shopee: Pura Pura Ponsel
—
Kualitas Tidak Pernah Pura Pura

#komedi #kredit #iphone #iphonedenpasar #purapuraponsel",16,"07/05/2025 03:01",https://www.instagram.com/reel/DLuNQmSMAxs/,"IG reel",,Lifetime,78761,42315,901,153,2,11,25
18094350196555441,17841414051683694,purapura.ponsel,"Pura Pura Ponsel","Ada yang lagi cari Samsung Galaxy S24 FE ? nih mimin spill tipis tipis yak 🫣
Performa lancar untuk multitasking, gaming harian, dan aplikasi sehari hari. Masih penasaran ? Yuk ditonton sampai selesai yaa 🥰

📍 Jl. Kroya No. 3, Kesiman, Denpasar Timur
📍 Jl. Subur No. 4, Pemecutan Klod, Denpasar Barat
⏰ Open Everyday 09:00 - 22:00 WIB⁣⁣⁣⁣⁣⁣⁣⁣⁣⁣⁣⁣⁣⁣⁣⁣⁣⁣⁣⁣⁣⁣⁣⁣⁣⁣⁣⁣⁣⁣
📲 Admin : 081237200400
🛒 Tokopedia: Pura Pura Ponsel Officia
🛒 Shopee: Pura Pura Ponsel
—
Kualitas Tidak Pernah Pura Pura

#edukasi #samsung #kredit #iphone #iphonedenpasar
#purapuraponsel",79,"07/05/2025 19:01",https://www.instagram.com/reel/DLv7KnYhZ1b/,"IG reel",,Lifetime,5970,3961,27,0,0,0,5
18107344522525767,17841414051683694,purapura.ponsel,"Pura Pura Ponsel","Menurut kalian gimana ?

Pentingnya saling menjaga dan toleransi terhadap sesama, jangan sampai ada perdebatan yang memacu pertikaian, kalau diajak nonton tari tarian kan seru juga ya semeton 🗿
Yuk gaskan ke toko mimin, kapan lagi ada promo Lucky Draw disetiap pembelian android new ? 😱
Jangan sampai ketinggalan moment yaa, see youh 🥰💨

📍 Jl. Kroya No. 3, Kesiman, Denpasar Timur
📍 Jl. Subur No. 4, Pemecutan Klod, Denpasar Barat
⏰ Open Everyday 09:00 - 22:00 WIB⁣⁣⁣⁣⁣⁣⁣⁣⁣⁣⁣⁣⁣⁣⁣⁣⁣⁣⁣⁣⁣⁣⁣⁣⁣⁣⁣⁣⁣⁣
📲 Admin : 081237200400
🛒 Tokopedia: Pura Pura Ponsel Officia
🛒 Shopee: Pura Pura Ponsel
—
Kualitas Tidak Pernah Pura Pura

#promo #komedi #kredit #iphone #iphonedenpasar
#purapuraponsel",98,"07/06/2025 03:33",https://www.instagram.com/reel/DLwzOOszYuP/,"IG reel",,Lifetime,28267,18590,372,7,8,4,3
18068565404013879,17841414051683694,purapura.ponsel,"Pura Pura Ponsel","Dibekali dengan baterai 4400mAh yang mampu bertahan seharian penuh, pengisian daya cepat 25watt membantu produktivitas dan kreativitas pengguna , Samung Galaxy Z Fold 6 hadir 🤩
dengan desain ramping dan lebih kokoh. Yuk disimak videonya sampai selesai yaa , masih ragu atau mau tanya tanya yuk drop disini 👇🏻

📍 Jl. Kroya No. 3, Kesiman, Denpasar Timur
📍 Jl. Subur No. 4, Pemecutan Klod, Denpasar Barat
⏰ Open Everyday 09:00 - 22:00 WIB⁣⁣⁣⁣⁣⁣⁣⁣⁣⁣⁣⁣⁣⁣⁣⁣⁣⁣⁣⁣⁣⁣⁣⁣⁣⁣⁣⁣⁣⁣
📲 Admin : 081237200400
🛒 Tokopedia: Pura Pura Ponsel Officia
🛒 Shopee: Pura Pura Ponsel
—
Kualitas Tidak Pernah Pura Pura

#edukasi #samsung #kredit #iphone #iphonedenpasar
#purapuraponsel",82,"07/06/2025 19:01",https://www.instagram.com/reel/DLyf9MnB2q3/,"IG reel",,Lifetime,5575,3934,26,1,0,0,2
17885552235318956,17841414051683694,purapura.ponsel,"Pura Pura Ponsel","Dingin dingin gini enaknya ngapain yahh ??? 😌

📍 Jl. Kroya No. 3, Kesiman, Denpasar Timur
📍 Jl. Subur No. 4, Pemecutan Klod, Denpasar Barat
⏰ Open Everyday 09:00 - 22:00 WIB⁣⁣⁣⁣⁣⁣⁣⁣⁣⁣⁣⁣⁣⁣⁣⁣⁣⁣⁣⁣⁣⁣⁣⁣⁣⁣⁣⁣⁣⁣
📲 Admin : 081237200400
🛒 Tokopedia: Pura Pura Ponsel Officia
🛒 Shopee: Pura Pura Ponsel
—
Kualitas Tidak Pernah Pura Pura

#komedi #kredit #iphone #iphonedenpasar
#purapuraponsel",19,"07/07/2025 03:01",https://www.instagram.com/reel/DLzW6KRMacb/,"IG reel",,Lifetime,35725,19166,326,42,0,5,38
18070029173471460,17841414051683694,purapura.ponsel,"Pura Pura Ponsel","Kalian penggemar Samsung ? belum lengkap kalau belum lirik handphone yang satu ini 🤩
Cocok gunakan di malam hari dan auto cinematic. masih penasaran ? yuk disimak 😍

📍 Jl. Kroya No. 3, Kesiman, Denpasar Timur
📍 Jl. Subur No. 4, Pemecutan Klod, Denpasar Barat
⏰ Open Everyday 09:00 - 22:00 WIB⁣⁣⁣⁣⁣⁣⁣⁣⁣⁣⁣⁣⁣⁣⁣⁣⁣⁣⁣⁣⁣⁣⁣⁣⁣⁣⁣⁣⁣⁣
📲 Admin : 081237200400
🛒 Tokopedia: Pura Pura Ponsel Officia
🛒 Shopee: Pura Pura Ponsel
—
Kualitas Tidak Pernah Pura Pura

#promo #edukasi #samsung #iphone #iphonedenpasar
#purapuraponsel",51,"07/07/2025 19:01",https://www.instagram.com/reel/DL1EvdlsNcX/,"IG reel",,Lifetime,6935,4775,32,2,3,1,3
18112376533448953,17841414051683694,purapura.ponsel,"Pura Pura Ponsel","POV : KERJA SAMA TEMEN YANG SAMA SAMA GILA 😚

📍 Jl. Kroya No. 3, Kesiman, Denpasar Timur
📍 Jl. Subur No. 4, Pemecutan Klod, Denpasar Barat
⏰ Open Everyday 09:00 - 22:00 WIB⁣⁣⁣⁣⁣⁣⁣⁣⁣⁣⁣⁣⁣⁣⁣⁣⁣⁣⁣⁣⁣⁣⁣⁣⁣⁣⁣⁣⁣⁣
📲 Admin : 081237200400
🛒 Tokopedia: Pura Pura Ponsel Officia
🛒 Shopee: Pura Pura Ponsel
—
Kualitas Tidak Pernah Pura Pura

#komedi #service #kredit #iphone #iphonedenpasar
#purapuraponsel",17,"07/08/2025 03:01",https://www.instagram.com/reel/DL17rwuM8tW/,"IG reel",,Lifetime,12759,7770,71,1,0,8,1
17845579662505353,17841414051683694,purapura.ponsel,"Pura Pura Ponsel","LOH KOK PEDIH ? 😭

Jangan lupa dengan kata kata ajaib yang kerap kita lupakan, menolong sesama tidak akan membuatmu miskin percaya dech sama mimin asalkan dengan cara yang baik dan benar yaa 😊🤙🏻

📍 Jl. Kroya No. 3, Kesiman, Denpasar Timur
📍 Jl. Subur No. 4, Pemecutan Klod, Denpasar Barat
⏰ Open Everyday 09:00 - 22:00 WIB⁣⁣⁣⁣⁣⁣⁣⁣⁣⁣⁣⁣⁣⁣⁣⁣⁣⁣⁣⁣⁣⁣⁣⁣⁣⁣⁣⁣⁣⁣
📲 Admin : 081237200400
🛒 Tokopedia: Pura Pura Ponsel Officia
🛒 Shopee: Pura Pura Ponsel
—
Kualitas Tidak Pernah Pura Pura

#komedi #kredit #service #iphone #iphonedenpasar
#purapuraponselcomedy",122,"07/10/2025 03:09",https://www.instagram.com/reel/DL7F_cbTYTr/,"IG reel",,Lifetime,28966,17119,487,35,4,8,9
18113496610500508,17841414051683694,purapura.ponsel,"Pura Pura Ponsel","Kalian harus tau!!!🧐🤔

Ternyata oh ternyata yang kita kira sepele itu bisa bikin fatal ya guysss🫣
dijaga handphone kesayangan kalian ya guys🥹

📍 Jl. Kroya No. 3, Kesiman, Denpasar Timur
📍 Jl. Subur No. 4, Pemecutan Klod, Denpasar Barat
⏰ Open Everyday 09:00 - 22:00 WIB⁣⁣⁣⁣⁣⁣⁣⁣⁣⁣⁣⁣⁣⁣⁣⁣⁣⁣⁣⁣⁣⁣⁣⁣⁣⁣⁣⁣⁣⁣
📲 Admin : 081237200400
🛒 Tokopedia: Pura Pura Ponsel Official
🛒 Shopee: Pura Pura Ponsel
—
Kualitas Tidak Pernah Pura Pura

#promo #kredit #iphone #iphonedenpasar
#purapuraponsel",28,"07/10/2025 19:02",https://www.instagram.com/reel/DL8zKzFiczr/,"IG reel",,Lifetime,5725,3461,39,0,0,2,0
18061156721221320,17841414051683694,purapura.ponsel,"Pura Pura Ponsel","POV : VIDEOGRAPHER LEMBUR 12 JAM SEMINGGU FULL🫠

Mata panda aman kan yakkkk? but, its okeyyyy🤙🏻

📍 Jl. Kroya No. 3, Kesiman, Denpasar Timur
📍 Jl. Subur No. 4, Pemecutan Klod, Denpasar Barat
⏰ Open Everyday 09:00 - 22:00 WIB⁣⁣⁣⁣⁣⁣⁣⁣⁣⁣⁣⁣⁣⁣⁣⁣⁣⁣⁣⁣⁣⁣⁣⁣⁣⁣⁣⁣⁣⁣
📲 Admin : 081237200400
🛒 Tokopedia: Pura Pura Ponsel Officia
🛒 Shopee: Pura Pura Ponsel
—
Kualitas Tidak Pernah Pura Pura

#komedi #kredit #iphone #iphonedenpasar
#purapuraponsel",17,"07/11/2025 03:01",https://www.instagram.com/reel/DL9qGGgBJkd/,"IG reel",,Lifetime,7901,4754,48,1,0,0,0
17845590435524921,17841414051683694,purapura.ponsel,"Pura Pura Ponsel","Kalian baru beli Iphone??? 😱mau tau caranya biar awet???🤔

Sini sini mimin kasi tau nihhh caranya☺️

📍 Jl. Kroya No. 3, Kesiman, Denpasar Timur
📍 Jl. Subur No. 4, Pemecutan Klod, Denpasar Barat
⏰ Open Everyday 09:00 - 22:00 WIB⁣⁣⁣⁣⁣⁣⁣⁣⁣⁣⁣⁣⁣⁣⁣⁣⁣⁣⁣⁣⁣⁣⁣⁣⁣⁣⁣⁣⁣⁣
📲 Admin : 081237200400
🛒 Tokopedia: Pura Pura Ponsel Official
🛒 Shopee: Pura Pura Ponsel
—
Kualitas Tidak Pernah Pura Pura

#promo #kredit #iphone #iphonedenpasar
#purapuraponsel",75,"07/11/2025 19:02",https://www.instagram.com/reel/DL_X907oJkq/,"IG reel",,Lifetime,5913,3751,45,3,1,0,22
17843085453535627,17841414051683694,purapura.ponsel,"Pura Pura Ponsel","OHHHHH TIDAKKKK😭😭

Nakalan anaknya atau nakalan bapaknya nihhh???😋

📍 Jl. Kroya No. 3, Kesiman, Denpasar Timur
📍 Jl. Subur No. 4, Pemecutan Klod, Denpasar Barat
⏰ Open Everyday 09:00 - 22:00 WIB⁣⁣⁣⁣⁣⁣⁣⁣⁣⁣⁣⁣⁣⁣⁣⁣⁣⁣⁣⁣⁣⁣⁣⁣⁣⁣⁣⁣⁣⁣
📲 Admin : 081237200400
🛒 Tokopedia: Pura Pura Ponsel Officia
🛒 Shopee: Pura Pura Ponsel
—
Kualitas Tidak Pernah Pura Pura

#komedi #kredit #iphone #iphonedenpasar
#purapuraponsel",63,"07/12/2025 03:01",https://www.instagram.com/reel/DMAO3Qeqi8b/,"IG reel",,Lifetime,23053,12499,195,13,1,9,6
18100525951572720,17841414051683694,purapura.ponsel,"Pura Pura Ponsel","Kalian udah tau blommm???🫵

Buat para kalian yang suka liburan, traveling dan sambil kerja pantengin handphone, butuh batre awet dan signal yang lancar???🤔 sini mimin kasi tau dehhh😊

📍 Jl. Kroya No. 3, Kesiman, Denpasar Timur
📍 Jl. Subur No. 4, Pemecutan Klod, Denpasar Barat
⏰ Open Everyday 09:00 - 22:00 WIB⁣⁣⁣⁣⁣⁣⁣⁣⁣⁣⁣⁣⁣⁣⁣⁣⁣⁣⁣⁣⁣⁣⁣⁣⁣⁣⁣⁣⁣⁣
📲 Admin : 081237200400
🛒 Tokopedia: Pura Pura Ponsel Official
🛒 Shopee: Pura Pura Ponsel
—
Kualitas Tidak Pernah Pura Pura

#promo #kredit #iphone #iphonedenpasar
#purapuraponsel",31,"07/12/2025 19:01",https://www.instagram.com/reel/DMB8ucGt7Yx/,"IG reel",,Lifetime,5898,3714,37,0,0,0,1
18212275540307192,17841414051683694,purapura.ponsel,"Pura Pura Ponsel","Sumbang dikit kalik bang😬candaaa✌🏻🤣

📍 Jl. Kroya No. 3, Kesiman, Denpasar Timur
📍 Jl. Subur No. 4, Pemecutan Klod, Denpasar Barat
⏰ Open Everyday 09:00 - 22:00 WIB⁣⁣⁣⁣⁣⁣⁣⁣⁣⁣⁣⁣⁣⁣⁣⁣⁣⁣⁣⁣⁣⁣⁣⁣⁣⁣⁣⁣⁣⁣
📲 Admin : 081237200400
🛒 Tokopedia: Pura Pura Ponsel Officia
🛒 Shopee: Pura Pura Ponsel
—
Kualitas Tidak Pernah Pura Pura

#komedi #kredit #iphone #iphonedenpasar
#purapuraponsel",14,"07/13/2025 03:01",https://www.instagram.com/reel/DMCzmMNuxyv/,"IG reel",,Lifetime,7005,4291,43,0,0,0,1
18105132775476933,17841414051683694,purapura.ponsel,"Pura Pura Ponsel","Kenapasihhhh harus Iphone???🤔

Ya tentunya,, dengan fitur-fitur yang lengkap aktivitas kalian akan lebih mudah😉 bingung mau beli Iphone dimana???
Yukkk buruan mendekat yang dekat merapat di Pura-Pura Ponsel🤩

📍 Jl. Kroya No. 3, Kesiman, Denpasar Timur
📍 Jl. Subur No. 4, Pemecutan Klod, Denpasar Barat
⏰ Open Everyday 09:00 - 22:00 WIB⁣⁣⁣⁣⁣⁣⁣⁣⁣⁣⁣⁣⁣⁣⁣⁣⁣⁣⁣⁣⁣⁣⁣⁣⁣⁣⁣⁣⁣⁣
📲 Admin : 081237200400
🛒 Tokopedia: Pura Pura Ponsel Official
🛒 Shopee: Pura Pura Ponsel
—
Kualitas Tidak Pernah Pura Pura

#promo #kredit #iphone #iphonedenpasar
#purapuraponsel",21,"07/13/2025 19:01",https://www.instagram.com/reel/DMEhhgtKyEI/,"IG reel",,Lifetime,5021,3090,23,0,0,0,0
18016346417555485,17841414051683694,purapura.ponsel,"Pura Pura Ponsel","Syakk syikk syokkk nihhh😱 siapa nih yang batre hp nya cepet drop???

Tulis pengalaman kalian di kolom komentar ya guys😚

📍 Jl. Kroya No. 3, Kesiman, Denpasar Timur
📍 Jl. Subur No. 4, Pemecutan Klod, Denpasar Barat
⏰ Open Everyday 09:00 - 22:00 WIB⁣⁣⁣⁣⁣⁣⁣⁣⁣⁣⁣⁣⁣⁣⁣⁣⁣⁣⁣⁣⁣⁣⁣⁣⁣⁣⁣⁣⁣⁣
📲 Admin : 081237200400
🛒 Tokopedia: Pura Pura Ponsel Officia
🛒 Shopee: Pura Pura Ponsel
—
Kualitas Tidak Pernah Pura Pura

#komedi #kredit #iphone #iphonedenpasar
#purapuraponsel",8,"07/14/2025 03:01",https://www.instagram.com/reel/DMFYbinCVEV/,"IG reel",,Lifetime,13052,7056,134,3,0,2,6
18076511762507780,17841414051683694,purapura.ponsel,"Pura Pura Ponsel","Tebak skor
tutup jam 21.00 WITA
200k untuk 2 orang pemenang🚀🔥

yuk buruan komen di kolom komentar bawah👇🏻",0,"07/14/2025 05:31",https://www.instagram.com/p/DMFpp05zE7y/,"IG image",,Lifetime,32058,11802,237,0,12,132,9
18062658338467846,17841414051683694,purapura.ponsel,"Pura Pura Ponsel","Perseteruan Artha & Arthur kembali terjadi, kali ini Arthur dengan sengaja menggagalkan hubungan asmara sejoli yang hendak bercocok tanam !

Siapkan cemilan kalian yuk simak videonya, sebelum itu inget kalau nyari busana adat termurah, terlengkap di bali cuma ada di @telagabagus dan jika kalian hendak mencari gadget baru ataupun second harga dibawah pasaran namun kualitas di atas rata - rata cuma di @purapura.ponsel tempatnya guys🔥🔥

By : @arthadashing_ 

#purapuraponsel #telagabagus #arthadashing #busanaadatbali #iphonedenpasar #reels #komedi #virals #bali #fakesituation",218,"07/14/2025 06:20",https://www.instagram.com/reel/DMFuMhLT2Ev/,"IG reel",,Lifetime,231049,152703,2167,133,16,58,114
18144538897402210,17841414051683694,purapura.ponsel,"Pura Pura Ponsel","Tidak ada hal yang menyenangkan selain berbagi antar sesama. dicuplikan kali ini mimin berbagi kebahagiaan yang turut serta dengan semangat staf mimin walaupun rintikan hujan turun 🥰
Semoga momen ini menjadi berkah bagi kita semua dan sehat selalu ya gaes! 🥰❤️

📍 Jl. Kroya No. 3, Kesiman, Denpasar Timur
📍 Jl. Subur No. 4, Pemecutan Klod, Denpasar Barat
⏰ Open Everyday 09:00 - 22:00 WIB⁣⁣⁣⁣⁣⁣⁣⁣⁣⁣⁣⁣⁣⁣⁣⁣⁣⁣⁣⁣⁣⁣⁣⁣⁣⁣⁣⁣⁣⁣
📲 Admin : 081237200400
🛒 Tokopedia: Pura Pura Ponsel Officia
🛒 Shopee: Pura Pura Ponsel
—
Kualitas Tidak Pernah Pura Pura

 #kredit #service #iphone #iphonedenpasar
#purapuraponsel",67,"07/14/2025 19:01",https://www.instagram.com/reel/DMHGVCDNUr-/,"IG reel",,Lifetime,5479,4017,44,0,0,0,1
17989267448685009,17841414051683694,purapura.ponsel,"Pura Pura Ponsel","Bikin kezelll deh ihhh, jadi cowok kagak peka amat😏

Peka kagak, diajak ngomong nyambung juga kagak, giliran dikasi jatah nolak juga kagak🫵 Bener gak tuhhh para kaum adam? dan para kaum hawa siapa nih cowoknya yang gak peka???
tulis pengalaman kalian di kolom komentar yukkk☺️

📍 Jl. Kroya No. 3, Kesiman, Denpasar Timur
📍 Jl. Subur No. 4, Pemecutan Klod, Denpasar Barat
⏰ Open Everyday 09:00 - 22:00 WIB⁣⁣⁣⁣⁣⁣⁣⁣⁣⁣⁣⁣⁣⁣⁣⁣⁣⁣⁣⁣⁣⁣⁣⁣⁣⁣⁣⁣⁣⁣
📲 Admin : 081237200400
🛒 Tokopedia: Pura Pura Ponsel Officia
🛒 Shopee: Pura Pura Ponsel
—
Kualitas Tidak Pernah Pura Pura

#edukasi #samsung #kredit #iphone #iphonedenpasar
#purapuraponsel",21,"07/15/2025 03:01",https://www.instagram.com/reel/DMH9NjXsAZY/,"IG reel",,Lifetime,13732,7931,80,7,0,5,13
18057825266589820,17841414051683694,purapura.ponsel,"Pura Pura Ponsel","Gimana ya caranya biar awet🤔🤔🤔

Gak usah banyak mikir nihhh mimin kasi tipsnya simak videonya ya guyss no skip skip😉ungerrr ungkeee

📍 Jl. Kroya No. 3, Kesiman, Denpasar Timur
📍 Jl. Subur No. 4, Pemecutan Klod, Denpasar Barat
⏰ Open Everyday 09:00 - 22:00 WIB⁣⁣⁣⁣⁣⁣⁣⁣⁣⁣⁣⁣⁣⁣⁣⁣⁣⁣⁣⁣⁣⁣⁣⁣⁣⁣⁣⁣⁣⁣
📲 Admin : 081237200400
🛒 Tokopedia: Pura Pura Ponsel Officia
🛒 Shopee: Pura Pura Ponsel
—
Kualitas Tidak Pernah Pura Pura

#komedi #kredit #service #iphone #iphonedenpasar
#purapuraponselcomedy",88,"07/15/2025 19:01",https://www.instagram.com/reel/DMJrDzhiWql/,"IG reel",,Lifetime,5927,4196,52,10,0,2,9
17897748690122266,17841414051683694,purapura.ponsel,"Pura Pura Ponsel","Lahhhhhhh😨 Keknya ada yang aneh nihhh🫣

Lahhhh agak laen ni hantu, poci bukan sembarang poci🤫

📍 Jl. Kroya No. 3, Kesiman, Denpasar Timur
📍 Jl. Subur No. 4, Pemecutan Klod, Denpasar Barat
⏰ Open Everyday 09:00 - 22:00 WIB⁣⁣⁣⁣⁣⁣⁣⁣⁣⁣⁣⁣⁣⁣⁣⁣⁣⁣⁣⁣⁣⁣⁣⁣⁣⁣⁣⁣⁣⁣
📲 Admin : 081237200400
🛒 Tokopedia: Pura Pura Ponsel Officia
🛒 Shopee: Pura Pura Ponsel
—
Kualitas Tidak Pernah Pura Pura

#komedi #kredit #service #iphone #iphonedenpasar
#purapuraponselcomedy",12,"07/16/2025 03:01",https://www.instagram.com/reel/DMKiAz4N5pN/,"IG reel",,Lifetime,7448,4946,80,2,0,2,0
17976880451904675,17841414051683694,purapura.ponsel,"Pura Pura Ponsel","Mitos atau fakta ? 🤨

Kalian pernah ngalamin first date tapi gagal ? share pengalaman kalian dong mimin mau baca 🤓👇🏻 

📍 Jl. Kroya No. 3, Kesiman, Denpasar Timur
📍 Jl. Subur No. 4, Pemecutan Klod, Denpasar Barat
⏰ Open Everyday 09:00 - 22:00 WIB⁣⁣⁣⁣⁣⁣⁣⁣⁣⁣⁣⁣⁣⁣⁣⁣⁣⁣⁣⁣⁣⁣⁣⁣⁣⁣⁣⁣⁣⁣
📲 Admin : 081237200400
🛒 Tokopedia: Pura Pura Ponsel Officia
🛒 Shopee: Pura Pura Ponsel
—
Kualitas Tidak Pernah Pura Pura

#edukasi #kredit #service #iphone #iphonedenpasar
#purapuraponselcomedy",33,"07/16/2025 19:01",https://www.instagram.com/reel/DMMP507gEBN/,"IG reel",,Lifetime,5666,3840,58,1,0,0,1
18090910348647697,17841414051683694,purapura.ponsel,"Pura Pura Ponsel","Tebak skor
tutup jam 21.00 WITA
200k untuk 2 orang pemenang🚀🔥

yuk buruan komen di kolom komentar bawah👇🏻",0,"07/17/2025 00:31",https://www.instagram.com/p/DMM1q_szKCG/,"IG image",,Lifetime,43955,18246,983,157,287,760,36
17851555092458347,17841414051683694,purapura.ponsel,"Pura Pura Ponsel","Beli sing ngidang sirep yen sing ade adi
Benyah rasane keneh merase suung
Semeng tengai peteng merase sepi
Yening sing ade adi pengiket ati

seken keto ton???🫣😎

📍 Jl. Kroya No. 3, Kesiman, Denpasar Timur
📍 Jl. Subur No. 4, Pemecutan Klod, Denpasar Barat
⏰ Open Everyday 09:00 - 22:00 WIB⁣⁣⁣⁣⁣⁣⁣⁣⁣⁣⁣⁣⁣⁣⁣⁣⁣⁣⁣⁣⁣⁣⁣⁣⁣⁣⁣⁣⁣⁣
📲 Admin : 081237200400
🛒 Tokopedia: Pura Pura Ponsel Officia
🛒 Shopee: Pura Pura Ponsel
—
Kualitas Tidak Pernah Pura Pura

#komedi #kredit #service #iphone #iphonedenpasar
#purapuraponselcomedy",32,"07/17/2025 03:01",https://www.instagram.com/reel/DMNGygTRBn9/,"IG reel",,Lifetime,82226,48966,701,27,1,31,8
18129654421444502,17841414051683694,purapura.ponsel,"Pura Pura Ponsel","Ada yang lagi cari Samsung A35 5G ? nih mimin spill tipis tipis yak 🫣
Performa lancar untuk multitasking, gaming harian, dan aplikasi sehari hari. Masih penasaran ? Yuk ditonton sampai selesai yaa 🥰

📍 Jl. Kroya No. 3, Kesiman, Denpasar Timur
📍 Jl. Subur No. 4, Pemecutan Klod, Denpasar Barat
⏰ Open Everyday 09:00 - 22:00 WIB⁣⁣⁣⁣⁣⁣⁣⁣⁣⁣⁣⁣⁣⁣⁣⁣⁣⁣⁣⁣⁣⁣⁣⁣⁣⁣⁣⁣⁣⁣
📲 Admin : 081237200400
🛒 Tokopedia: Pura Pura Ponsel Officia
🛒 Shopee: Pura Pura Ponsel
—
Kualitas Tidak Pernah Pura Pura

#edukasi #samsung #kredit #iphone #iphonedenpasar
#purapuraponsel",45,"07/17/2025 22:01",https://www.instagram.com/reel/DMPJRKtPmXM/,"IG reel",,Lifetime,5856,4127,53,1,1,2,3
18094663819620772,17841414051683694,purapura.ponsel,"Pura Pura Ponsel","POV : Aura Farming cabang ombang ambing 🤭

📍 Jl. Kroya No. 3, Kesiman, Denpasar Timur
📍 Jl. Subur No. 4, Pemecutan Klod, Denpasar Barat
⏰ Open Everyday 09:00 - 22:00 WIB⁣⁣⁣⁣⁣⁣⁣⁣⁣⁣⁣⁣⁣⁣⁣⁣⁣⁣⁣⁣⁣⁣⁣⁣⁣⁣⁣⁣⁣⁣
📲 Admin : 081237200400
🛒 Tokopedia: Pura Pura Ponsel Officia
🛒 Shopee: Pura Pura Ponsel
—
Kualitas Tidak Pernah Pura Pura

#komedi #kredit #service #iphone #iphonedenpasar
#purapuraponselcomedy",24,"07/18/2025 03:02",https://www.instagram.com/reel/DMPrtVohjO4/,"IG reel",,Lifetime,34909,20335,244,4,6,5,6
17957064347971607,17841414051683694,purapura.ponsel,"Pura Pura Ponsel","Yahhhhh namanya juga teman🫠

kadang bener, kadang salah, kadang galak, kadang juga bisa ngelawak🥴

📍 Jl. Kroya No. 3, Kesiman, Denpasar Timur
📍 Jl. Subur No. 4, Pemecutan Klod, Denpasar Barat
⏰ Open Everyday 09:00 - 22:00 WIB⁣⁣⁣⁣⁣⁣⁣⁣⁣⁣⁣⁣⁣⁣⁣⁣⁣⁣⁣⁣⁣⁣⁣⁣⁣⁣⁣⁣⁣⁣
📲 Admin : 081237200400
🛒 Tokopedia: Pura Pura Ponsel Officia
🛒 Shopee: Pura Pura Ponsel
—
Kualitas Tidak Pernah Pura Pura

#komedi #kredit #service #iphone #iphonedenpasar
#purapuraponselcomedy",17,"07/19/2025 03:01",https://www.instagram.com/reel/DMSQX0Aijij/,"IG reel",,Lifetime,8673,5834,64,2,1,0,2
18064051945954328,17841414051683694,purapura.ponsel,"Pura Pura Ponsel","POV : PUNYA PACAR LEMBUT TAPI NUSUK😳

Udah biasa itu mahhh🥺, siapa nih yang ceweknya gini juga???
sharing pengalaman kalian di kolom komentar ya guyss😋

📍 Jl. Kroya No. 3, Kesiman, Denpasar Timur
📍 Jl. Subur No. 4, Pemecutan Klod, Denpasar Barat
⏰ Open Everyday 09:00 - 22:00 WIB⁣⁣⁣⁣⁣⁣⁣⁣⁣⁣⁣⁣⁣⁣⁣⁣⁣⁣⁣⁣⁣⁣⁣⁣⁣⁣⁣⁣⁣⁣
📲 Admin : 081237200400
🛒 Tokopedia: Pura Pura Ponsel Officia
🛒 Shopee: Pura Pura Ponsel
—
Kualitas Tidak Pernah Pura Pura

#komedi #kredit #service #iphone #iphonedenpasar
#purapuraponselcomedy",26,"07/20/2025 03:01",https://www.instagram.com/reel/DMU1NiJhFV1/,"IG reel",,Lifetime,25307,15567,172,10,1,0,22
18044813138634133,17841414051683694,purapura.ponsel,"Pura Pura Ponsel","Kalian suka main game ? Berikut handphone rekomendasi dari minpur yaa 😍
Tentunya jangan kelewatan promo spesial minpur setiap pembelian handphone android brand new berkesempatan Lucky Draw yang hadiahnya berupa handphone dan voucher hingga jutaan rupiah. yukyuk jangan sampai ketinggalan momennya yaa ! 🤙🏻💨

📍 Jl. Kroya No. 3, Kesiman, Denpasar Timur
📍 Jl. Subur No. 4, Pemecutan Klod, Denpasar Barat
⏰ Open Everyday 09:00 - 22:00 WIB⁣⁣⁣⁣⁣⁣⁣⁣⁣⁣⁣⁣⁣⁣⁣⁣⁣⁣⁣⁣⁣⁣⁣⁣⁣⁣⁣⁣⁣⁣
📲 Admin : 081237200400
🛒 Tokopedia: Pura Pura Ponsel Officia
🛒 Shopee: Pura Pura Ponsel
—
Kualitas Tidak Pernah Pura Pura

#edukasi #kredit #service #tecno #iphonedenpasar
#purapuraponsel",64,"07/20/2025 19:02",https://www.instagram.com/reel/DMWjH8gtdjF/,"IG reel",,Lifetime,4883,3583,55,0,0,0,0
18066235462911209,17841414051683694,purapura.ponsel,"Pura Pura Ponsel","Tebak skor
tutup jam 21.00 WITA
200k untuk 2 orang pemenang🚀🔥🤩

yuk buruan komen di kolom komentar bawah👇🏻",0,"07/21/2025 01:58",https://www.instagram.com/p/DMXSy_RzZdG/,"IG image",,Lifetime,32456,11615,718,140,67,565,20
17897623446127389,17841414051683694,purapura.ponsel,"Pura Pura Ponsel","Yakin???🤔, yahahahahaaaaaa😂

Yakin dong harus optimis promo di warung mimin bisa kalian dapatkan ya. caranya ?
cukup gaskan ke kedua cabang minpur 🙂‍↔️
Promo setiap pembelian android brand new berkesempatan Lucky Draw yang hadiahnya berupa handphone dan voucher hingga jutaan rupiah!
Jadi tunggu apalagi ? ditunggu gasnya yahahaha 🤙🏻💨

📍 Jl. Kroya No. 3, Kesiman, Denpasar Timur
📍 Jl. Subur No. 4, Pemecutan Klod, Denpasar Barat
⏰ Open Everyday 09:00 - 22:00 WIB⁣⁣⁣⁣⁣⁣⁣⁣⁣⁣⁣⁣⁣⁣⁣⁣⁣⁣⁣⁣⁣⁣⁣⁣⁣⁣⁣⁣⁣⁣
📲 Admin : 081237200400
🛒 Tokopedia: Pura Pura Ponsel Officia
🛒 Shopee: Pura Pura Ponsel
—
Kualitas Tidak Pernah Pura Pura

#komedi #kredit #service #iphone #iphonedenpasar
#purapuraponselcomedy",31,"07/21/2025 03:01",https://www.instagram.com/reel/DMXaBy4NQkk/,"IG reel",,Lifetime,50385,32148,425,52,1,14,2
18315068584213704,17841414051683694,purapura.ponsel,"Pura Pura Ponsel","CARA MENGHADAPI ISTRI NGOMEL-NGOMEL😇

Buat para suami bisa dicoba yaa🤫😂
ambil kain lalu tutup istri dan tunggu apa yang terjadi🙈

📍 Jl. Kroya No. 3, Kesiman, Denpasar Timur
📍 Jl. Subur No. 4, Pemecutan Klod, Denpasar Barat
⏰ Open Everyday 09:00 - 22:00 WIB⁣⁣⁣⁣⁣⁣⁣⁣⁣⁣⁣⁣⁣⁣⁣⁣⁣⁣⁣⁣⁣⁣⁣⁣⁣⁣⁣⁣⁣⁣
📲 Admin : 081237200400
🛒 Tokopedia: Pura Pura Ponsel Officia
🛒 Shopee: Pura Pura Ponsel
—
Kualitas Tidak Pernah Pura Pura

#komedi #kredit #service #iphone #iphonedenpasar
#purapuraponselcomedy",32,"07/22/2025 03:01",https://www.instagram.com/reel/DMZ-x60hVDc/,"IG reel",,Lifetime,46740,26623,286,10,1,1,7
17979622601854039,17841414051683694,purapura.ponsel,"Pura Pura Ponsel","Apakah iphone 13 rawan greenscreen ?
Kalian mau upgrade handphone tapi masih ragu ?
Nah, berikut video yang wajib kalian tonton sampai selesai ya manies 😍

Budget kalian kurang ?
Tenang! kalian bisa coba kredit dengan berbagai pilihan finance yaa. dapatkan promo DP dan Bunga 0% 😍
Kalian juga bisa tukar tambah dengan handphone kalian loh, tukar tambah lalu kredit ? bisa juga dong 👌🏻

Jadi tunggu apalagi ? gaskan ke store minpur yuaaa 💨

📍 Jl. Kroya No. 3, Kesiman, Denpasar Timur
📍 Jl. Subur No. 4, Pemecutan Klod, Denpasar Barat
⏰ Open Everyday 09:00 - 22:00 WIB⁣⁣⁣⁣⁣⁣⁣⁣⁣⁣⁣⁣⁣⁣⁣⁣⁣⁣⁣⁣⁣⁣⁣⁣⁣⁣⁣⁣⁣⁣
📲 Admin : 081237200400
🛒 Tokopedia: Pura Pura Ponsel Officia
🛒 Shopee: Pura Pura Ponsel
—
Kualitas Tidak Pernah Pura Pura

#edukasi #kredit #service #iphone #promo #iphonedenpasar
#purapuraponsel",237,"07/22/2025 19:18",https://www.instagram.com/reel/DMbsZTCzVwQ/,"IG reel",,Lifetime,7542,4724,114,10,0,0,7
18212868583314506,17841414051683694,purapura.ponsel,"Pura Pura Ponsel","Apaantuhhh😱

Pura Pura Ponsel - Toko HP Baru & Second Denpasar!
Jual Beli iPhone & Android Bekas Bergaransi & Terlengkap.

📍 Cabang Kesiman: Jl. Kroya No. 3, Kesiman, Denpasar Timur
📍 Cabang Pemecutan Klod: Jl. Subur No. 4, Pemecutan Klod, Denpasar Barat

⏰ Buka Setiap Hari: 09:00 - 22:00 WITA⁣⁣⁣⁣⁣⁣⁣⁣⁣⁣⁣⁣⁣⁣⁣⁣⁣⁣⁣⁣⁣⁣⁣⁣⁣⁣⁣⁣⁣⁣

📲 Info & Pemesanan: 081237200400
🌐 Cek Stok & Promo Lengkap di: purapuraponsel.com
🛒 Tokopedia: Pura Pura Ponsel Official
🛒 Shopee: Pura Pura Ponsel
---
Kualitas Tidak Pernah Pura Pura

#tokohpdenpasar #hpseconddenpasar #hpbekasdenpasar #jualbelihpdenpasar #iphonedenpasar #androiddenpasar #iphonebekas #androidbekas #promo #kredithpdenpasar #servicehpdenpasar #purapuraponsel #iphonemurahdenpasar #purapuraponselcom",16,"07/23/2025 03:02",https://www.instagram.com/reel/DMcjsYwMvku/,"IG reel",,Lifetime,97745,51769,1198,22,0,28,19
17868223683413337,17841414051683694,purapura.ponsel,"Pura Pura Ponsel","Tebak skor
tutup jam 21.00 WITA
200k untuk 2 orang pemenang🚀🔥

yuk buruan komen di kolom komentar bawah👇🏻",0,"07/23/2025 18:01",https://www.instagram.com/p/DMeKqF1o_N8/,"IG image",,Lifetime,33741,12960,1572,293,564,1430,66
18410002015106645,17841414051683694,purapura.ponsel,"Pura Pura Ponsel","WANTED!!!!
Enggakkkkkkk,,,,,haaa,,,,haaaaa🤪

Pastinya ENGGAK nolak donk beli ponsel di Pura-Pura Ponsel😇

📍 Jl. Kroya No. 3, Kesiman, Denpasar Timur
📍 Jl. Subur No. 4, Pemecutan Klod, Denpasar Barat
⏰ Open Everyday 09:00 - 22:00 WIB⁣⁣⁣⁣⁣⁣⁣⁣⁣⁣⁣⁣⁣⁣⁣⁣⁣⁣⁣⁣⁣⁣⁣⁣⁣⁣⁣⁣⁣⁣
📲 Admin : 081237200400
🛒 Tokopedia: Pura Pura Ponsel Officia
🛒 Shopee: Pura Pura Ponsel
—
Kualitas Tidak Pernah Pura Pura

#komedi #kredit #service #iphone #iphonedenpasar
#purapuraponselcomedy",18,"07/24/2025 03:01",https://www.instagram.com/reel/DMfIW1GBjgi/,"IG reel",,Lifetime,11784,7041,137,0,0,0,0
18408755110128131,17841414051683694,purapura.ponsel,"Pura Pura Ponsel","Kini hadir TECNO POVA 7 tampil beda dengan sentuhan minimalis dan elegan, cocok untuk yang suka gaming bahkan dengan spek camera yang sangat jernih sangat tepat untuk kalian yang suka eksis😎. Yuk buruan ke Pura Pura Ponsel yaa gaess jangan sampai kehabisan💨🔥

Pura Pura Ponsel - Toko HP Baru & Second Denpasar!
Jual Beli iPhone & Android Bekas Bergaransi & Terlengkap.

📍 Cabang Kesiman: Jl. Kroya No. 3, Kesiman, Denpasar Timur
📍 Cabang Pemecutan Klod: Jl. Subur No. 4, Pemecutan Klod, Denpasar Barat

⏰ Buka Setiap Hari: 09:00 - 22:00 WITA⁣⁣⁣⁣⁣⁣⁣⁣⁣⁣⁣⁣⁣⁣⁣⁣⁣⁣⁣⁣⁣⁣⁣⁣⁣⁣⁣⁣⁣⁣

📲 Info & Pemesanan: 081237200400
🌐 Cek Stok & Promo Lengkap di: purapuraponsel.com
🛒 Tokopedia: Pura Pura Ponsel Official
🛒 Shopee: Pura Pura Ponsel
---
Kualitas Tidak Pernah Pura Pura

#tokohpdenpasar #hpseconddenpasar #hpbekasdenpasar #jualbelihpdenpasar #iphonedenpasar #androiddenpasar #iphonebekas #androidbekas #promo #kredithpdenpasar #servicehpdenpasar #purapuraponsel #iphonemurahdenpasar #purapuraponselcom",68,"07/24/2025 03:01",https://www.instagram.com/reel/DMfIZ-4tO6U/,"IG reel",,Lifetime,6060,3815,91,1,3,1,0
18081699271842624,17841414051683694,purapura.ponsel,"Pura Pura Ponsel","Yahhhhhhhhhhh shiballllll😭

gagal maning gagal maning
eitss untuk kalian yang mau beli HP
yuk kestore cabang kroya atau monang maning
dijamin gak bakalan PHP

📍 Jl. Kroya No. 3, Kesiman, Denpasar Timur
📍 Jl. Subur No. 4, Pemecutan Klod, Denpasar Barat
⏰ Open Everyday 09:00 - 22:00 WIB⁣⁣⁣⁣⁣⁣⁣⁣⁣⁣⁣⁣⁣⁣⁣⁣⁣⁣⁣⁣⁣⁣⁣⁣⁣⁣⁣⁣⁣⁣
📲 Admin : 081237200400
🛒 Tokopedia: Pura Pura Ponsel Officia
🛒 Shopee: Pura Pura Ponsel
—
Kualitas Tidak Pernah Pura Pura

#komedi #kredit #service #iphone #iphonedenpasar
#purapuraponselcomedy",14,"07/25/2025 03:02",https://www.instagram.com/reel/DMhtP0iMCUW/,"IG reel",,Lifetime,21556,12205,110,40,2,6,4
18065310464158804,17841403237713917,telagabagus,"TELAGA BAGUS","Niat perhatian ke temen yang galau tapi endingnya tidak terduga😱😭😭🤣

Yang mau cari hanphone berkualitas cuma di @purapura.ponsel dan lagi ada promo beli handphone free aripods
Dan semeton yang ingin nyari busana adat, untuk ke pura, kondangan, bahkan sampai wedding bisa bgt di @telagabagus dijamin lengkap dan murah.

Video by : @arthadashing_

#telagabagus #purapuraponsel #arthadashing #komedi #reels #komedibalilucu #viral",102,"07/25/2025 04:52",https://www.instagram.com/reel/DMh4u1RP1IF/,"IG reel",,Lifetime,161603,129592,2262,37,11,12,0
18018959972534149,17841414051683694,purapura.ponsel,"Pura Pura Ponsel","Handphone kalian lemot ? isinya iklan terus ? BUANG AJA! 

Dengan chipset mediatek helio G200 yang sangat ideal untuk pengalaman gaming, INFINIX HOT 60 PRO HADIR 😍
body mulus, ramping dan pastinya multitasking. kalian lagi cari tipe android brand new ? Infinix ?
Jelas langsung gaskan ke store mimin yaa, karena mimin punya promo yang menarik untuk tipe khusus satu ini.
Jadi jangan sampai ketinggalan momennya ! 🙈🔥

Pura Pura Ponsel - Toko HP Baru & Second Denpasar!
Jual Beli iPhone & Android Bekas Bergaransi & Terlengkap.

📍 Cabang Kesiman: Jl. Kroya No. 3, Kesiman, Denpasar Timur
📍 Cabang Pemecutan Klod: Jl. Subur No. 4, Pemecutan Klod, Denpasar Barat

⏰ Buka Setiap Hari: 09:00 - 22:00 WITA⁣⁣⁣⁣⁣⁣⁣⁣⁣⁣⁣⁣⁣⁣⁣⁣⁣⁣⁣⁣⁣⁣⁣⁣⁣⁣⁣⁣⁣⁣

📲 Info & Pemesanan: 081237200400
🌐 Cek Stok & Promo Lengkap di: purapuraponsel.com
🛒 Tokopedia: Pura Pura Ponsel Official
🛒 Shopee: Pura Pura Ponsel
---
Kualitas Tidak Pernah Pura Pura

#tokohpdenpasar #hpseconddenpasar #hpbekasdenpasar #jualbelihpdenpasar #iphonedenpasar #androiddenpasar #iphonebekas #androidbekas #promo #kredithpdenpasar #servicehpdenpasar #purapuraponsel #iphonemurahdenpasar #purapuraponselcom",47,"07/25/2025 19:02",https://www.instagram.com/reel/DMjbGI9vMQH/,"IG reel",,Lifetime,7162,4902,37,0,1,2,4
17843608761535005,17841414051683694,purapura.ponsel,"Pura Pura Ponsel","PROMO ALERT !

jangan sia siakan akhir bulan kalian, mending gaskan ke toko mimin dengan promo yang gaakan datang dua kali apalagi sepuluh kali 😜
kenapa harus di Pura Pura Ponsel ?
✅ Bergaransi resmi 
✅ Kualitas barang SAMA
✅ Banyak BENEFITNYA 
✅ Harga PROMOOOO
✅ Bisa tukar tambah bahkan dari series lama sekalipun
✅ Bisa Kredit
✅ Bisa split payment
dan masih banyak benefit lainnya 🙈

Buat kalian yang tidak bisa datang ke toko, tenang kalian bisa goyahkan ecommerce mimin yaa 🙈
Jadi tunggu apalagi ? jangan sampai ketinggalan momennya ! 😊💥

Pura Pura Ponsel - Toko HP Baru & Second Denpasar!
Jual Beli iPhone & Android Bekas Bergaransi & Terlengkap.

📍 Cabang Kesiman: Jl. Kroya No. 3, Kesiman, Denpasar Timur
📍 Cabang Pemecutan Klod: Jl. Subur No. 4, Pemecutan Klod, Denpasar Barat

⏰ Buka Setiap Hari: 09:00 - 22:00 WITA⁣⁣⁣⁣⁣⁣⁣⁣⁣⁣⁣⁣⁣⁣⁣⁣⁣⁣⁣⁣⁣⁣⁣⁣⁣⁣⁣⁣⁣⁣

📲 Info & Pemesanan: 081237200400
🌐 Cek Stok & Promo Lengkap di: purapuraponsel.com
🛒 Tokopedia: Pura Pura Ponsel Official
🛒 Shopee: Pura Pura Ponsel
---
Kualitas Tidak Pernah Pura Pura

#tokohpdenpasar #hpseconddenpasar #hpbekasdenpasar #jualbelihpdenpasar #iphonedenpasar #androiddenpasar #iphonebekas #androidbekas #promo #kredithpdenpasar #servicehpdenpasar #purapuraponsel #iphonemurahdenpasar #purapuraponselcom",0,"07/26/2025 03:00",https://www.instagram.com/p/DMkR8lUBlnx/,"IG carousel",,Lifetime,133294,45780,732,18,9,35,11
17911291713053535,17841414051683694,purapura.ponsel,"Pura Pura Ponsel","Udah gak jaman makek hp jelek🙂‍↕️
nihhhhh minpur kenalkan INFINIX HOT 60 i

Kualitas tidak kaleng-kaleng, dengan spek kamera tajam dan jernih cocok untuk kalian yang suka eksis, cocok juga dengan kalian yang suka nonton Drakor dan tentunya main game juga donkkk🤙🏻🤙🏻 🤙🏻
lebih detailnya tonton sampai akhir ya gaesss😎

Pura Pura Ponsel - Toko HP Baru & Second Denpasar!
Jual Beli iPhone & Android Bekas Bergaransi & Terlengkap.

📍 Cabang Kesiman: Jl. Kroya No. 3, Kesiman, Denpasar Timur
📍 Cabang Pemecutan Klod: Jl. Subur No. 4, Pemecutan Klod, Denpasar Barat

⏰ Buka Setiap Hari: 09:00 - 22:00 WITA⁣⁣⁣⁣⁣⁣⁣⁣⁣⁣⁣⁣⁣⁣⁣⁣⁣⁣⁣⁣⁣⁣⁣⁣⁣⁣⁣⁣⁣⁣

📲 Info & Pemesanan: 081237200400
🌐 Cek Stok & Promo Lengkap di: purapuraponsel.com
🛒 Tokopedia: Pura Pura Ponsel Official
🛒 Shopee: Pura Pura Ponsel
---
Kualitas Tidak Pernah Pura Pura

#tokohpdenpasar #hpseconddenpasar #hpbekasdenpasar #jualbelihpdenpasar #iphonedenpasar #androiddenpasar #iphonebekas #androidbekas #promo #kredithpdenpasar #servicehpdenpasar #purapuraponsel #iphonemurahdenpasar #purapuraponselcom",73,"07/26/2025 19:02",https://www.instagram.com/reel/DMl_40Lp7x5/,"IG reel",,Lifetime,8455,5536,59,0,0,0,9
17982148793721155,17841414051683694,purapura.ponsel,"Pura Pura Ponsel","MK : ORANG BALI SOFT SPOKEN MINTA MAAF😂

Si Naskeleng bisa di halusin juga kok gaessss☺️
Kalem aja kalem senyumin aja ton biar sama sama di enakin aja gitu ton, ya kan ton?😎

Pura Pura Ponsel - Toko HP Baru & Second Denpasar!
Jual Beli iPhone & Android Bekas Bergaransi & Terlengkap.

📍 Cabang Kesiman: Jl. Kroya No. 3, Kesiman, Denpasar Timur
📍 Cabang Pemecutan Klod: Jl. Subur No. 4, Pemecutan Klod, Denpasar Barat

⏰ Buka Setiap Hari: 09:00 - 22:00 WITA⁣⁣⁣⁣⁣⁣⁣⁣⁣⁣⁣⁣⁣⁣⁣⁣⁣⁣⁣⁣⁣⁣⁣⁣⁣⁣⁣⁣⁣⁣

📲 Info & Pemesanan: 081237200400
🌐 Cek Stok & Promo Lengkap di: purapuraponsel.com
🛒 Tokopedia: Pura Pura Ponsel Official
🛒 Shopee: Pura Pura Ponsel
---
Kualitas Tidak Pernah Pura Pura

#tokohpdenpasar #hpseconddenpasar #hpbekasdenpasar #jualbelihpdenpasar #iphonedenpasar #androiddenpasar #iphonebekas #androidbekas #promo #kredithpdenpasar #servicehpdenpasar #purapuraponsel #iphonemurahdenpasar #purapuraponselcom #telagabagus #purapuraponsel #arthadashing #komedi
#reels #komedibalilucu #viral""",47,"07/28/2025 03:01",https://www.instagram.com/reel/DMpbjQThKTg/,"IG reel",,Lifetime,78632,52917,1027,187,2,39,36
18138260566421627,17841414051683694,purapura.ponsel,"Pura Pura Ponsel","KOMEN DIBAWAH YA GAESSS🤙🏻👇🏻
100K UNTUK 1 ORANG BERUNTUNG😱

yukkkkk gassss kan diramikan gaessss🔥

Pura Pura Ponsel - Toko HP Baru & Second Denpasar!
Jual Beli iPhone & Android Bekas Bergaransi & Terlengkap.

📍 Cabang Kesiman: Jl. Kroya No. 3, Kesiman, Denpasar Timur
📍 Cabang Pemecutan Klod: Jl. Subur No. 4, Pemecutan Klod, Denpasar Barat

⏰ Buka Setiap Hari: 09:00 - 22:00 WITA⁣⁣⁣⁣⁣⁣⁣⁣⁣⁣⁣⁣⁣⁣⁣⁣⁣⁣⁣⁣⁣⁣⁣⁣⁣⁣⁣⁣⁣⁣

📲 Info & Pemesanan: 081237200400
🌐 Cek Stok & Promo Lengkap di: purapuraponsel.com
🛒 Tokopedia: Pura Pura Ponsel Official
🛒 Shopee: Pura Pura Ponsel
---
Kualitas Tidak Pernah Pura Pura

#tokohpdenpasar #hpseconddenpasar #hpbekasdenpasar #jualbelihpdenpasar #iphonedenpasar #androiddenpasar #iphonebekas #androidbekas #promo #kredithpdenpasar #servicehpdenpasar #purapuraponsel #iphonemurahdenpasar #purapuraponselcom #telagabagus #purapuraponsel #arthadashing #komedi
#reels #komedibalilucu #viral",17,"07/28/2025 07:16",https://www.instagram.com/reel/DMp4qfFzdJg/,"IG reel",,Lifetime,70151,37861,459,20,4,443,4
17881180923243814,17841414051683694,purapura.ponsel,"Pura Pura Ponsel","Tunjukkan bahwa kamu bukanlah LeBah🐝 ehhhh LeMah😎

Pura Pura Ponsel - Toko HP Baru & Second Denpasar!
Jual Beli iPhone & Android Bekas Bergaransi & Terlengkap.

📍 Cabang Kesiman: Jl. Kroya No. 3, Kesiman, Denpasar Timur
📍 Cabang Pemecutan Klod: Jl. Subur No. 4, Pemecutan Klod, Denpasar Barat

⏰ Buka Setiap Hari: 09:00 - 22:00 WITA⁣⁣⁣⁣⁣⁣⁣⁣⁣⁣⁣⁣⁣⁣⁣⁣⁣⁣⁣⁣⁣⁣⁣⁣⁣⁣⁣⁣⁣⁣

📲 Info & Pemesanan: 081237200400
🌐 Cek Stok & Promo Lengkap di: purapuraponsel.com
🛒 Tokopedia: Pura Pura Ponsel Official
🛒 Shopee: Pura Pura Ponsel
---
Kualitas Tidak Pernah Pura Pura

#tokohpdenpasar #hpseconddenpasar #hpbekasdenpasar #jualbelihpdenpasar #iphonedenpasar #androiddenpasar #iphonebekas #androidbekas #promo #kredithpdenpasar #servicehpdenpasar #purapuraponsel #iphonemurahdenpasar #purapuraponselcom",13,"07/30/2025 03:01",https://www.instagram.com/reel/DMulHIMojTW/,"IG reel",,Lifetime,21276,11476,191,13,0,7,1
17883913548222764,17841442251754246,sibliwira,"BLI WIRA","RASANYA JADI ANAK RANTAU🥹

Beli handphone di @purapura.ponsel free airpods
Yuk langsung simpang, bisa tukar tambah & kredit juga

#sibliwira #reelsvideo #reelsinstagram #reels",79,"07/30/2025 03:12",https://www.instagram.com/reel/DMumJL6Tsrl/,"IG reel",,Lifetime,731598,497389,43106,1820,523,307,0
17850211950478436,17841403237713917,telagabagus,"TELAGA BAGUS","Ketika ngajak timpal kondangan tapi bikin emosi😡😱

Untung pake Setelan busana dari @telagabagus dijamin bagus
Kalau udah bagus jangan lupa upgrade juga gadget nya ton biar makin tambah bagus, hanya di @purapura.ponsel 

By : @arthadashing_ 

#telagabagus #arthadashing #purapuraponsel #safari #busanaadatbali #setcouple #iphonedenpasar",77,"07/30/2025 04:06",https://www.instagram.com/reel/DMusNjDPP1e/,"IG reel",,Lifetime,115058,89954,801,16,8,11,0
18065621338963157,17841414051683694,purapura.ponsel,"Pura Pura Ponsel","AUGUST PROMO IS COMING ‼️

Buat kalian yang cari Iphone brand new 😱
jangan khawatir Pura Pura Ponsel hadir dengan berbagai series Iphone yang tentunya dengan Promo yang menarik ya gaes 

Kenapa harus di Pura Pura Ponsel ?
Kualitas barang SAMA ✅
Bergaransi resmi ✅
Banyak BENEFITNYA ✅
Harga lebih TERJANGKAU ✅
Bisa TUKAR TAMBAH ✅
Bisa KREDIT dengan DP dan BUNGA 0% ✅
Bisa SPLIT Payment ✅

Buat kalian yang nggak bisa datang ke toko bisa checkout di toko online Minpur ya ada cashback hingga jutaan rupiah pengiriman cepat, dijamin aman sampai tujuan 🚀
Jadi tunggu apalagi ? yuk mampir ke store 🤩🚀

———
Info Lebih Lanjut ✨
(Click Link on Bio)

📍Jl. Kroya No. 3, Kesiman, Denpasar
📍Jl. Subur No. 4 Pemecutan Klod, Denpasar Barat
⏰ Open Everyday 09:00 - 22:00 WIB⁣⁣⁣⁣⁣⁣⁣⁣⁣⁣⁣⁣⁣⁣⁣⁣⁣⁣⁣⁣⁣⁣⁣⁣⁣⁣⁣⁣⁣⁣
📲 Admin : 081237200400
🛒 Tokopedia: Pura Pura Ponsel Official
🛒 Shopee: Pura Pura Ponsel
—
Kualitas Tidak Pernah Pura Pura

#iphone #applestore #iphonebali #iphonedenpasar #purapuraponsel",0,"07/31/2025 18:00",https://www.instagram.com/p/DMyw1DXycFA/,"IG carousel",,Lifetime,338610,60999,3988,139,78,47,240
18290654929214678,17841414051683694,purapura.ponsel,"Pura Pura Ponsel","Ketika bos nyuruh, beli apa aja terserah🤣

Iphone 15 pro dan promax ready nya cuma di @purapura.ponsel 
Bisa tukar tambah dan kredit yuk kepoin ig nya biar kalian dapat harga terbaik cuma di @purapura.ponsel 

By : @arthadashing_",11,"01/07/2025 05:16",https://www.instagram.com/reel/DEhm0QQyjD-/,"IG reel",,Lifetime,83104,50049,411,23,3,5,8
18051741398494213,17841414051683694,purapura.ponsel,"Pura Pura Ponsel","Sebelum kejadian🗿

Akhirnya kejadian jugaa.. kalian kapan nih jadinya beli iphone di @purapura.ponsel ?
Mumpung lagi promo iphone 13 dan 15 brand new resmi indonesia turun harga besar besaran guys! Selain itu untuk service juga ada promo besar juga yuk merapat guys🔥

By : @arthadashing_",14,"01/08/2025 04:47",https://www.instagram.com/reel/DEkJr6Dy33L/,"IG reel",,Lifetime,194758,105146,913,103,5,3,47
17928355239003600,17841414051683694,purapura.ponsel,"Pura Pura Ponsel","Musim hujan teros jadi kangen matahari gak si😫

Iphone kalian ke blockir? Banyak minus? Bingung mau di apain? Di toko sana gak mau di terima kalau tukar tambah?!
Tenang!! Di @purapura.ponsel menerima segeala jenis tukar tambah dari iphone keblockir, minus,android, semuanya tanpa syarat guys, langsung temukan gadget impan anda cuma di @purapura.ponsel 🔥🔥",7,"01/10/2025 05:54",https://www.instagram.com/reel/DEpb4m8ykyc/,"IG reel",,Lifetime,129721,73358,1470,37,1,1,23
18060858082909922,17841400038483632,nix.doni,IPutuDoniAdiAnggara,"Rahajeng minggu ton🙏 mau hp ip kalian aman dan bergaransi yuk @purapura.ponsel 🔥
•
•
•
#purapuraponsel #semetonlele #omdonilele #mandikopi #fyp #kumislele #kopibali",34,"01/12/2025 02:00",https://www.instagram.com/reel/DEuKqX6vtKE/,"IG reel",,Lifetime,17760,12007,139,6,2,3,0
18022171304345647,17841414051683694,purapura.ponsel,"Pura Pura Ponsel","Tips buat yang jualan tapi males kalau di nego sama customer! Semoga berguna🗿🗿

Tapi klo di warung andalan mimin @purapura.ponsel bebas nego sepuasnya dong jika tukar tambah
Bebas dari iphone series lama atau imei keblockir sekali pun ttp bisa di terima ya guys
Buat kalian yg nyari 15 pro atau pm yg new segera ke @purapura.ponsel stock terbatas ready guys🔥 

By : @arthadashing_ 

Insp : finzafrmnda",74,"01/13/2025 02:59",https://www.instagram.com/reel/DEw12fCylPA/,"IG reel",,Lifetime,57414,36114,468,11,6,0,13
18036238718157997,17841414051683694,purapura.ponsel,"Pura Pura Ponsel","Benar - benar diluar nalar ton

Iphone 15 pro & 15 promax new?? Yuk langsung gas siapa cepat dia dapat cuma di @purapura.ponsel ton
Dapetin lucky spin yg berhadiah handphone🔥

By : @arthadashing_ 

#purapuraponsel #iphone #iphonedenpasar #applestore #iphonebali",47,"01/19/2025 04:30",https://www.instagram.com/reel/DFAdE4oSBf0/,"IG reel",,Lifetime,100491,63503,1016,79,2,11,30
18060435724908035,17841414051683694,purapura.ponsel,"Pura Pura Ponsel","Jadilah Keluarga Pura Pura Ponsel

Hiring :
1. Frontliner
2. Kasir
3. Content Creator Talent
4. Host Live
5. Admin Social Media
6. Admin Gudang
7. Admin QC
8. Cleaning Service
9. Teknisi Handphone
10. Editor
11. Accounting
12. Finance

Benefit :
1. Gaji Pokok
2. Uang Makan
3. tunjangan hari raya
4. Jenjang karir
5. bonus lainnya

Kirim CV dan Surat Lamaran kamu ke
info@purapuraponsel.com

———
Info Lebih Lanjut ✨
(Click Link on Bio)

📍 Jl. Kroya No. 3, Kesiman, Denpasar
⏰ Open Everyday 09:00 - 22:00 WIB⁣⁣⁣⁣⁣⁣⁣⁣⁣⁣⁣⁣⁣⁣⁣⁣⁣⁣⁣⁣⁣⁣⁣⁣⁣⁣⁣⁣⁣⁣
📲 Admin : 081237200400
🛒 Tokopedia: Pura Pura Ponsel
🛒 Shopee: Purapuraponsel.bali
—
Kualitas Tidak Pernah Pura Pura

#hiring #jobstreet #editor #sales #pegawai",0,"01/20/2025 23:04",https://www.instagram.com/p/DFFB7iLtolF/,"IG carousel",,Lifetime,693800,165508,169,54,10,7,65
18075244951643406,17841414051683694,purapura.ponsel,"Pura Pura Ponsel","Agak lain memang ton

Nyari yang imei permanen dan garansi seumur hidup ton?
Yuk beli iphone di @purapura.ponsel aja, hp berkualitas,second like new bisa tukar tambah dengan bebas tipe✨

By : @arthadashing_",19,"01/21/2025 00:49",https://www.instagram.com/reel/DFFNX7LSULF/,"IG reel",,Lifetime,122959,79689,973,19,1,2,15
18046248701223187,17841414051683694,purapura.ponsel,"Pura Pura Ponsel","Kata - kata mas jentod sangat menusuk sampai lambung😫😫

Buat kalian yang mau tukar tambah tapi nambahnya pakai kredit, yuk ke @purapura.ponsel karena cuma disini yg mau menerima segala kondisi hp, mau keblockir imei, mau itu android, mau itu ip 6 sekali pun gass semeton🚀🚀

By : @arthadashing_",19,"01/25/2025 03:56",https://www.instagram.com/reel/DFP2SaxyOZO/,"IG reel",,Lifetime,28054,17957,221,22,2,2,8
17852027271384393,17841414051683694,purapura.ponsel,"Pura Pura Ponsel","BALI VS CHINA😱😱

Sebagai warga bali kami sangat toleransi kepada siapapun,meskipun berbeda Ras, Suku, Adat, Ataupun Budaya kita tetap satu Indonesia✨
Special Menyambut Hari Raya Imlek @purapura.ponsel ada promo cash back hingga 1 juta dan hadiah 1 unit handphone 
Langsung merapat sekarang juga semeton🚀🚀

By : @arthadashing_",117,"01/26/2025 02:43",https://www.instagram.com/reel/DFSSWA6S0LD/,"IG reel",,Lifetime,116105,90416,1916,97,7,30,36
18049565879175734,17841414051683694,purapura.ponsel,"Pura Pura Ponsel","Kuncinnya itu sabar👍

Sesabar sabarnya kalian pasti emosi dong kalo beli iphone second di toko sebelah tapi imeinya tiba2 keblockir? Hp hampang rusak? Batrey boros??
Makannya beli iphone di @purapura.ponsel aja semeton, secondnya aja udah berkualitas dan bergaransi seumur hidup ,dari imei maupun fisiknya.. apalagi brand new nya udah pasti aman dan ada asuransi free😎🚀

By : @arthadashing_",40,"01/28/2025 06:00",https://www.instagram.com/reel/DFXyxU0yRlv/,"IG reel",,Lifetime,47350,31906,295,4,0,2,4
18059707096799191,17841414051683694,purapura.ponsel,"Pura Pura Ponsel","Kirain apaan ternyata ngacng🗿🗿

Mimin mau infoin IPHONE 15 PRO DAN 15 PROMAX NEW Ready di @purapura.ponsel , segera angkut semeton sebelum di duluin orang lain
Bisa tukar tambah :
• Dari iphone yang ke blockir
• Dari iphone series apapun bahkan di bawah Iphone X
• Dari Android
• Dari Handphone Minus sekalipun
• Bisa Tambahnya pakai credit juga

Yuk merapat ke @purapura.ponsel 

By : @arthadashing_",15,"01/30/2025 05:31",https://www.instagram.com/reel/DFcxj-LyuT5/,"IG reel",,Lifetime,26468,17078,152,7,1,0,12
17913129198070649,17841414051683694,purapura.ponsel,"Pura Pura Ponsel","Ketika konten creator mentutorkan cara membuat konten hoax😏😏

Yg gak hoax itu cuma iphone di @purapura.ponsel , dapatkan harga special, iphone original, dan bergaransi seumur hidup
Yuk gaskan ke @purapura.ponsel 

By : @arthadashing_",70,"01/31/2025 07:14",https://www.instagram.com/reel/DFfmwaES275/,"IG reel",,Lifetime,42175,28369,639,7,2,2,6
18067322638864497,17841400038483632,nix.doni,IPutuDoniAdiAnggara,"Lama tak jumpa ton awal bulan lan melali ke @purapura.ponsel  jak meli hp yuk🔥
•
•
•
#purapuraponsel  #purapuraponsel #semetonlele #omdonilele #mandikopi #fyp #kumislele #kopibali",62,"02/02/2025 02:15",https://www.instagram.com/reel/DFkRFFTvDNc/,"IG reel",,Lifetime,14535,10325,136,10,0,0,0
18137113036349150,17841414051683694,purapura.ponsel,"Pura Pura Ponsel","Namanya juga hidup, sangat susah di tebak🐧🗿

Apalagi promo ip 13 new cuma 8 jt dan 15 new cuma 12 jt Hanya di @purapura.ponsel semeton
Yuk langsung gas bisa tukar tambah dari hp lama kalian atau pun mau kredit bisa semeton🔥

By : @arthadashing_",95,"02/06/2025 19:18",https://www.instagram.com/reel/DFwZBRfylf4/,"IG reel",,Lifetime,46213,30073,312,12,1,3,16
17936557514978681,17841414051683694,purapura.ponsel,"Pura Pura Ponsel","Yuk buruan ke warung mimin
siapa cepat dia dapat, stock terbatas

Di tengah sulitnya mendapatkan iPhone 15 Pro Max di pasaran, kami hadir membawa kabar gembira! Stok terbatas iPhone 15 Pro Max kini tersedia di Pura Pura Ponsel

———
Info Lebih Lanjut ✨
(Click Link on Bio)

📍 Jl. Kroya No. 3, Kesiman, Denpasar
⏰ Open Everyday 09:00 - 22:00 WIB⁣⁣⁣⁣⁣⁣⁣⁣⁣⁣⁣⁣⁣⁣⁣⁣⁣⁣⁣⁣⁣⁣⁣⁣⁣⁣⁣⁣⁣⁣
📲 Admin : 081237200400
🛒 Tokopedia: Pura Pura Ponsel
🛒 Shopee: Purapuraponsel.bali
—
Kualitas Tidak Pernah Pura Pura

#iphone #applestore #iphonebali #iphonedenpasar #purapuraponsel #ios18 #appleevent #iphone16 #iphone16pro",0,"02/09/2025 01:30",https://www.instagram.com/p/DF2NrOtO0vJ/,"IG carousel",,Lifetime,236778,71391,311,58,140,6,55
18051906452153097,17841414051683694,purapura.ponsel,"Pura Pura Ponsel","Alasan gak nonton horor di bioskop😫😫

Mau nonton di hp? Yuk beli di @purapura.ponsel aja guys
 iphone 15 new cuma 12 jt aja, 13 new cuma 8 jt aja
Merapat skrg juga guys🔥🔥

#purapuraponsel",17,"02/09/2025 04:50",https://www.instagram.com/reel/DF2kf-sSP2c/,"IG reel",,Lifetime,30976,18857,172,7,1,1,5
18486933931020137,17841414051683694,purapura.ponsel,"Pura Pura Ponsel","PROMO SPESIAL! iPhone 13 Turun Harga!

Kabar gembira buat kamu yang pengen punya iPhone 13!
Sekarang harganya makin terjangkau dengan promo spesial dari Pura Pura Ponsel.
Jangan sampai kelewatan kesempatan menarik ini!
Sikat habis sebelum kehabisan!

bisa tukar tambah dan kredit dengan promo spesial bunga dan DP 0%
*syarat ketentuan berlaku

———
Info Lebih Lanjut ✨
(Click Link on Bio)

📍	Jl. Kroya No. 3, Kesiman, Denpasar
⏰	Open Everyday 09:00 - 22:00 WIB⁣⁣⁣⁣⁣⁣⁣⁣⁣⁣⁣⁣⁣⁣⁣⁣⁣⁣⁣⁣⁣⁣⁣⁣⁣⁣⁣⁣⁣⁣
📲	Admin : 081237200400
🛒	Tokopedia: Pura Pura Ponsel Bali
🛒	Shopee: Pura Pura Ponsel
—
Kualitas Tidak Pernah Pura Pura

#iPhone13 #iPhone15 #PromoiPhone #GadgetImpian #Apple #iphonebali #iphonedenpasar #purapuraponsel",0,"02/12/2025 01:13",https://www.instagram.com/p/DF96HVjRKfL/,"IG carousel",,Lifetime,19432,9672,115,10,0,6,13
18039492809142374,17841414051683694,purapura.ponsel,"Pura Pura Ponsel","Setiap hal baik pasti ada buruknya
Begitu juga sebaliknya, hal buruk sekalipun pasti akan ada baiknya
Maka janganlah terlalu cepat berburuk sangka kepada orang.

Info toko ponsel terlengkap yang menjual macbook, ipad, iwatch dll cuma di @purapura.ponsel 
Unit resmi indonesia bergaransi seumur hidup
Yuk mampir ke toko andalan mimin ini dapatkan harga diskon tiap hari🔥

By : @arthadashing_ 

#Purapuraponsel #iphonedenpasar #jawabali #komedi #bali #arthadashing",82,"02/12/2025 05:02",https://www.instagram.com/reel/DF-PoKGyvmj/,"IG reel",,Lifetime,137044,96296,2349,21,12,17,36
18030781646304360,17841414051683694,purapura.ponsel,"Pura Pura Ponsel","Sebaik - baiknya manusia, pasti ada saja oknum yang menyampingkan kepercayaannya dan lebih menjalankan ego nya

Jawa Bali hadir untuk menunjukan seberapa erat dan indahnya Toleransi🤍

Seperti toko andalan mimin @purapura.ponsel yang selalu mengutamakan kualitas agar kepercayaan customer abadi.

selain itu kalian juga bisa tukar tambah dari iphone seri apapun, dan tentunya bisa kredit dengan promo bunga dan DP 0%
yuk buruan merapat ke Pura Pura Ponsel

———
Info Lebih Lanjut ✨
(Click Link on Bio)

📍	Jl. Kroya No. 3, Kesiman, Denpasar
⏰	Open Everyday 09:00 - 22:00 WIB⁣⁣⁣⁣⁣⁣⁣⁣⁣⁣⁣⁣⁣⁣⁣⁣⁣⁣⁣⁣⁣⁣⁣⁣⁣⁣⁣⁣⁣⁣
📲	Admin : 081237200400
🛒	Tokopedia: Pura Pura Ponsel Bali
🛒	Shopee: Pura Pura Ponsel 
—
Kualitas Tidak Pernah Pura Pura

#iPhone13 #iPhone15 #PromoiPhone #GadgetImpian #Apple #iphonebali #iphonedenpasar #purapuraponsel",78,"02/15/2025 00:36",https://www.instagram.com/reel/DGFjvbNy25F/,"IG reel",,Lifetime,82264,66187,1004,38,9,14,39
18035792540605565,17841414051683694,purapura.ponsel,"Pura Pura Ponsel","Pre Order & Launching Samsung Galaxy S25 Terbaru

Rasakan pengalaman menggunakan smartphone yang lebih canggih dengan Samsung Galaxy S25 Series.
Kamera super jernih, performa ngebut, dan desain yang elegan.
Pre-order sekarang dan buktikan sendiri!

———
Info Lebih Lanjut ✨
(Click Link on Bio)

📍	Jl. Kroya No. 3, Kesiman, Denpasar
⏰	Open Everyday 09:00 - 22:00 WIB⁣⁣⁣⁣⁣⁣⁣⁣⁣⁣⁣⁣⁣⁣⁣⁣⁣⁣⁣⁣⁣⁣⁣⁣⁣⁣⁣⁣⁣⁣
📲	Admin : 081237200400
🛒	Tokopedia: Pura Pura Ponsel Bali
🛒	Shopee: Pura Pura Ponsel
—
Kualitas Tidak Pernah Pura Pura

#SamsungS25 #InovasiTanpaBatas #SmartphoneCanggih #iphonebali #iphonedenpasar #purapuraponsel",0,"02/15/2025 02:03",https://www.instagram.com/p/DGFuOjJsgjw/,"IG carousel",,Lifetime,12358,7041,32,2,0,2,3
18067135672702567,17841414051683694,purapura.ponsel,"Pura Pura Ponsel","Ada yang pernah ngalamin juga gak kayak temen mimin satu ini?
biar nggak salah sangka, beli hp ya sudah pasti di Pura Pura Ponsel
ready iPhone baru dan second ada juga android loh
dan pastinya bergaransi 😋

———
Info Lebih Lanjut ✨
(Click Link on Bio)

📍 Jl. Kroya No. 3, Kesiman, Denpasar
⏰ Open Everyday 09:00 - 22:00 WIB⁣⁣⁣⁣⁣⁣⁣⁣⁣⁣⁣⁣⁣⁣⁣⁣⁣⁣⁣⁣⁣⁣⁣⁣⁣⁣⁣⁣⁣⁣
📲 Admin : 081237200400
🛒 Tokopedia: Pura Pura Ponsel Bali
🛒 Shopee: Pura Pura Ponsel 
—
Kualitas Tidak Pernah Pura Pura

#iPhone13 #iPhone15 #PromoiPhone #GadgetImpian #Apple #iphonebali #iphonedenpasar #purapuraponsel",14,"02/15/2025 23:01",https://www.instagram.com/reel/DGH-K9FM8LZ/,"IG reel",,Lifetime,25333,16036,162,4,7,2,3
17977600634813351,17841400038483632,nix.doni,IPutuDoniAdiAnggara,"gass hari terahir promo valentin di @purapura.ponsel  ton dan ada  cashback hingga 1 jt 😱❤️🙏#purapuraponsel #semetonlele #omdonilele #mandikopi #fyp #kumislele #kumislele #kopibali #valentinesday",20,"02/16/2025 00:46",https://www.instagram.com/reel/DGIJ-FLv_gg/,"IG reel",,Lifetime,15294,10345,132,2,2,0,0
17896127913062855,17841414051683694,purapura.ponsel,"Pura Pura Ponsel","Kecil bukan sembarang kecil nih,
tapi kalau mau yang besar-besar langsung ke Pura Pura Ponsel
karena lagi ada promo potongan harga besar-besaran
yakali ketinggalan lagi promo dari Pura Pura Ponsel 😋

———
Info Lebih Lanjut ✨
(Click Link on Bio)

📍 Jl. Kroya No. 3, Kesiman, Denpasar
⏰ Open Everyday 09:00 - 22:00 WIB⁣⁣⁣⁣⁣⁣⁣⁣⁣⁣⁣⁣⁣⁣⁣⁣⁣⁣⁣⁣⁣⁣⁣⁣⁣⁣⁣⁣⁣⁣
📲 Admin : 081237200400
🛒 Tokopedia: Pura Pura Ponsel Bali
🛒 Shopee: Pura Pura Ponsel 
—
Kualitas Tidak Pernah Pura Pura

#iPhone13 #iPhone15 #PromoiPhone #GadgetImpian #Apple #iphonebali #iphonedenpasar #purapuraponsel",19,"02/16/2025 23:01",https://www.instagram.com/reel/DGKi7kbI6Ln/,"IG reel",,Lifetime,43324,28552,446,8,1,4,9
17929179101904513,17841414051683694,purapura.ponsel,"Pura Pura Ponsel","Iphone 16 belum masuk ini udah mau keluar lagi nih iphone SE gen 4
mimin jadi sedih

———
Info Lebih Lanjut ✨
(Click Link on Bio)

📍	Jl. Kroya No. 3, Kesiman, Denpasar
⏰	Open Everyday 09:00 - 22:00 WIB⁣⁣⁣⁣⁣⁣⁣⁣⁣⁣⁣⁣⁣⁣⁣⁣⁣⁣⁣⁣⁣⁣⁣⁣⁣⁣⁣⁣⁣⁣
📲	Admin : 081237200400
🛒	Tokopedia: Pura Pura Ponsel Bali
🛒	Shopee: Pura Pura Ponsel 
—
Kualitas Tidak Pernah Pura Pura

#iPhone13 #iPhone15 #PromoiPhone #GadgetImpian #Apple #iphonebali #iphonedenpasar #purapuraponsel",0,"02/18/2025 04:45",https://www.instagram.com/p/DGNvK_Mplpa/,"IG carousel",,Lifetime,36605,18089,321,42,0,20,14
17884423023127975,17841414051683694,purapura.ponsel,"Pura Pura Ponsel","Kukira SE ternyata 16E

Spesifikasi mirip iphone 15 tapi harga lebih murah, kalian tertarik nggak nih kalau sudah ready di toko mimin?
komen dibawah ya 😊

———
Info Lebih Lanjut ✨
(Click Link on Bio)

📍	Jl. Kroya No. 3, Kesiman, Denpasar
⏰	Open Everyday 09:00 - 22:00 WIB⁣⁣⁣⁣⁣⁣⁣⁣⁣⁣⁣⁣⁣⁣⁣⁣⁣⁣⁣⁣⁣⁣⁣⁣⁣⁣⁣⁣⁣⁣
📲	Admin : 081237200400
🛒	Tokopedia: Pura Pura Ponsel Bali
🛒	Shopee: Pura Pura Ponsel 
—
Kualitas Tidak Pernah Pura Pura

#iPhone13 #iPhone15 #PromoiPhone #GadgetImpian #Apple #iphonebali #iphonedenpasar #purapuraponsel",0,"02/20/2025 02:38",https://www.instagram.com/p/DGSqNkSO4gO/,"IG carousel",,Lifetime,25568,13306,134,13,0,2,5
18050275553180596,17841414051683694,purapura.ponsel,"Pura Pura Ponsel","Kalian suka boba yang gede atau boba yang kecil nih?
serupa tapi tak sama nih si iphone 11 dan iphone 16
kalau kalian lebih pilih yang mana nih?

———
Info Lebih Lanjut ✨
(Click Link on Bio)

📍 Jl. Kroya No. 3, Kesiman, Denpasar
⏰ Open Everyday 09:00 - 22:00 WIB⁣⁣⁣⁣⁣⁣⁣⁣⁣⁣⁣⁣⁣⁣⁣⁣⁣⁣⁣⁣⁣⁣⁣⁣⁣⁣⁣⁣⁣⁣
📲 Admin : 081237200400
🛒 Tokopedia: Pura Pura Ponsel Bali
🛒 Shopee: Pura Pura Ponsel 
—
Kualitas Tidak Pernah Pura Pura

#iPhone13 #iPhone15 #PromoiPhone #GadgetImpian #Apple #iphonebali #iphonedenpasar #purapuraponsel",26,"02/22/2025 23:01",https://www.instagram.com/reel/DGZ_vdBIf3q/,"IG reel",,Lifetime,23646,14194,176,22,5,3,6
18060262642969210,17841414051683694,purapura.ponsel,"Pura Pura Ponsel","Buat kalian nih yang masih sering telat-telat
mimin saranin buat pakai jam aja deh, selain untuk pengingat waktu bisa juga jadi penunjang kegiatan kalian sehari-hari.
contohnya apple watch nih, masak hp iphone nggak pakai apple watch RUDI DONG!!

———
Info Lebih Lanjut ✨
(Click Link on Bio)

📍 Jl. Kroya No. 3, Kesiman, Denpasar
⏰ Open Everyday 09:00 - 22:00 WIB⁣⁣⁣⁣⁣⁣⁣⁣⁣⁣⁣⁣⁣⁣⁣⁣⁣⁣⁣⁣⁣⁣⁣⁣⁣⁣⁣⁣⁣⁣
📲 Admin : 081237200400
🛒 Tokopedia: Pura Pura Ponsel Bali
🛒 Shopee: Pura Pura Ponsel 
—
Kualitas Tidak Pernah Pura Pura

#iPhone13 #iPhone15 #PromoiPhone #GadgetImpian #Apple #iphonebali #iphonedenpasar #purapuraponsel",0,"02/23/2025 01:00",https://www.instagram.com/p/DGaNZleMyvL/,"IG carousel",,Lifetime,9972,5443,23,0,0,0,0
18034301963254914,17841414051683694,purapura.ponsel,"Pura Pura Ponsel","Hp ngelag emang bisa bikin kalian emosi, dari pada emosi hp ngelag mulu
mending kredit aja ke Pura Pura Ponsel
lagi ada promo Tanpa DP dan free 1 kali cicilan

selain itu kalian juga bisa tukar tambah handphone lama kalian ke seri yang lebih baru hehe

———
Info Lebih Lanjut ✨
(Click Link on Bio)

📍 Jl. Kroya No. 3, Kesiman, Denpasar
⏰ Open Everyday 09:00 - 22:00 WIB⁣⁣⁣⁣⁣⁣⁣⁣⁣⁣⁣⁣⁣⁣⁣⁣⁣⁣⁣⁣⁣⁣⁣⁣⁣⁣⁣⁣⁣⁣
📲 Admin : 081237200400
🛒 Tokopedia: Pura Pura Ponsel Bali
🛒 Shopee: Pura Pura Ponsel 
—
Kualitas Tidak Pernah Pura Pura

#iPhone13 #iPhone15 #PromoiPhone #GadgetImpian #Apple #iphonebali #iphonedenpasar #purapuraponsel",35,"02/23/2025 23:01",https://www.instagram.com/reel/DGckijNNSIO/,"IG reel",,Lifetime,8539,5903,49,2,0,0,2
17903572056106619,17841414051683694,purapura.ponsel,"Pura Pura Ponsel","Siapa nih yang udah nunggu banget untuk iphone 16 resmi masuk ke indonesia
Walaupun telat beberapa bulan tapi mimin masih setia nih nungguin biar bisa sampai di toko mimin 😍

———
Info Lebih Lanjut ✨
(Click Link on Bio)

📍	Jl. Kroya No. 3, Kesiman, Denpasar
⏰	Open Everyday 09:00 - 22:00 WIB⁣⁣⁣⁣⁣⁣⁣⁣⁣⁣⁣⁣⁣⁣⁣⁣⁣⁣⁣⁣⁣⁣⁣⁣⁣⁣⁣⁣⁣⁣
📲	Admin : 081237200400
🛒	Tokopedia: Pura Pura Ponsel Bali
🛒	Shopee: Pura Pura Ponsel
—
Kualitas Tidak Pernah Pura Pura

#iPhone13 #iPhone16 #PromoiPhone #GadgetImpian #Apple #iphonebali #iphonedenpasar #purapuraponsel",0,"02/26/2025 01:56",https://www.instagram.com/p/DGiCPXPSUE3/,"IG carousel",,Lifetime,12864,5702,73,4,0,0,0
18193331881307480,17841403237713917,telagabagus,"TELAGA BAGUS","Kebiasaan setiap orang ketika menyuruh selalu dengan nada tinggi, maka ini lah yang akan terjadi🤣

Semeton yang mau nyari busana ada terlengkap dan harga terjandkau yuk ke @telagabagus dan semeton yang ingin beli handphone terlengkap, bisa kredit bunga 0% tanpa DP, Bisa tukar tambah juga dari hp lama tipe apapun ke hp yang baru dan itu cuma kalian bisa dapetin di @purapura.ponsel 🔥

TELAGA BAGUS X PURA PURA PONSEL !!

By : @arthadashing_ 

#telagabagus #purapuraponsel",90,"02/27/2025 04:02",https://www.instagram.com/reel/DGkzvbUP0pt/,"IG reel",,Lifetime,165515,114617,1645,38,20,13,0
17925739323030356,17841414051683694,purapura.ponsel,"Pura Pura Ponsel","emang iya Gen Z nggak mau pakai android?
Spesial buat kalian para Gen Z
mimin kasi harga spesial nih, buruan deh mampir ke toko minpur
dijamin nggak bikin kantong bolong hehe 😜

———
Info Lebih Lanjut ✨
(Click Link on Bio)

📍	Jl. Kroya No. 3, Kesiman, Denpasar
⏰	Open Everyday 09:00 - 22:00 WIB⁣⁣⁣⁣⁣⁣⁣⁣⁣⁣⁣⁣⁣⁣⁣⁣⁣⁣⁣⁣⁣⁣⁣⁣⁣⁣⁣⁣⁣⁣
📲	Admin : 081237200400
🛒	Tokopedia: Pura Pura Ponsel Bali
🛒	Shopee: Pura Pura Ponsel
—
Kualitas Tidak Pernah Pura Pura

#iphone #applestore #iphonebali #iphonedenpasar #purapuraponsel #ios18 #appleevent #iphone16 #iphone16pro #1212",0,"02/27/2025 04:08",https://www.instagram.com/p/DGk2D0OyZ0j/,"IG carousel",,Lifetime,15409,6857,81,3,1,3,4
18050829761332407,17841414051683694,purapura.ponsel,"Pura Pura Ponsel","Viral !! Pertama Kali Dan Satu - Satunya Toko Handphone Di Denpasar Ini Memberikan Hadiah 1 Ekor SAMPI Ke Customernya😱

Special Grand Opening Toko Ke 2 @purapura.ponsel Di Monang Maning Pada Tanggal 8 Maret 2025, Akan Ada Banyak Hadiah & Cash Back Total Puluhan Juta Rupiah.

Dari Tanggal 8 - 15 Maret Setiap Pembelian Iphone Akan Mendapatkan Free Airpods Pro Dan Kupon Yang Berkesempatan Memenangkan Hadiah 1 Ekor Sampi, Hanphone, Dan Jutaan Rupiah Hadiah Lainnya, Dan Pemenang Akan Di Undi Di Live Instgram Pura Pura Ponsel Di Tanggal 25 Maret 2025🔥",0,"03/01/2025 05:14",https://www.instagram.com/p/DGqHOgDSZ7p/,"IG image",,Lifetime,197952,95766,425,38,72,19,6
18285450964222075,17841400038483632,nix.doni,IPutuDoniAdiAnggara,"TOKO PONSEL PERTAMA DI DENPASAR YANG MEMBERIKAN HADIAH SAMPI🐂😱
Special Grand Opening Toko Ke 2 @purapura.ponsel Di Monang Maning Pada Tanggal 8 Maret 2025, Akan Ada Banyak Hadiah & Cash Back Total Puluhan Juta Rupiah.
•
•
•
#purapuraponsel #semetonlele #omdonilele #mandikopi #fyp #kumislele #kopibali #purapuraponsel #info #sampi #ngarit",28,"03/02/2025 02:50",https://www.instagram.com/reel/DGsbQxMPbbL/,"IG reel",,Lifetime,16781,11017,159,6,3,0,0
18037846502388813,17841414051683694,purapura.ponsel,"Pura Pura Ponsel","VIRAL !! Kejadian tadi sore di MONANG MANING😱
Ditemukan seekor SAMPI yang menerobos ke dalam toko ponsel !!

Special Grand Opening @purapura.ponsel Akan Ada Hadiah SAMPI!! Beneran Sampi ton, yuk kepoin",35,"03/04/2025 06:48",https://www.instagram.com/reel/DGyANeGzCHd/,"IG reel",,Lifetime,99433,67202,454,0,5,0,10
18164127580331390,17841414051683694,purapura.ponsel,"Pura Pura Ponsel","Buat kalian nih yang lagi kuliah atau masih sekolah males bawa laptop kemana-mana karena berat?
mimin saranin buat ambil iPad aja nih, dan mimin juga kasi rekomendasi iPad yang Wothit nih buat kalian pakai untuk membantu kegiatan belajar kalian sehari-hari hehe
———
Info Lebih Lanjut ✨
(Click Link on Bio)

📍	Jl. Kroya No. 3, Kesiman, Denpasar
⏰	Open Everyday 09:00 - 22:00 WIB⁣⁣⁣⁣⁣⁣⁣⁣⁣⁣⁣⁣⁣⁣⁣⁣⁣⁣⁣⁣⁣⁣⁣⁣⁣⁣⁣⁣⁣⁣
📲	Admin : 081237200400
🛒	Tokopedia: Pura Pura Ponsel Bali
🛒	Shopee: Pura Pura Ponsel
—
Kualitas Tidak Pernah Pura Pura

#iphone #applestore #iphonebali #iphonedenpasar #purapuraponsel",0,"03/04/2025 23:37",https://www.instagram.com/p/DGzz2mHT26f/,"IG carousel",,Lifetime,11343,6339,26,2,0,0,4
18109804393461461,17841414051683694,purapura.ponsel,"Pura Pura Ponsel","YOU ARE INVITED
selamat buat kamu, berkesempatan memenangkan 1 ekor SAMPI
kapan lagi beli Handphone gratis SAMPI

ada juga Beli 1 Handphone GRATIS 1 Handphone loh
gak cukup sampai disitu, masih ada hadiah menarik lainnya
seperti

- Airpods
- Aksesoris
- Merchandise
- Voucher belanja

total hadiah puluhan juta rupiah
jangan lupa mampir ke acara
GRAND OPENING
Pura Pura Ponsel Cabang Munang Maning
Tanggal 8 Maret 2025

🐮 : MMOOWWWWWW

———
Info Lebih Lanjut ✨
(Click Link on Bio)

📍	Jl. Kroya No. 3, Kesiman, Denpasar
📍	Jl. Subur No. 4, Pemecetuan Klod, Denpasar
⏰	Open Everyday 09:00 - 22:00 WIB⁣⁣⁣⁣⁣⁣⁣⁣⁣⁣⁣⁣⁣⁣⁣⁣⁣⁣⁣⁣⁣⁣⁣⁣⁣⁣⁣⁣⁣⁣
📲	Admin : 081237200400
🛒	Tokopedia: Pura Pura Ponsel Bali
🛒	Shopee: Pura Pura Ponsel
—
Kualitas Tidak Pernah Pura Pura

#iphone #applestore #iphonebali #iphonedenpasar #purapuraponsel",0,"03/05/2025 22:10",https://www.instagram.com/p/DG2Oq56RSCl/,"IG carousel",,Lifetime,170546,63034,443,59,132,8,70
18156996064345313,17841414051683694,purapura.ponsel,"Pura Pura Ponsel","kalian pengguna iPhone?
ini nih aksesoris yang wajib kalian punya

kalau kalain mau cari aksesoris untuk handphone kalian, bisa langsung ke toko mimin ya
———
Info Lebih Lanjut ✨
(Click Link on Bio)

📍	Jl. Kroya No. 3, Kesiman, Denpasar
⏰	Open Everyday 09:00 - 22:00 WIB⁣⁣⁣⁣⁣⁣⁣⁣⁣⁣⁣⁣⁣⁣⁣⁣⁣⁣⁣⁣⁣⁣⁣⁣⁣⁣⁣⁣⁣⁣
📲	Admin : 081237200400
🛒	Tokopedia: Pura Pura Ponsel Bali
🛒	Shopee: Pura Pura Ponsel
—
Kualitas Tidak Pernah Pura Pura

#iphone #applestore #iphonebali #iphonedenpasar #purapuraponsel",0,"03/08/2025 22:05",https://www.instagram.com/p/DG98hiJTmQ1/,"IG carousel",,Lifetime,10581,5309,33,1,0,0,4
18386805970117013,17841414051683694,purapura.ponsel,"Pura Pura Ponsel","Prank nyari sampi😱😱🤣😭

Cuma di @purapura.ponsel toko ponsel pertama di Bali yang menghadiahkan 1 ekor SAMPI ke customernya!
Special Grand Opening Pura Pura Ponsel Cabang Monang Maning banyak hadiah puluhan juta, free airpods setiap pembelian handphone apapun itu tipenya tanpa di undi guys🔥🔥

By : @arthadashing_ 

#purapuraponsel",83,"03/09/2025 05:55",https://www.instagram.com/reel/DG-rOgwTp6S/,"IG reel",,Lifetime,107369,79157,805,21,6,7,16
18040186982414338,17841414051683694,purapura.ponsel,"Pura Pura Ponsel","mimin sampi kaget 😱

———
Info Lebih Lanjut ✨
(Click Link on Bio)

📍 Jl. Kroya No. 3, Kesiman, Denpasar
📍 Jl. Subur No. 4, Pemecutan Klod, Denpasar
⏰ Open Everyday 09:00 - 22:00 WIB⁣⁣⁣⁣⁣⁣⁣⁣⁣⁣⁣⁣⁣⁣⁣⁣⁣⁣⁣⁣⁣⁣⁣⁣⁣⁣⁣⁣⁣⁣
📲 Admin : 081237200400
🛒 Tokopedia: Pura Pura Ponsel Official
🛒 Shopee: Pura Pura Ponsel
—
Kualitas Tidak Pernah Pura Pura

#iphone #applestore #iphonebali #iphonedenpasar #purapuraponsel",29,"03/12/2025 03:00",https://www.instagram.com/reel/DHGFyeDTQ_Y/,"IG reel",,Lifetime,9260,7085,42,1,0,0,2
18076646803610286,17841414051683694,purapura.ponsel,"Pura Pura Ponsel","Yuk buruan ke warung mimin siapa cepat dia dapat, stock terbatas

Di tengah sulitnya mendapatkan iPhone 16 series di pasaran, kami hadir membawa kabar gembira! Stok terbatas iPhone 16 series kini tersedia di Pura Pura Ponsel

———
Info Lebih Lanjut ✨
(Click Link on Bio)

📍Jl. Kroya No. 3, Kesiman, Denpasar
📍Jl. Subur No. 4 Pemecutan Klod, Denpasar Barat 
⏰ Open Everyday 09:00 - 22:00 WIB⁣⁣⁣⁣⁣⁣⁣⁣⁣⁣⁣⁣⁣⁣⁣⁣⁣⁣⁣⁣⁣⁣⁣⁣⁣⁣⁣⁣⁣⁣
📲 Admin : 081237200400
🛒 Tokopedia: Pura Pura Ponsel Bali
🛒 Shopee: Pura Pura Ponsel
—
Kualitas Tidak Pernah Pura Pura

#iphone #applestore #iphonebali #iphonedenpasar #purapuraponsel",0,"03/13/2025 23:04",https://www.instagram.com/p/DHK0Yp9zDjL/,"IG carousel",,Lifetime,39036,20357,301,183,7,17,37
18065370901935131,17841414051683694,purapura.ponsel,"Pura Pura Ponsel","Perbedaan bukan lagi menjadi tolak ukur untuk kita berbuat baik, berbuat baiklah di manapun itu tempatnya, tanpa memandang keyakinan ataupun kepercayaan, maka akan terciptalah TOLERANSI❤️
.
Beli hanphone berhadiah SAMPI!! Cuma di @purapura.ponsel ,sepecial Opening Pura Pura Ponsel Munang Maning ada banyak kejutan, salah satunya spin yang berhadiah handphone langsung dan puluhan juta hadiah menarik lainnya tanpa di undi👍❤️

By : @arthadashing_ 

#purapuraponsel #jawabalipurapuraponsel",98,"03/16/2025 04:24",https://www.instagram.com/reel/DHQgfC6TZ6t/,"IG reel",,Lifetime,79698,67303,1376,59,15,17,24
18047224094343394,17841414051683694,purapura.ponsel,"Pura Pura Ponsel","""Hayo tebak siapa yang jadi delem atau sangut nih ges ? 😱
Udah jangan pusing, mending langsung datang ke store minpur 
Selain pusing milih Handphone juga pusing dengan banyak promo spesialnya 😜
Gaskan ke store 🚀😍

———
Info Lebih Lanjut ✨
(Click Link on Bio)

📍 Jl. Kroya No. 3, Kesiman, Denpasar
📍 Jl. Subur No. 4, Pemecutan Klod, Denpasar
⏰ Open Everyday 09:00 - 22:00 WIB⁣⁣⁣⁣⁣⁣⁣⁣⁣⁣⁣⁣⁣⁣⁣⁣⁣⁣⁣⁣⁣⁣⁣⁣⁣⁣⁣⁣⁣⁣
📲 Admin : 081237200400
🛒 Tokopedia: Pura Pura Ponsel Official
🛒 Shopee: Pura Pura Ponsel
—
Kualitas Tidak Pernah Pura Pura

#iphone #applestore #iphonebali #iphonedenpasar #purapuraponsel""",64,"03/17/2025 00:01",https://www.instagram.com/reel/DHSpPQCszqp/,"IG reel",,Lifetime,13159,8469,99,7,0,0,1
18078605467663601,17841414051683694,purapura.ponsel,"Pura Pura Ponsel","""Nahloh, ada yang mau ngalamin kejadian kayak diatas ga ges ? 
Mimin sih mau ya, udah jatuh dapat handphone sama SAMPI pula 😃
Dimana lagi kalau bukan di Pura Pura Ponsel
Yuk gaskan ke store 😃🚀

———
Info Lebih Lanjut ✨
(Click Link on Bio)

📍 Jl. Kroya No. 3, Kesiman, Denpasar
📍 Jl. Subur No. 4, Pemecutan Klod, Denpasar
⏰ Open Everyday 09:00 - 22:00 WIB⁣⁣⁣⁣⁣⁣⁣⁣⁣⁣⁣⁣⁣⁣⁣⁣⁣⁣⁣⁣⁣⁣⁣⁣⁣⁣⁣⁣⁣⁣
📲 Admin : 081237200400
🛒 Tokopedia: Pura Pura Ponsel Official
🛒 Shopee: Pura Pura Ponsel
—
Kualitas Tidak Pernah Pura Pura

#iphone #applestore #iphonebali #iphonedenpasar #purapuraponsel""",13,"03/18/2025 00:01",https://www.instagram.com/reel/DHVOALiOJFz/,"IG reel",,Lifetime,33724,17843,265,5,1,8,1
18061027985064674,17841414051683694,purapura.ponsel,"Pura Pura Ponsel","""Kalian pengguna iphone ? sudah pakai Macbook belum ?
Nah, minpur ada beberapa gambaran nich alasan kenapa pengguna Iphone lebih baik menggunakan Macbook.
yang pastinya minpur juga menyediakan kualitas dan penawaran terbaik 🤩
Yuk gaskan ke store 🤩🚀

———
Info Lebih Lanjut ✨
(Click Link on Bio)

📍 Jl. Kroya No. 3, Kesiman, Denpasar Timur
📍 Jl. Subur No. 4, Pemecutan Klod, Denpasar Barat
⏰ Open Everyday 09:00 - 22:00 WIB⁣⁣⁣⁣⁣⁣⁣⁣⁣⁣⁣⁣⁣⁣⁣⁣⁣⁣⁣⁣⁣⁣⁣⁣⁣⁣⁣⁣⁣⁣
📲 Admin : 081237200400
🛒 Tokopedia: Pura Pura Ponsel Bali
🛒 Shopee: Pura Pura Ponsel
—
Kualitas Tidak Pernah Pura Pura

#iphone #applestore #iphonebali #iphonedenpasar #purapuraponsel #macbook #ios""",0,"03/18/2025 00:39",https://www.instagram.com/p/DHVSaBETGom/,"IG carousel",,Lifetime,8660,4391,28,1,0,0,1
18307106929225844,17841400038483632,nix.doni,IPutuDoniAdiAnggara,"otw kesangefestival nagbo sampi karena promo sampi masih berlaku sampek tgl 20 🐂🙌
@purapura.ponsel 
•
•
•
#purapuraponsel #semetonlele #mandikopi #fyp #kopibali #sampi #kesangefestival",25,"03/18/2025 03:07",https://www.instagram.com/reel/DHVjGd4Ps_D/,"IG reel",,Lifetime,44527,27401,453,7,0,0,0
18043523375123447,17841414051683694,purapura.ponsel,"Pura Pura Ponsel","PROMO SPESIAL❗️
Buat kalian yang cari Iphone brand new atau second
jangan khawatir Pura Pura Ponsel lagi mengadakan promo spesial Hari Raya. 
Dengan harga yang ramah dikantong dan pastinya kualitas tidak perlu diragukan lagi 🤩
Kami juga menerima tukar tambah dari series X, bahkan dari seri lebih lama lagi
Tukar tambah iPhone dengan Android? Bisa banget dong
Jadi tunggu apalagi ? bisa gres gres ke store minpur ya ges 🤩🚀

buat kalian yang nggak bisa datang ke toko bisa checkout di toko online Minpur ya ada cashback hingga jutaan rupiah 😱
pengiriman cepat, dijamin aman sampai tujuan

———
Info Lebih Lanjut ✨
(Click Link on Bio)

📍Jl. Kroya No. 3, Kesiman, Denpasar
📍Jl. Subur No. 4 Pemecutan Klod, Denpasar Barat
⏰ Open Everyday 09:00 - 22:00 WIB⁣⁣⁣⁣⁣⁣⁣⁣⁣⁣⁣⁣⁣⁣⁣⁣⁣⁣⁣⁣⁣⁣⁣⁣⁣⁣⁣⁣⁣⁣
📲 Admin : 081237200400
🛒 Tokopedia: Pura Pura Ponsel Official
🛒 Shopee: Pura Pura Ponsel
—
Kualitas Tidak Pernah Pura Pura

#iphone #applestore #iphonebali #iphonedenpasar #purapuraponsel",0,"03/20/2025 06:15",https://www.instagram.com/p/DHbCgYxTIm8/,"IG carousel",,Lifetime,47253,24229,256,76,31,5,80
18059997218085211,17841414051683694,purapura.ponsel,"Pura Pura Ponsel","Wih tawaran yang menarik 🤭
Kira - kira tawarannya diterimaa ga ya ges ? bantu kasi saran ke kakanya dong dengan cara berbelanja ke store minpur yaa
Jangan lupa serbu promo spesial dari minpur, ingat SERBUUU !! 🤩🚀🚀

By : @arthadashing_ 

———
Info Lebih Lanjut ✨
(Click Link on Bio)

📍 Jl. Kroya No. 3, Kesiman, Denpasar
📍 Jl. Subur No. 4, Pemecutan Klod, Denpasar
⏰ Open Everyday 09:00 - 22:00 WIB⁣⁣⁣⁣⁣⁣⁣⁣⁣⁣⁣⁣⁣⁣⁣⁣⁣⁣⁣⁣⁣⁣⁣⁣⁣⁣⁣⁣⁣⁣
📲 Admin : 081237200400
🛒 Tokopedia: Pura Pura Ponsel Official
🛒 Shopee: Pura Pura Ponsel
—
Kualitas Tidak Pernah Pura Pura

#iphone #applestore #iphonebali #iphonedenpasar #purapuraponsel #iphone16",71,"03/21/2025 00:03",https://www.instagram.com/reel/DHc8YpXTkKW/,"IG reel",,Lifetime,91788,68846,858,19,12,5,27
17889389802214553,17841414051683694,purapura.ponsel,"Pura Pura Ponsel","""READY STOCK
iPhone 16 Series, Stock Terbatas

———
Info Lebih Lanjut ✨
(Click Link on Bio)

📍Jl. Kroya No. 3, Kesiman, Denpasar
📍Jl. Subur No. 4 Pemecutan Klod, Denpasar Barat
⏰ Open Everyday 09:00 - 22:00 WIB⁣⁣⁣⁣⁣⁣⁣⁣⁣⁣⁣⁣⁣⁣⁣⁣⁣⁣⁣⁣⁣⁣⁣⁣⁣⁣⁣⁣⁣⁣
📲 Admin : 081237200400
🛒 Tokopedia: Pura Pura Ponsel Official
🛒 Shopee: Pura Pura Ponsel
—
Kualitas Tidak Pernah Pura Pura

#iphone #applestore #iphonebali #iphonedenpasar #purapuraponsel""",0,"03/21/2025 22:20",https://www.instagram.com/p/DHfVp8Yuk-z/,"IG carousel",,Lifetime,95311,42496,195,51,47,3,23
17932818597007319,17841414051683694,purapura.ponsel,"Pura Pura Ponsel","""Don't judge book by cover'
Nah, diingat ingat kata mimin ya ges, siapa tahu endingnya kayak video yang diatas *eh 
Diambil positifnya saja ya ges 😌✌🏻

———
Info Lebih Lanjut ✨
(Click Link on Bio)

📍 Jl. Kroya No. 3, Kesiman, Denpasar
📍 Jl. Subur No. 4, Pemecutan Klod, Denpasar
⏰ Open Everyday 09:00 - 22:00 WIB⁣⁣⁣⁣⁣⁣⁣⁣⁣⁣⁣⁣⁣⁣⁣⁣⁣⁣⁣⁣⁣⁣⁣⁣⁣⁣⁣⁣⁣⁣
📲 Admin : 081237200400
🛒 Tokopedia: Pura Pura Ponsel Official
🛒 Shopee: Pura Pura Ponsel
—
Kualitas Tidak Pernah Pura Pura

#iphone #applestore #iphonebali #iphonedenpasar #purapuraponsel #iphone16""",71,"03/22/2025 03:31",https://www.instagram.com/reel/DHf5LXbME0X/,"IG reel",,Lifetime,13944,9131,103,1,2,5,0
17844240561438330,17841414051683694,purapura.ponsel,"Pura Pura Ponsel","Hari yang kami nanti nanti, akhirnya terwujud di Hari Sabtu, 8 Maret 2025. 🤩
Selamat ! Cabang kedua kami di Munang Maning, Denpasar Barat, resmi dibuka !
Mari Bergabung dengan kami dalam merayakan awal baru ini dengan berbagai promo spesial dan suasana yang nyaman menyenangkan 😍✌🏻

Jangan lewatkan promo spesial bulan ini ya ges ya, yuk merapat ke store Munang Maning ! 🚀

———
Info Lebih Lanjut ✨
(Click Link on Bio)

📍 Jl. Kroya No. 3, Kesiman, Denpasar Timur
📍 Jl. Subur No. 4, Pemecutan Klod, Denpasar Barat
⏰ Open Everyday 09:00 - 22:00 WIB⁣⁣⁣⁣⁣⁣⁣⁣⁣⁣⁣⁣⁣⁣⁣⁣⁣⁣⁣⁣⁣⁣⁣⁣⁣⁣⁣⁣⁣⁣
📲 Admin : 081237200400
🛒 Tokopedia: Pura Pura Ponsel Official
🛒 Shopee: Pura Pura Ponsel
—
Kualitas Tidak Pernah Pura Pura

#iphone #applestore #iphonebali #iphonedenpasar #purapuraponsel #iphone16",120,"03/23/2025 03:04",https://www.instagram.com/reel/DHia8Xis3R6/,"IG reel",,Lifetime,10499,6959,64,1,4,4,3
18490428271043542,17841414051683694,purapura.ponsel,"Pura Pura Ponsel","HAYOOO
Orang yang beda apa gimana ya ges ? 😂
Bisa dikali dua lagi, dengan cara ? datang ke store ya ges 
Setiap pembelian handphone berkesempatan mendapatkan free spin yang hadiahnya berupa handphone hingga cashback jutaan rupiah 
Yuk Gaskan ke store 🤩🚀 

———
Info Lebih Lanjut ✨
(Click Link on Bio)

📍 Jl. Kroya No. 3, Kesiman, Denpasar Timur
📍 Jl. Subur No. 4, Pemecutan Klod, Denpasar Barat
⏰ Open Everyday 09:00 - 22:00 WIB⁣⁣⁣⁣⁣⁣⁣⁣⁣⁣⁣⁣⁣⁣⁣⁣⁣⁣⁣⁣⁣⁣⁣⁣⁣⁣⁣⁣⁣⁣
📲 Admin : 081237200400
🛒 Tokopedia: Pura Pura Ponsel Official
🛒 Shopee: Pura Pura Ponsel
—
Kualitas Tidak Pernah Pura Pura

#iphone #applestore #iphonebali #iphonedenpasar #purapuraponsel #iphone16 #samsung #comedy",16,"03/24/2025 01:44",https://www.instagram.com/reel/DHk2PMOzsvY/,"IG reel",,Lifetime,17768,12522,107,1,5,2,0
17965336016895914,17841414051683694,purapura.ponsel,"Pura Pura Ponsel","Layar Super Retina XDR yang menawan, foto malam yang jernih dan performa A14 Bionic yang super cepat! ✨
READY STOCK, iphone 12 Series. always in style, always in focus 🤩✨

———
Info Lebih Lanjut ✨
(Click Link on Bio)

📍Jl. Kroya No. 3, Kesiman, Denpasar Timur
📍Jl. Subur No. 4 Pemecutan Klod, Denpasar Barat
⏰ Open Everyday 09:00 - 22:00 WIB⁣⁣⁣⁣⁣⁣⁣⁣⁣⁣⁣⁣⁣⁣⁣⁣⁣⁣⁣⁣⁣⁣⁣⁣⁣⁣⁣⁣⁣⁣
📲 Admin : 081237200400
🛒 Tokopedia: Pura Pura Ponsel Official
🛒 Shopee: Pura Pura Ponsel
—
Kualitas Tidak Pernah Pura Pura

#iphone #applestore #iphonebali #iphonedenpasar #purapuraponsel #12Promax #iphone12",0,"03/25/2025 00:00",https://www.instagram.com/p/DHnPhVuBIh1/,"IG carousel",,Lifetime,18619,8801,94,13,0,2,13
17987872109796526,17841414051683694,purapura.ponsel,"Pura Pura Ponsel","Sedikit penjelasan singkat mengenai makna dan filosofi dari ogoh - ogoh Br. Munang Maning, sangat menginspirasi🔥
Jangan lupa semeton Iphone 16 Resmi Indonesia akan segera rilis pertama kali di toko Pura Pura Ponsel silahkan di PO ya semeton🙏

Dan Kami segenap keluarga besar @purapura.ponsel dan @sttmekarjaya mengucapkan Selamat Hari Raya Nyepi Tahun Caka 1947, Dumogi Sami Rahayu😇

#purapuraponsel #ogohogoh #bali #nyepi",112,"03/27/2025 23:14",https://www.instagram.com/reel/DHu4WRGzGQh/,"IG reel",,Lifetime,235897,152626,4399,68,10,22,72
18128281924415640,17841414051683694,purapura.ponsel,"Pura Pura Ponsel","ada yg mau open nggak ya di minpur 😋
banyak lebihnya loh dari pada yang lain

✅ Free AirPods
✅ Free Adapter
✅ Free Case dan Tempered Glass
✅ Potongan Harga
✅ Free Backup Data
✅ Bisa Tukar Tambah

dan masih banyak benefit tambahan lainnya 😱

———
Info Lebih Lanjut ✨
(Click Link on Bio)

📍 Jl. Kroya No. 3, Kesiman, Denpasar Timur
📍 Jl. Subur No. 4, Pemecutan Klod, Denpasar Barat
⏰ Open Everyday 09:00 - 22:00 WIB⁣⁣⁣⁣⁣⁣⁣⁣⁣⁣⁣⁣⁣⁣⁣⁣⁣⁣⁣⁣⁣⁣⁣⁣⁣⁣⁣⁣⁣⁣
📲 Admin : 081237200400
🛒 Tokopedia: Pura Pura Ponsel Official
🛒 Shopee: Pura Pura Ponsel
—
Kualitas Tidak Pernah Pura Pura

#iphone #applestore #iphonebali #iphonedenpasar #purapuraponsel #iphone16",37,"03/30/2025 06:19",https://www.instagram.com/reel/DH0yxpdpK5O/,"IG reel",,Lifetime,74148,51991,383,9,5,7,34
17844847842448541,17841414051683694,purapura.ponsel,"Pura Pura Ponsel","Bingung mau Pre-Order iPhone 16 dimana?
meding Pre-Order di Pura Pura Ponsel, emang kenapa harus di Pura Pura Ponsel?
karena Pre-Order iPhone 16 di Pura Pura Ponsel banyak benefitnya

Cukup dengan 300k saja loh 😱

✅ Free AirPods
✅ Free Adapter
✅ Free Case
✅ Free Tempered Glass
✅ Free Backup Data
✅ Free pembuatan iCloud

dan masih banyak lagi 😱
yakali masih milih toko lain, mending cari yang pasti pasti aja
———
Info Lebih Lanjut ✨
(Click Link on Bio)

📍Jl. Kroya No. 3, Kesiman, Denpasar Timur
📍Jl. Subur No. 4 Pemecutan Klod, Denpasar Barat
⏰ Open Everyday 09:00 - 22:00 WIB⁣⁣⁣⁣⁣⁣⁣⁣⁣⁣⁣⁣⁣⁣⁣⁣⁣⁣⁣⁣⁣⁣⁣⁣⁣⁣⁣⁣⁣⁣
📲 Admin : 081237200400
🛒 Tokopedia: Pura Pura Ponsel Official
🛒 Shopee: Pura Pura Ponsel
—
Kualitas Tidak Pernah Pura Pura

#iphone #applestore #iphonebali #iphonedenpasar #purapuraponsel #iphone16 #POiphone16",0,"03/31/2025 02:16",https://www.instagram.com/p/DH274HovEFd/,"IG carousel",,Lifetime,109142,45335,108,43,38,2,7
18063648200502939,17841414051683694,purapura.ponsel,"Pura Pura Ponsel","Ketika ketemu jalan berlubang🗿

Memberi bukti bukan janji !
Sama hal nya @purapura.ponsel yang terlalu terbukti memberikan kualitas serta pelayanan terbaik untuk customernya, dan special promo PO IPHONE 16 SERIES Dp cuma 300K dapatkan benefit :
Free adapter, free airpods, free tampre dan case, free spin hadiah handphone, dan potongan harga 100K🔥

Yuk PO skrg juga cuma di @purapura.ponsel 
#purapuraponsel #iphonedenpasar #iphonebali #iphone16",53,"04/01/2025 05:01",https://www.instagram.com/reel/DH5zGe0zYjn/,"IG reel",,Lifetime,112579,77539,1311,14,2,26,22
18361510153180102,17841414051683694,purapura.ponsel,"Pura Pura Ponsel","PUSYINGGGG 😱
Tapi lebih pusying lagi kalau gaikut PO 16 di Pura Pura Ponsel nih ges
Gaskan chat minpur atau bisa langsung datang ke toko ya, dengan DP start 300k aja kalian sudah bisa ikut PO dengan bebas pilih series, warna dan internal 😍
Bisa tukar tambah dan kredit juga loh
Yuk jangan sampai kehabisan slot yaa 😆🚀

———
Info Lebih Lanjut ✨
(Click Link on Bio)

📍 Jl. Kroya No. 3, Kesiman, Denpasar Timur
📍 Jl. Subur No. 4, Pemecutan Klod, Denpasar Barat
⏰ Open Everyday 09:00 - 22:00 WIB⁣⁣⁣⁣⁣⁣⁣⁣⁣⁣⁣⁣⁣⁣⁣⁣⁣⁣⁣⁣⁣⁣⁣⁣⁣⁣⁣⁣⁣⁣
📲 Admin : 081237200400
🛒 Tokopedia: Pura Pura Ponsel Official
🛒 Shopee: Pura Pura Ponsel
—
Kualitas Tidak Pernah Pura Pura

#iphone #applestore #iphonebali #iphonedenpasar #purapuraponsel #iphone16",16,"04/03/2025 00:00",https://www.instagram.com/reel/DH-ar8uSceq/,"IG reel",,Lifetime,14567,9331,72,1,0,0,4
18038472839622164,17841414051683694,purapura.ponsel,"Pura Pura Ponsel","Mengegerkan penemuan sore tadi semeton, di jalan monang maning subur no.4 , awalnya sejumlah warga panik karena bener - bener besar bgt yang lewat, hingga akhirnya tertangkap!!
Dan ternyata memang beneran BESAR BANGET PROMO KREDIT DI @purapura.ponsel 😱
Bunga 0.99%, Dp mulai dari 0%, Limit BESAR 30Jt, Tenor Hingga 24 bulan, dan sudah pasti ACC ton, dan promo ini hanya berlaku di toko @purapura.ponsel saja semeton yang lain tidak ada🫵🔥🔥
Selain itu kalian juga bisa PO iphone 16 series dengan promo kredit ini ton, yuk langsung gas karena banyak benefitnya ton🔥
#purapuraponsel #iphonedenpasar #iphonebali #iphone16 #apple #komedi #fakesituation⚠️",41,"04/03/2025 04:20",https://www.instagram.com/reel/DH-3lKSz7Z4/,"IG reel",,Lifetime,317634,202880,2658,49,36,65,86
18048019562076428,17841414051683694,purapura.ponsel,"Pura Pura Ponsel","Ketika iphone 16 Rilis🤣

Buat kalian yg mau PO 16 Series bisa bgt di @purapura.ponsel 
Karena benefit nya banyak bgt semeton
1. Free adapter
2. Free Airpods
3. Free case dan tampre glass
4. Potongan harga 100K
5. Bonus spin berhadiah handphone

Yuk langsung merapat ke @purapura.ponsel",11,"04/05/2025 05:01",https://www.instagram.com/reel/DIEGZ0YTeuf/,"IG reel",,Lifetime,39923,23047,242,40,1,10,11
17877977679291927,17841414051683694,purapura.ponsel,"Pura Pura Ponsel","Aduh gede bgt😱😱

Yap bener Shopee Pay Latter Limit Extra
• Limitnya gede bgt hingga 62 jt
• Proses mudah dan cepat
• Tenor hingga 12 bulan
• Bunga Rendah
• Cuma ada di @purapura.ponsel",38,"04/09/2025 05:04",https://www.instagram.com/reel/DIOYBwBzIzq/,"IG reel",,Lifetime,21755377,19532614,110767,875,685,128,3901
18024886427670121,17841414051683694,purapura.ponsel,"Pura Pura Ponsel","Hal baik pasti akan mendatangkan hal yang baik juga yagesya 😍
Seperti kaka ini, mau membantu dan dapat promo spesial PO 16 hanya di @purapura.ponsel yang sebentar lagi akan close PO.
Ikut PO akan mendapatkan : 

✅ Free AirPods
✅ Free Adapter
✅ Free Case dan Tempered Glass
✅ Potongan Harga
✅ Free Backup Data
✅ Bisa Tukar Tambah

masih banyak benefit lainnya dan dapatkan harga spesial 😱
Yuk jangan ketinggalan, sebelum minpur berubah pikiran 🤩🚀

———
Info Lebih Lanjut ✨
(Click Link on Bio)

📍 Jl. Kroya No. 3, Kesiman, Denpasar Timur
📍 Jl. Subur No. 4, Pemecutan Klod, Denpasar Barat
⏰ Open Everyday 09:00 - 22:00 WIB⁣⁣⁣⁣⁣⁣⁣⁣⁣⁣⁣⁣⁣⁣⁣⁣⁣⁣⁣⁣⁣⁣⁣⁣⁣⁣⁣⁣⁣⁣
📲 Admin : 081237200400
🛒 Tokopedia: Pura Pura Ponsel Official
🛒 Shopee: Pura Pura Ponsel
—
Kualitas Tidak Pernah Pura Pura

#iphone #applestore #iphonebali #iphonedenpasar #purapuraponsel #iphone16",64,"04/10/2025 03:21",https://www.instagram.com/reel/DIQy7RSTqA3/,"IG reel",,Lifetime,52306,32838,275,18,3,2,27
18063147367951120,17841414051683694,purapura.ponsel,"Pura Pura Ponsel","READY STOCK ❗️
Buat kalian yang cari Iphone 16 series new terhangat lengkap minpur ready nih 😍
Tentu hadir dengan harga yang terjangkau dan series yang lengkap
Kami juga menerima tukar tambah dari series X, bahkan dari series lebih lama lagi
Tukar tambah iPhone dengan Android? Bisa banget dong
Dapatkan promo spesial kredit dengan DP dan Bunga 0%
Dan jangan sampai ketinggalan promo spesial dari kami ya ges 😍🔥

Yuk gaskan ke store 🚀

———
Info Lebih Lanjut ✨
(Click Link on Bio)

📍 Jl. Kroya No. 3, Kesiman, Denpasar Timur
📍 Jl. Subur No. 4, Pemecutan Klod, Denpasar Barat
⏰ Open Everyday 09:00 - 22:00 WIB⁣⁣⁣⁣⁣⁣⁣⁣⁣⁣⁣⁣⁣⁣⁣⁣⁣⁣⁣⁣⁣⁣⁣⁣⁣⁣⁣⁣⁣⁣
📲 Admin : 081237200400
🛒 Tokopedia: Pura Pura Ponsel Official
🛒 Shopee: Pura Pura Ponsel
—
Kualitas Tidak Pernah Pura Pura

#iphone #applestore #iphonebali #iphonedenpasar #purapuraponsel #iphone16",66,"04/12/2025 03:01",https://www.instagram.com/reel/DIV6hooJsIy/,"IG reel",,Lifetime,152325,75115,453,15,186,1,18
17862673311306635,17841414051683694,purapura.ponsel,"Pura Pura Ponsel","Giat berbagi dari Team Pura Pura Ponsel di hari Minggu yang cerah ini 😍✨
Semoga sinergis dan berkah bagi kita semua 🙏🏻

———
Info Lebih Lanjut ✨
(Click Link on Bio)

📍 Jl. Kroya No. 3, Kesiman, Denpasar Timur
📍 Jl. Subur No. 4, Pemecutan Klod, Denpasar Barat
⏰ Open Everyday 09:00 - 22:00 WIB⁣⁣⁣⁣⁣⁣⁣⁣⁣⁣⁣⁣⁣⁣⁣⁣⁣⁣⁣⁣⁣⁣⁣⁣⁣⁣⁣⁣⁣⁣
📲 Admin : 081237200400
🛒 Tokopedia: Pura Pura Ponsel Official
🛒 Shopee: Pura Pura Ponsel
—
Kualitas Tidak Pernah Pura Pura

#iphone #applestore #iphonebali #iphonedenpasar #purapuraponsel #iphone16",73,"04/13/2025 06:19",https://www.instagram.com/reel/DIY19MZBDDq/,"IG reel",,Lifetime,12996,8568,116,9,1,4,0
18065759119806077,17841414051683694,purapura.ponsel,"Pura Pura Ponsel","Hayoo siapa nih pemenang yang beruntung dapat undian SAMPI 😍
SAMPI untuk kebahagian✨

Info Lebih Lanjut ✨
(Click Link on Bio)

📍 Jl. Kroya No. 3, Kesiman, Denpasar Timur
📍 Jl. Subur No. 4, Pemecutan Klod, Denpasar Barat
⏰ Open Everyday 09:00 - 22:00 WIB⁣⁣⁣⁣⁣⁣⁣⁣⁣⁣⁣⁣⁣⁣⁣⁣⁣⁣⁣⁣⁣⁣⁣⁣⁣⁣⁣⁣⁣⁣
📲 Admin : 081237200400
🛒 Tokopedia: Pura Pura Ponsel Official
🛒 Shopee: Pura Pura Ponsel
—
Kualitas Tidak Pernah Pura Pura

#iphone #applestore #iphonebali #iphonedenpasar #purapuraponsel #iphone16""",157,"04/15/2025 03:54",https://www.instagram.com/reel/DIdu6B3MjyO/,"IG reel",,Lifetime,17398,10734,168,2,5,1,2
17928301440029322,17841414051683694,purapura.ponsel,"Pura Pura Ponsel","KAGET BANGET!! ADA SAMPI DI DALAM TOKO😱😱😱
. 
.
Selamat untuk kaka WIDYA 😍🔥 
Sebagai pemenang undian SAMPI yang ditunggu tunggu 
Semoga SAMPI ini menjadi awal dari kebahagiaan dan kesuksesan✨

Di tunggu kejutan lainnya hanya di Pura Pura Ponsel 🤩

———
Info Lebih Lanjut ✨
(Click Link on Bio)

📍 Jl. Kroya No. 3, Kesiman, Denpasar Timur
📍 Jl. Subur No. 4, Pemecutan Klod, Denpasar Barat
⏰ Open Everyday 09:00 - 22:00 WIB⁣⁣⁣⁣⁣⁣⁣⁣⁣⁣⁣⁣⁣⁣⁣⁣⁣⁣⁣⁣⁣⁣⁣⁣⁣⁣⁣⁣⁣⁣
📲 Admin : 081237200400
🛒 Tokopedia: Pura Pura Ponsel Official
🛒 Shopee: Pura Pura Ponsel
—
Kualitas Tidak Pernah Pura Pura

#iphone #applestore #iphonebali #iphonedenpasar #purapuraponsel #iphone16",124,"04/16/2025 03:02",https://www.instagram.com/reel/DIgNpPlzsy-/,"IG reel",,Lifetime,84015,63493,689,40,5,11,17
18390375991115733,17841414051683694,purapura.ponsel,"Pura Pura Ponsel","""PROMO SPESIAL ALERT❗️
Buat kalian yang cari Iphone brand new, second atau 16 series 😱
jangan khawatir Pura Pura Ponsel hadir dengan promo yang dijamin spesial
Dengan harga yang ramah dikantong dan pastinya kualitas tidak perlu diragukan lagi 🤩
Kami juga menerima tukar tambah dari series X, bahkan dari seri lebih lama lagi
Tukar tambah iPhone dengan Android? Bisa banget dong
Jadi tunggu apalagi ?yuk mampir ke store 🤩🚀

buat kalian yang nggak bisa datang ke toko bisa checkout di toko online Minpur ya ada cashback hingga jutaan rupiah 😱
pengiriman cepat, dijamin aman sampai tujuan

———
Info Lebih Lanjut ✨
(Click Link on Bio)

📍Jl. Kroya No. 3, Kesiman, Denpasar
📍Jl. Subur No. 4 Pemecutan Klod, Denpasar Barat
⏰ Open Everyday 09:00 - 22:00 WIB⁣⁣⁣⁣⁣⁣⁣⁣⁣⁣⁣⁣⁣⁣⁣⁣⁣⁣⁣⁣⁣⁣⁣⁣⁣⁣⁣⁣⁣⁣
📲 Admin : 081237200400
🛒 Tokopedia: Pura Pura Ponsel Official
🛒 Shopee: Pura Pura Ponsel
—
Kualitas Tidak Pernah Pura Pura

#iphone #applestore #iphonebali #iphonedenpasar #purapuraponsel""",0,"04/19/2025 01:11",https://www.instagram.com/p/DInvf-BvKzV/,"IG carousel",,Lifetime,25669,78423,212,34,3,4,37
18062409778844970,17841403237713917,telagabagus,"TELAGA BAGUS","Viral !! Terjadi aksi saling singguk pecalang dan pemedek di salah satu area di Bali, kejadiannya begitu cepat😱😱

Busana adat terlengkap se Bali cuma ada di @telagabagus 
Tukar tambah segala tipe hp ke Iphone terbaru 16 series atau lainnya, cuma bisa di @purapura.ponsel 
Special Galungan Dan Kuningan Ada banyak promo di 2 toko ini ton🔥

NB : Video ini hanya sekedar hiburan (parody) pesan tersirat di akhir video, sampunang saling singguk jak nyame pedidi ton apalagi di pura😭🙏

By : @arthadashing_ 

#telagabagus #purapuraponsel #arthadashing #busanabali #iphonedenpasar",74,"04/19/2025 02:39",https://www.instagram.com/reel/DIn4iDYvMvQ/,"IG reel",,Lifetime,338716,239077,6485,442,31,352,0
18063254996045010,17841414051683694,purapura.ponsel,"Pura Pura Ponsel","CARI YANG GEDE
Cuman ada di Pura Pura Ponsel

Bisa tukar tambah dari handphone terblokir dan dari seri apapun
Selain itu ada kredit dengan DP dan bunga mulai 0% 😱

Dan pastinya banyak bonusnya
Dan potongan harga Gede-Gedean

Jadi buruan merapat ke Pura Pura Ponsel
Karena promo terbatas

———
Info Lebih Lanjut ✨
(Click Link on Bio)

📍 Jl. Kroya No. 3, Kesiman, Denpasar Timur
📍 Jl. Subur No. 4, Pemecutan Klod, Denpasar Barat
⏰ Open Everyday 09:00 - 22:00 WIB⁣⁣⁣⁣⁣⁣⁣⁣⁣⁣⁣⁣⁣⁣⁣⁣⁣⁣⁣⁣⁣⁣⁣⁣⁣⁣⁣⁣⁣⁣
📲 Admin : 081237200400
🛒 Tokopedia: Pura Pura Ponsel Official
🛒 Shopee: Pura Pura Ponsel
—
Kualitas Tidak Pernah Pura Pura

#iphone #applestore #iphonebali #iphonedenpasar #purapuraponsel #iphone16",60,"04/20/2025 04:49",https://www.instagram.com/reel/DIqtJevKlZo/,"IG reel",,Lifetime,75608,37353,444,104,20,35,56
18045217076454830,17841414051683694,purapura.ponsel,"Pura Pura Ponsel","Cuplikan giat berbagi Jeruk di sore hari ini ✨
Dalam rangka menyambut Hari Raya Galungan dan Kuningan dari Pura Pura Ponsel ✨
Semoga selalu menjadi langkah yang baik dan berkah bagi kita semua 😍🙏🏻

———
Info Lebih Lanjut ✨
(Click Link on Bio)

📍 Jl. Kroya No. 3, Kesiman, Denpasar Timur
📍 Jl. Subur No. 4, Pemecutan Klod, Denpasar Barat
⏰ Open Everyday 09:00 - 22:00 WIB⁣⁣⁣⁣⁣⁣⁣⁣⁣⁣⁣⁣⁣⁣⁣⁣⁣⁣⁣⁣⁣⁣⁣⁣⁣⁣⁣⁣⁣⁣
📲 Admin : 081237200400
🛒 Tokopedia: Pura Pura Ponsel Official
🛒 Shopee: Pura Pura Ponsel
—
Kualitas Tidak Pernah Pura Pura

#iphone #applestore #iphonebali #iphonedenpasar #purapuraponsel #iphone16",82,"04/21/2025 03:51",https://www.instagram.com/reel/DItLZK8Bc92/,"IG reel",,Lifetime,41883,27088,264,10,2,2,21
18062819000488264,17841414051683694,purapura.ponsel,"Pura Pura Ponsel","SATSET 😱😝

Yuk Ges yang cari iphone 13 dan 15 basic, segera datang ke store yaah karena ada iming iming harga bakalan naik nih 😭
Minpur juga ready series 16 yang ketersediannya sangat terbatas namun tenang minpur ready semua seriesnya 😍
Jadi tunggu apalagi ? Yuk segera merapat ke store 🚀🚀

———
Info Lebih Lanjut ✨
(Click Link on Bio)

📍 Jl. Kroya No. 3, Kesiman, Denpasar Timur
📍 Jl. Subur No. 4, Pemecutan Klod, Denpasar Barat
⏰ Open Everyday 09:00 - 22:00 WIB⁣⁣⁣⁣⁣⁣⁣⁣⁣⁣⁣⁣⁣⁣⁣⁣⁣⁣⁣⁣⁣⁣⁣⁣⁣⁣⁣⁣⁣⁣
📲 Admin : 081237200400
🛒 Tokopedia: Pura Pura Ponsel Official
🛒 Shopee: Pura Pura Ponsel
—
Kualitas Tidak Pernah Pura Pura

#iphone #applestore #iphonebali #iphonedenpasar #purapuraponsel #iphone16",14,"04/22/2025 03:01",https://www.instagram.com/reel/DIvqewrIzt3/,"IG reel",,Lifetime,30217,16718,188,10,2,4,26
18067595518782072,17841414051683694,purapura.ponsel,"Pura Pura Ponsel","YAAMPUN KEJADIAN LAGI DI BALI 😱
KARYAWAN BERANI RIBUT SAMA BOS KARENA PERKARA THR DIGANTI DENGAN IPHONE 😱😭

Buat kalian yang cari handphone Brand new, second Ibox atau second Beacukai
Jangan khawatir minpur ready dari series X sampai series 16 loch 
Tukar tambah dengan android ? bisa banget dong 
Budget kalian kurang ? Tenang ges bisa kredit dengan banyak pilihan finance

Jangan sampai kelewatan promo bulan ini yaa 😝🚀

———
Info Lebih Lanjut ✨
(Click Link on Bio)

📍 Jl. Kroya No. 3, Kesiman, Denpasar Timur
📍 Jl. Subur No. 4, Pemecutan Klod, Denpasar Barat
⏰ Open Everyday 09:00 - 22:00 WIB⁣⁣⁣⁣⁣⁣⁣⁣⁣⁣⁣⁣⁣⁣⁣⁣⁣⁣⁣⁣⁣⁣⁣⁣⁣⁣⁣⁣⁣⁣
📲 Admin : 081237200400
🛒 Tokopedia: Pura Pura Ponsel Official
🛒 Shopee: Pura Pura Ponsel
—
Kualitas Tidak Pernah Pura Pura

#iphone #applestore #iphonebali #iphonedenpasar #purapuraponsel #iphone16",77,"04/27/2025 01:36",https://www.instagram.com/reel/DI8YhzLzw2g/,"IG reel",,Lifetime,98618,73196,482,8,2,36,13
18031145846342455,17841414051683694,purapura.ponsel,"Pura Pura Ponsel","SAMPI pun tahu jawabannya ges 😱😁🤘🏻
Kalau beli handphone sudah pasti di @purapura.ponsel 

———
Info Lebih Lanjut ✨
(Click Link on Bio)

📍 Jl. Kroya No. 3, Kesiman, Denpasar Timur
📍 Jl. Subur No. 4, Pemecutan Klod, Denpasar Barat
⏰ Open Everyday 09:00 - 22:00 WIB⁣⁣⁣⁣⁣⁣⁣⁣⁣⁣⁣⁣⁣⁣⁣⁣⁣⁣⁣⁣⁣⁣⁣⁣⁣⁣⁣⁣⁣⁣
📲 Admin : 081237200400
🛒 Tokopedia: Pura Pura Ponsel Official
🛒 Shopee: Pura Pura Ponsel
—
Kualitas Tidak Pernah Pura Pura

#iphone #applestore #iphonebali #iphonedenpasar #purapuraponsel #ıphone16",22,"04/28/2025 03:04",https://www.instagram.com/reel/DI_G3TdT9Ir/,"IG reel",,Lifetime,18200,11171,208,6,2,0,3
18073727947854145,17841414051683694,purapura.ponsel,"Pura Pura Ponsel","Kalian pengguna baru iphone ? Nah, ini ada beberapa HAL WAJIB yang harus kalian tahu ya ges 🤩
Masih bingung atau ada pertanyaan ? Silahkan tinggalkan jejak dikolom komentar yaa 🤩🚀

———
Info Lebih Lanjut ✨
(Click Link on Bio)

📍 Jl. Kroya No. 3, Kesiman, Denpasar Timur
📍 Jl. Subur No. 4, Pemecutan Klod, Denpasar Barat
⏰ Open Everyday 09:00 - 22:00 WIB⁣⁣⁣⁣⁣⁣⁣⁣⁣⁣⁣⁣⁣⁣⁣⁣⁣⁣⁣⁣⁣⁣⁣⁣⁣⁣⁣⁣⁣⁣
📲 Admin : 081237200400
🛒 Tokopedia: Pura Pura Ponsel Official
🛒 Shopee: Pura Pura Ponsel
—
Kualitas Tidak Pernah Pura Pura

#iphone #applestore #iphonebali #iphonedenpasar #purapuraponsel #iphone16",41,"04/29/2025 03:01",https://www.instagram.com/reel/DJBr_YltB49/,"IG reel",,Lifetime,10841,6844,69,5,0,5,8
18043979939575353,17841414051683694,purapura.ponsel,"Pura Pura Ponsel","JADWAL PADAT, SAMPIPUN DIEMBAT 😱💨

Mau cari handphone dengan kualitas dan harga yang ramah dikantong ?
di ppp nih solusinya 🤩🔥
Budget kalian kurang ? tenang minpur bantu sampai tembus dengan berbagai finance minpur ya Ges 
Yuk Gaskan ke store 🚀

———
Info Lebih Lanjut ✨
(Click Link on Bio)

📍 Jl. Kroya No. 3, Kesiman, Denpasar Timur
📍 Jl. Subur No. 4, Pemecutan Klod, Denpasar Barat
⏰ Open Everyday 09:00 - 22:00 WIB⁣⁣⁣⁣⁣⁣⁣⁣⁣⁣⁣⁣⁣⁣⁣⁣⁣⁣⁣⁣⁣⁣⁣⁣⁣⁣⁣⁣⁣⁣
📲 Admin : 081237200400
🛒 Tokopedia: Pura Pura Ponsel Official
🛒 Shopee: Pura Pura Ponsel
—
Kualitas Tidak Pernah Pura Pura

#iphone #applestore #iphonebali #iphonedenpasar #purapuraponsel #iphone16",20,"04/30/2025 03:01",https://www.instagram.com/reel/DJEQzAcBxoH/,"IG reel",,Lifetime,7870,5366,51,1,1,6,0
17876011932226215,17841414051683694,purapura.ponsel,"Pura Pura Ponsel","Kalian suka main game ? pas banget nich minpur ada rekomendasi untuk kalian ya ges 😍✨
Dapatkan spesial box hanya di Pura Pura Ponsel 
Yuk gaskan ke store 🚀

———
Info Lebih Lanjut ✨
(Click Link on Bio)

📍 Jl. Kroya No. 3, Kesiman, Denpasar Timur
📍 Jl. Subur No. 4, Pemecutan Klod, Denpasar Barat
⏰ Open Everyday 09:00 - 22:00 WIB⁣⁣⁣⁣⁣⁣⁣⁣⁣⁣⁣⁣⁣⁣⁣⁣⁣⁣⁣⁣⁣⁣⁣⁣⁣⁣⁣⁣⁣⁣
📲 Admin : 081237200400
🛒 Tokopedia: Pura Pura Ponsel Official
🛒 Shopee: Pura Pura Ponsel
—
Kualitas Tidak Pernah Pura Pura

#iphone #applestore #iphonebali #iphonedenpasar #purapuraponsel #iphone16",40,"05/01/2025 03:01",https://www.instagram.com/reel/DJG1lnQPbux/,"IG reel",,Lifetime,7714,5214,59,2,0,0,2
18041383883222518,17841403237713917,telagabagus,"TELAGA BAGUS","Punya temen gini gak? Dikit2 dibilang SOMBONG😭

Toko busana adat bali terlengkap cuma di @telagabagus & toko ponsel terbaik di Bali cuma di @purapura.ponsel 
Dapatkan potongan harga dan free airpods setiap belanja di telaga bagus atau pura pura ponsel guys

By : @arthadashing_ 
#telagabagus #purapuraponsel #busanabali #arthadashing #iphonedenpasar",111,"05/01/2025 04:42",https://www.instagram.com/reel/DJHAWrRPj-J/,"IG reel",,Lifetime,146978,104817,1934,42,45,16,0
18037205237555951,17841414051683694,purapura.ponsel,"Pura Pura Ponsel","Kamu berhasil nggak? 😍
.
.
———
Info Lebih Lanjut ✨
(Click Link on Bio)

📍 Jl. Kroya No. 3, Kesiman, Denpasar Timur
📍 Jl. Subur No. 4, Pemecutan Klod, Denpasar Barat
⏰ Open Everyday 09:00 - 22:00 WIB⁣⁣⁣⁣⁣⁣⁣⁣⁣⁣⁣⁣⁣⁣⁣⁣⁣⁣⁣⁣⁣⁣⁣⁣⁣⁣⁣⁣⁣⁣
📲 Admin : 081237200400
🛒 Tokopedia: Pura Pura Ponsel Official
🛒 Shopee: Pura Pura Ponsel
—
Kualitas Tidak Pernah Pura Pura

#iphone #applestore #iphonebali #iphonedenpasar #purapuraponsel #iphone16# Rina",9,"05/01/2025 05:37",https://www.instagram.com/reel/DJHHHbOz0WH/,"IG reel",,Lifetime,32598,14668,164,4,2,0,2
18169948954331897,17841414051683694,purapura.ponsel,"Pura Pura Ponsel","PROMO DAN HADIAH MENANTI ❗️
Buat kalian yang cari Iphone brand new, second atau 16 series 😱
jangan khawatir Pura Pura Ponsel hadir dengan promo dan hadiah yang dijamin bikin kalian geleng geleng 😱
Dengan harga yang ramah dikantong dan pastinya kualitas tidak perlu diragukan lagi 🤩
Kami juga menerima tukar tambah dari series X, bahkan dari seri lebih lama lagi
Tukar tambah iPhone dengan Android? Bisa banget dong
Jadi tunggu apalagi ? Yuk Komen dan jadilah bagian dari 10 TOP komen pertama 🤩🚀

buat kalian yang nggak bisa datang ke toko bisa checkout di toko online Minpur ya ada cashback hingga jutaan rupiah 😱
pengiriman cepat, dijamin aman sampai tujuan 💨

———
Info Lebih Lanjut ✨
(Click Link on Bio)

📍Jl. Kroya No. 3, Kesiman, Denpasar
📍Jl. Subur No. 4 Pemecutan Klod, Denpasar Barat
⏰ Open Everyday 09:00 - 22:00 WIB⁣⁣⁣⁣⁣⁣⁣⁣⁣⁣⁣⁣⁣⁣⁣⁣⁣⁣⁣⁣⁣⁣⁣⁣⁣⁣⁣⁣⁣⁣
📲 Admin : 081237200400
🛒 Tokopedia: Pura Pura Ponsel Official
🛒 Shopee: Pura Pura Ponsel
—
Kualitas Tidak Pernah Pura Pura

#iphone #applestore #iphonebali #iphonedenpasar #purapuraponsel",0,"05/02/2025 06:06",https://www.instagram.com/p/DJJvlaWvbeU/,"IG carousel",,Lifetime,295027,115972,950,93,263,68,206
18007958267730550,17841414051683694,purapura.ponsel,"Pura Pura Ponsel","PROMO DAN HADIAH MENANTI ❗️
Buat kalian yang cari Android brand new ataupun second 😱
jangan khawatir Pura Pura Ponsel hadir dengan promo dan hadiah yang dijamin bikin kalian geleng geleng Dengan harga yang ramah dikantong dan pastinya kualitas tidak perlu diragukan lagi 🤩

Special untuk pembelian android berkesempatan mendapatkan lucky draw berhadiah jutaan rupiah 😱

Kami juga menerima tukar tambah dari seri lebih lama lagi
Tukar tambah Android dengan Iphone? Bisa banget dong

Jadi tunggu apalagi ? Yuk Komen dan jadilah bagian dari
10 TOP komen pertama 🤩😍

buat kalian yang nggak bisa datang ke toko bisa checkout di toko online Minpur ya ada cashback hingga jutaan rupiah
pengiriman cepat, dijamin aman sampai tujuan 💨

_____
Info Lebih Lanjut (Click Link on Bio)
📍Jl. Kroya No. 3, Kesiman, Denpasar
📍Jl. Subur No. 4 Pemecutan Klod, Denpasar Barat
⏰ Open Everyday 09:00 - 22:00 WIB
📲 Admin : 081237200400
🛒 Tokopedia: Pura Pura Ponsel Official
🛒 Shopee: Pura Pura Ponsel
__
Kualitas Tidak Pernah Pura Pura

#iphone  #applestoreindonesia  #iphonebali  #iphonedenpasar",0,"05/03/2025 04:48",https://www.instagram.com/p/DJMLgkovvhT/,"IG carousel",,Lifetime,80084,177657,281,17,20,53,41
18116482366419260,17841414051683694,purapura.ponsel,"Pura Pura Ponsel","Handphone kalian ada kendala ?
Tenang, Minpur ada solusinya yang pasti hanya ada di Pura Pura Ponsel ! 🤩

Pastinya Minpur berikan solusi tidak hanya sekedar solusi, namun Benefit yang bisa kalian dapatkan :
1. Bergaransi ✅
2. Bisa ditunggu ✅
3. Bisa dilihat selama pengerjaan ✅
4. Harga Terjangkau ✅
5. Free case dan antigores (selama stock tersedia) ✅

Jadi tunggu apalagi ? Yuk gaskan ke store 🤩💨

———
Info Lebih Lanjut ✨
(Click Link on Bio)

📍 Jl. Kroya No. 3, Kesiman, Denpasar Timur
📍 Jl. Subur No. 4, Pemecutan Klod, Denpasar Barat
⏰ Open Everyday 09:00 - 22:00 WIB⁣⁣⁣⁣⁣⁣⁣⁣⁣⁣⁣⁣⁣⁣⁣⁣⁣⁣⁣⁣⁣⁣⁣⁣⁣⁣⁣⁣⁣⁣
📲 Admin : 081237200400
🛒 Tokopedia: Pura Pura Ponsel Official
🛒 Shopee: Pura Pura Ponsel
—
Kualitas Tidak Pernah Pura Pura

#iphone #serviceiphone #iphonebali #iphonedenpasar #purapuraponsel",39,"05/05/2025 04:32",https://www.instagram.com/reel/DJRTMplt-58/,"IG reel",,Lifetime,245614,130687,2008,142,417,127,58
18093450862602637,17841414051683694,purapura.ponsel,"Pura Pura Ponsel","KALIAN MAU BELI HANDPHONE BARU ? 😱

CLAIM GARANSI SUSAH ? 
BACKUP DATA DARI HANDPHONE LAMA KE BARU BAYAR ? 
ATAU BUAT ICLOUD KENA BIAYA ? 

TENANG GES !!!
Solusinya hanya ada di ppp 🤩
- Claim garansi mudah dan kalian mendapatkan unit pengganti selama proses claim ✅
- Free backup data handphone lama ke baru ✅
- Free pembuatan icloud ✅
- Harga dijamin ramah dikantong ✅
- Kualitas tidak perlu diragukan lagi ✅

Tentu dengan sepenuh hati kami akan melayani kalian ya ges, tidak usah khawatir akan kami bantu sampai mentok 🤩✨
Jadi tunggu apalagi ? Gaskan ke store 💨

———
Info Lebih Lanjut ✨
(Click Link on Bio)

📍 Jl. Kroya No. 3, Kesiman, Denpasar Timur
📍 Jl. Subur No. 4, Pemecutan Klod, Denpasar Barat
⏰ Open Everyday 09:00 - 22:00 WIB⁣⁣⁣⁣⁣⁣⁣⁣⁣⁣⁣⁣⁣⁣⁣⁣⁣⁣⁣⁣⁣⁣⁣⁣⁣⁣⁣⁣⁣⁣
📲 Admin : 081237200400
🛒 Tokopedia: Pura Pura Ponsel Official
🛒 Shopee: Pura Pura Ponsel
—
Kualitas Tidak Pernah Pura Pura

#iphone #serviceiphone #iphonebali #iphonedenpasar #purapuraponsel",78,"05/07/2025 03:05",https://www.instagram.com/reel/DJWSwdlsitb/,"IG reel",,Lifetime,211023,102637,1213,30,346,24,27
17963983397770472,17841414051683694,purapura.ponsel,"Pura Pura Ponsel","Menilai jangan sembarang menilai, kalau akhirnya pantas di ... 👀

———
Info Lebih Lanjut ✨
(Click Link on Bio)

📍 Jl. Kroya No. 3, Kesiman, Denpasar Timur
📍 Jl. Subur No. 4, Pemecutan Klod, Denpasar Barat
⏰ Open Everyday 09:00 - 22:00 WIB⁣⁣⁣⁣⁣⁣⁣⁣⁣⁣⁣⁣⁣⁣⁣⁣⁣⁣⁣⁣⁣⁣⁣⁣⁣⁣⁣⁣⁣⁣
📲 Admin : 081237200400
🛒 Tokopedia: Pura Pura Ponsel Official
🛒 Shopee: Pura Pura Ponsel
—
Kualitas Tidak Pernah Pura Pura

#iphone #serviceiphone #iphonebali #iphonedenpasar #purapuraponsel",24,"05/08/2025 03:03",https://www.instagram.com/reel/DJY3W6Ksz5M/,"IG reel",,Lifetime,10737,7183,86,3,1,2,1
17904015720159741,17841414051683694,purapura.ponsel,"Pura Pura Ponsel","Percayalah, DOA yang tulus akan datang di waktu yang tepat 😊🙏🏻

Begitu juga dengan bestie Minpur disini, jika kalian ingin handphone baru jangan berdoa saja ya. Silahkan gaskan ke store Minpur 😁
Budget kalian kurang ? tenang Minpur hadir dengan beberapa pilihan finance 
Mau tukar tambah ? tenang sudah pasti bisa bahkan dari series dibawah X sekalipun

Jadi tunggu apalagi ? jangan sampai ketinggalan promo bulan ini ya bestie 😍💨

———
Info Lebih Lanjut ✨
(Click Link on Bio)

📍 Jl. Kroya No. 3, Kesiman, Denpasar Timur
📍 Jl. Subur No. 4, Pemecutan Klod, Denpasar Barat
⏰ Open Everyday 09:00 - 22:00 WIB⁣⁣⁣⁣⁣⁣⁣⁣⁣⁣⁣⁣⁣⁣⁣⁣⁣⁣⁣⁣⁣⁣⁣⁣⁣⁣⁣⁣⁣⁣
📲 Admin : 081237200400
🛒 Tokopedia: Pura Pura Ponsel Official
🛒 Shopee: Pura Pura Ponsel
—
Kualitas Tidak Pernah Pura Pura

#iphone #serviceiphone #iphonebali #iphonedenpasar #purapuraponsel",27,"05/09/2025 03:01",https://www.instagram.com/reel/DJbcACYIcw4/,"IG reel",,Lifetime,36649,21095,402,38,6,20,4
18326317885083197,17841414051683694,purapura.ponsel,"Pura Pura Ponsel","Kalau kalian ketemu purapuraponsel kalian pilih lari atau mendekat untuk dapetin ipong nya??

Iphone 15 pro & 15 promax langka? Di @purapura.ponsel ready banyak guys, ada yg second like NEW on garansi
Yang BARU juga ready banyak 15 series ya guys🥰

By : @arthadashing_",40,"01/02/2025 05:44",https://www.instagram.com/reel/DEU0VywyEB7/,"IG reel",,Lifetime,177841,102578,2026,28,26,15,20
