"Post ID","Account ID","Account username","Account name",Description,"Duration (sec)","Publish time",Permalink,"Post type","Data comment",Date,Views,Reach,Likes,Shares,Follows,Comments,Saves
18101555360101997,17841414051683694,purapura.ponsel,"Pura Pura Ponsel","Laptop monster harga ramah kantong siap dipinang! ✨ 
Mau jadi yang pertama punya MacBook Neo? Ikutan Pre-Order sekarang di Pura Pura Ponsel cuma dengan DP 500 Ribu aja❣️🤩
Dapetin keuntungan melimpah khusus buat kamu:

🔥Potongan harga 100K langsung tanpa ribet.
🔥Bisa Tukar Tambah dengan series lama kamu sekalipun.
🔥Bisa Kredit dengan promo bunga ringan dan DP 0%.
🔥Free Tas Macbook eksklusif di setiap PO.
🔥Free Spin Berhadiah mulai dari Handphone hingga Voucher Belanja jutaan rupiah!

Stok terbatas, jangan tunggu sampai harga melambung tinggi! Yuk, langsung amankan warna favoritmu (Silver, Blush, Citrus, atau Indigo) dengan hubungi admin via WhatsApp/DM atau langsung datang ke store Pura Pura Ponsel terdekat! 🚀

Bingung mau Upgrade HP tapi HP lama gak terpakai?
Jangan khawatir! Bawa saja ke Pura Pura Ponsel
Kami terima Tukar Tambah semua kondisi dan series!

✅ Series Terlama? Bisa!
✅ Android ke iPhone? Bisa Banget!
✅ KREDIT DP & BUNGA 0% (S&K Berlaku)
✅ BISA SPLIT PAYMENT
✅ BANYAK BENEFIT eksklusif lainnya!

Stop galau, saatnya ganti gadget baru tanpa ribet dan untung maksimal!
10 ribu ulasan bintang 5 di Google Maps!
Kunjungi Toko Kami Sekarang!

Toko Kroya: Jl. Kroya No. 3, Kesiman, Denpasar
Toko Munang Maning: Jl. Subur No. 4 Pemecutan Klod, Denpasar Barat
Jam Buka: Setiap Hari 09:00 - 22:00 WITA
Admin WA: 081237200400 (Klik Link di Bio!)
Tokopedia/Shopee/TikTok Shop: Pura Pura Ponsel",0,"05/20/2026 04:36",https://www.instagram.com/p/DYjx0Uuk7Yw/,"IG carousel",,Lifetime,11699,4417,33,14,0,0,0
18169600573445489,17841414051683694,purapura.ponsel,"Pura Pura Ponsel","APPLE PRODUCT HARGA GROSIR ✨

Buat kamu para Apple Lovers, rasanya belum lengkap kalau baru punya iPhone aja! Pengen ngerasain mudahnya kirim data lewat AirDrop, sinkronisasi otomatis, dan kerjaan yang makin produktif antar perangkat? Ini saatnya lengkapi koleksi Apple Product kamu di Pura Pura Ponsel! ✨

Mumpung lagi ada Promo Spesial beli iPad, MacBook, Apple Watch, atau AirPods di sini dijamin paling untung dengan benefit juara:
💯 Semua unit dijamin aman dan bergaransi resmi.
🆕 Fisik & fungsi produk dipastikan terbaik untuk kenyamanan kamu.
💳 Bisa Kredit (Promo Bunga & DP 0%) atau pakai sistem Split Payment.
📲 After Sales Terpercaya: Layanan fast response yang siap bantu total jika ada kendala di kemudian hari.

Nggak sempat mampir ke toko? Tenang! Kamu bisa langsung checkout di toko online Minpur lewat Tokopedia, Shopee, atau TikTok Shop. Pengiriman dijamin super cepat, tepat, dan aman sampai rumah! 💨

Yuk, upgrade gaya hidup dan produktivitasmu bareng Apple sekarang juga! 👇

📍 Toko Kroya: Jl. Kroya No. 3, Kesiman, Denpasar Timur
📍 Toko Munang Maning: Jl. Subur No. 4, Pemecutan Klod, Denpasar Barat
⏰ Jam Operasional: Setiap Hari 09.00 - 22.00 WITA
📲 Admin WA: 081237200400 (Atau klik link di bio)
🛒 E-Commerce: Pura Pura Ponsel

Kualitas Tidak Pernah Pura-Pura — Solusi Gadget Apple Terbaikmu di Bali.",0,"07/31/2026 18:02",https://www.instagram.com/p/DbenNfiDjDU/,"IG carousel",,Lifetime,1034,251,1,0,0,0,0
18196856749353139,17841414051683694,purapura.ponsel,"Pura Pura Ponsel","✨ ANDROID HARGA GROSIR BANJIR HADIAH ✨

Lagi cari HP Android Brand New atau Second Berkualitas ? Nggak usah bingung! Pura Pura Ponsel punya koleksi Android paling lengkap dengan promo yang bikin dompet senyum. 🥰

Beli Android di Pura Pura Ponsel untungnya berkali-kali lipat, karena kamu bakal dapet benefit premium ini:
💯 Semua unit bergaransi resmi & kualitas terjamin.
💳 Bisa Kredit (Promo Bunga & DP 0%) atau Split Payment.
🔁 Terima Trade-In dari HP terlama kamu dengan taksiran harga tertinggi!
📲 Admin fast response siap bantu total kalau ada kendala.

🎁 Khusus setiap pembelian Android Brand New, kamu berkesempatan bawa pulang Voucher Belanja Jutaan Rupiah hingga FREE HANDPHONE! 🎁

🍟 FREE MINYAK GORENG KHUSUS 3 PEMBELI TERCEPAT 🍟

Nggak sempat ke toko? Tenang, bisa checkout via Tokopedia, Shopee, atau TikTok Shop kita. Ada CASHBACK hingga Jutaan Rupiah & pengiriman super cepat! 💨

Yuk, jemput HP Android impianmu sekarang! 👇

📍 Toko Kroya: Jl. Kroya No. 3, Kesiman, Denpasar
📍 Toko Munang Maning: Jl. Subur No. 4, Pemecutan Klod, Denpasar Barat
⏰ Jam Operasional: Setiap Hari 09.00 - 22.00 WITA
📲 Admin WA: 081237200400 (Atau klik link di bio)
🛒 E-Commerce: Pura Pura Ponsel

Kualitas Tidak Pernah Pura-Pura — Solusi Tukar Tambah HP Terbaik di Bali.",0,"07/31/2026 18:01",https://www.instagram.com/p/DbenFt6DHYb/,"IG carousel",,Lifetime,961,310,4,0,0,0,0
18069480905459158,17841414051683694,purapura.ponsel,"Pura Pura Ponsel","IPHONE HARGA GROSIR! ✨

Buat Bestie yang lagi cari iPhone Brand New (Garansi Resmi Indonesia) atau iPhone Second Original yang IMEI-nya terdaftar aman, Pura Pura Ponsel solusinya!

Kenapa ribuan Bestie percayain iPhone mereka di sini? Karena cuma di Pura Pura Ponsel kamu bisa dapet benefit se-premium ini:
🛡️Garansi Resmi & Garansi IMEI Seumur Hidup!
📱Unit second rasa baru, fisik & fungsi dijamin mulus.
💳 Bisa Kredit (Promo Bunga & DP 0%) atau Split Payment.
🔁 Terima Tukar Tambah, dari tipe terlama sekalipun dengan taksiran tertinggi.
👑 Dibantu pindah data sampai beres & gratis pinjam unit cadangan kalau iPhone kamu butuh klaim garansi!

Nggak sempat ke toko? Tenang! Tinggal checkout lewat Tokopedia, Shopee, atau TikTok Shop kita. Ada CASHBACK hingga Jutaan Rupiah & pengiriman super aman plus cepat! 💨

Yuk, langsung serbu unitnya sebelum kehabisan! 👇

📍 Toko Kroya: Jl. Kroya No. 3, Kesiman, Denpasar Timur
📍 Toko Munang Maning: Jl. Subur No. 4, Pemecutan Klod, Denpasar Barat
⏰ Jam Operasional: Setiap Hari 09.00 - 22.00 WITA
📲 Admin WA: 081237200400 (Atau klik link di bio)
🛒 E-Commerce: Pura Pura Ponsel

Kualitas Tidak Pernah Pura-Pura — Solusi Tukar Tambah HP Terbaik di Bali.",0,"07/31/2026 18:00",https://www.instagram.com/p/DbenBpnDElu/,"IG carousel",,Lifetime,6645,1920,31,1,0,2,2
18111655784043692,17841463336603528,balinggih,"BALI BEHIND THE SCENE","Apa lagi yang bagus dikulik di Nusa Lembongan ini ya? Coba komen jep! 🤔

#balinggih #bali",94,"07/31/2026 08:33",https://www.instagram.com/reel/DbdlneGzC_u/,"IG reel",,Lifetime,9075,6850,435,27,3,17,0
18092563883160542,17841401356087722,ogohogohdenpasar,"Ogoh Ogoh Denpasar, Bali","BIKIN NOSTALGIA!!!
Ada Ogoh-Ogoh mu disini?
Seluruh ogoh-ogoh di The Ogoh-Ogoh Bali Museum sudah pernah di arak pada malam pengerupukan dan di pajang di museum ini.

#ogohogoh #ogohogohbali #ogohogohdenpasar #musiumogohogoh #ogohogohviral",68,"07/31/2026 04:30",https://www.instagram.com/reel/DbdJoqgBiif/,"IG reel",,Lifetime,25060,14285,490,8,1,4,0
18014817623874840,17841442251754246,sibliwira,"BLI WIRA","BAHASA MAJAPAHIT🙏🏻

#sibliwira #reelsvideo #reelsinstagram #reels",22,"07/31/2026 03:12",https://www.instagram.com/reel/DbdBSn7qUR6/,"IG reel",,Lifetime,56804,31349,1976,109,4,70,0
18145564936543582,17841414051683694,purapura.ponsel,"Pura Pura Ponsel","Kalian kalau ketemu influencer di jalan kira-kira mau ngapain guys? Ajak foto atau ajak sparring juga? 😄

Siapa nih teman kamu yang gaya pertamanya sangar tapi ending-nya kayak gini? Tag orangnya! 👇

Stop galau, saatnya ganti gadget baru tanpa ribet dan untung maksimal!
10 ribu ulasan bintang 5 di Google Maps!
Kunjungi Toko Kami Sekarang!

Toko Kroya: Jl. Kroya No. 3, Kesiman, Denpasar
Toko Munang Maning: Jl. Subur No. 4 Pemecutan Klod, Denpasar Barat
Jam Buka: Setiap Hari 09:00 - 22:00 WITA
Admin WA: 081237200400 (Klik Link di Bio!)
Tokopedia/Shopee/TikTok Shop: Pura Pura Ponsel

Kualitas Tidak Pernah Pura Pura - Solusi tukar tambah HP terbaik di Bali.",16,"07/31/2026 03:01",https://www.instagram.com/reel/DbdAFrejhpT/,"IG reel",,Lifetime,14009,8702,92,1,0,1,0
18116993263917223,17841401356087722,ogohogohdenpasar,"Ogoh Ogoh Denpasar, Bali","Solusi terbaik buat kamu yang lagi liburan di Bali tapi jadwalnya tidak bertepatan dengan momen perayaan Nyepi😇

Tahukah kamu? Secara tradisi, pawai Ogoh-ogoh hanya bisa disaksikan satu tahun sekali, tepatnya pada malam Pengerupukan (satu hari menjelang Hari Raya Nyepi). The Ogoh-Ogoh Bali Museum merupakan musim ogoh-ogoh pertama di Bali yang berlokasi di Area Taman Ayun. Jadikan liburanmu lebih bermakna dengan wisata budaya yang berkesan.🙌🏻

————

𝘛𝘩𝘦 𝘱𝘦𝘳𝘧𝘦𝘤𝘵 𝘴𝘰𝘭𝘶𝘵𝘪𝘰𝘯 𝘧𝘰𝘳 𝘵𝘩𝘰𝘴𝘦 𝘰𝘧 𝘺𝘰𝘶 𝘷𝘢𝘤𝘢𝘵𝘪𝘰𝘯𝘪𝘯𝘨 𝘪𝘯 𝘉𝘢𝘭𝘪 𝘸𝘩𝘰𝘴𝘦 𝘴𝘤𝘩𝘦𝘥𝘶𝘭𝘦 𝘥𝘰𝘦𝘴𝘯'𝘵 𝘤𝘰𝘪𝘯𝘤𝘪𝘥𝘦 𝘸𝘪𝘵𝘩 𝘵𝘩𝘦 𝘕𝘺𝘦𝘱𝘪 𝘤𝘦𝘭𝘦𝘣𝘳𝘢𝘵𝘪𝘰𝘯𝘴! 😇

𝘋𝘪𝘥 𝘺𝘰𝘶 𝘬𝘯𝘰𝘸? 𝘛𝘳𝘢𝘥𝘪𝘵𝘪𝘰𝘯𝘢𝘭𝘭𝘺, 𝘵𝘩𝘦 𝘖𝘨𝘰𝘩-𝘰𝘨𝘰𝘩 𝘱𝘢𝘳𝘢𝘥𝘦 𝘤𝘢𝘯 𝘰𝘯𝘭𝘺 𝘣𝘦 𝘸𝘪𝘵𝘯𝘦𝘴𝘴𝘦𝘥 𝘰𝘯𝘤𝘦 𝘢 𝘺𝘦𝘢𝘳, 𝘴𝘱𝘦𝘤𝘪𝘧𝘪𝘤𝘢𝘭𝘭𝘺 𝘰𝘯 𝘗𝘦𝘯𝘨𝘦𝘳𝘶𝘱𝘶𝘬𝘢𝘯 𝘯𝘪𝘨𝘩𝘵 (𝘵𝘩𝘦 𝘥𝘢𝘺 𝘣𝘦𝘧𝘰𝘳𝘦 𝘕𝘺𝘦𝘱𝘪 𝘋𝘢𝘺). 𝘛𝘩𝘦 𝘖𝘨𝘰𝘩-𝘖𝘨𝘰𝘩 𝘉𝘢𝘭𝘪 𝘔𝘶𝘴𝘦𝘶𝘮 𝘪𝘴 𝘵𝘩𝘦 𝘧𝘪𝘳𝘴𝘵 𝘰𝘨𝘰𝘩-𝘰𝘨𝘰𝘩 𝘮𝘶𝘴𝘦𝘶𝘮 𝘪𝘯 𝘉𝘢𝘭𝘪, 𝘭𝘰𝘤𝘢𝘵𝘦𝘥 𝘪𝘯 𝘵𝘩𝘦 𝘛𝘢𝘮𝘢𝘯 𝘈𝘺𝘶𝘯 𝘈𝘳𝘦𝘢. 𝘔𝘢𝘬𝘦 𝘺𝘰𝘶𝘳 𝘩𝘰𝘭𝘪𝘥𝘢𝘺 𝘮𝘰𝘳𝘦 𝘮𝘦𝘢𝘯𝘪𝘯𝘨𝘧𝘶𝘭 𝘸𝘪𝘵𝘩 𝘢𝘯 𝘶𝘯𝘧𝘰𝘳𝘨𝘦𝘵𝘵𝘢𝘣𝘭𝘦 𝘤𝘶𝘭𝘵𝘶𝘳𝘢𝘭 𝘵𝘰𝘶𝘳. 🙌🏻

📍JI. Ayodya No.1 Taman Ayun., Kec. Mengwi, Kabupaten Badung, Bali 
🕔 09.00 - 17.00 WITA",65,"07/29/2026 07:31",https://www.instagram.com/reel/DbYTWskBmRk/,"IG reel",,Lifetime,15763,10100,490,15,1,1,0
18201823414365201,17841463336603528,balinggih,"BALI BEHIND THE SCENE","Pada hari mangrove sedunia ini, berbagai komunitas yang tergabung ke dalam Forum Peduli Mangrove Bali, mengadakan aksi clean up dan penanaman bibit mangrove di Kawasan Tahura Ngurah Rai.

Melalui aksi positif ini, harapannya bisa menyelamatkan ekosistem pesisir (mangrove) Bali yang eksistensinya sudah terancam.

Take by Iphone 17 Pro Max from @purapura.ponsel 
#balinggih #bali",171,"07/26/2026 06:57",https://www.instagram.com/reel/DbQiyzyTeqh/,"IG reel",,Lifetime,19640,14284,491,58,4,33,0
18097955276257681,17841463336603528,balinggih,"BALI BEHIND THE SCENE","Jujur ini metaksu banget, sampe merinding nontonnya 🫵🥲

Ujian Hasil Penelitian Disertasi Tahap I “Angker Pancer Joged Pingitan Ngripta Solah Bhuwana Tiga Hyang di Singapadu Gianyar”

Oleh: Bapak I Wayan Sutirtha

Take by IPhone 17 PM from @purapura.ponsel 
#balinggih #bali",126,"07/23/2026 09:13",https://www.instagram.com/reel/DbJEISpTFSY/,"IG reel",,Lifetime,79848,59338,3871,209,11,39,0
17906052549288008,17841414051683694,purapura.ponsel,"Pura Pura Ponsel","✨Doa Akan Tampak Nyata Jika Di imbangi Usaha ✨

Stop galau, saatnya ganti gadget baru tanpa ribet dan untung maksimal!
10 ribu ulasan bintang 5 di Google Maps!
Kunjungi Toko Kami Sekarang!

inspirasi video by : @s.alleam @ant.war

Toko Kroya: Jl. Kroya No. 3, Kesiman, Denpasar
Toko Munang Maning: Jl. Subur No. 4 Pemecutan Klod, Denpasar Barat
Jam Buka: Setiap Hari 09:00 - 22:00 WITA
Admin WA: 081237200400 (Klik Link di Bio!)
Tokopedia/Shopee/TikTok Shop: Pura Pura Ponsel

Kualitas Tidak Pernah Pura Pura - Solusi tukar tambah HP terbaik di Bali.",38,"07/23/2026 04:45",https://www.instagram.com/reel/DbIlkdRjg0c/,"IG reel",,Lifetime,24672,16386,205,1,5,5,1
18082780703230205,17841414051683694,purapura.ponsel,"Pura Pura Ponsel","Kejadian sore ini di salah satu toko denpasar, salah satu warga nampaknya geram dengan aksi seseorang yang berkata ""jabe miskin"". Namun kerusuhan segera berhenti setelah kedatangan bapak (salah satu orang yang memiliki jiwa kesatria dan menguasai 4 element)

Kejadian di depan toko : pura pura ponsel

Nb : Kejadian hanya rekayasa (parody dan comedy) bertujuan untuk menghibur diri -admin

#purapuraponsel #iphonedenpasar #viral #bali",49,"07/20/2026 01:56",https://www.instagram.com/reel/DbAjW9KTcZz/,"IG reel",,Lifetime,351177,255119,9818,1364,60,1194,381
18101138099220765,17841463336603528,balinggih,"BALI BEHIND THE SCENE","Dari video singkat ini kita menyadari bahwa semakin sedikit minat generasi muda Bali untuk meniti karirnya di Tanah kelahirannya sendiri.

Tentu saja hal ini menjadi tantangan bagi “Nak Bali”: antara mempertahankan tradisi atau mempertahankan ekonomi?!

Take by Iphone 17 Pro Max from @purapura.ponsel
#balinggih #bali",129,"07/20/2026 00:08",https://www.instagram.com/reel/DbAXeB6zCjH/,"IG reel",,Lifetime,35884,26120,795,57,2,16,0
18088147784434927,17841414051683694,purapura.ponsel,"Pura Pura Ponsel","Akibat terlalu yakin, taruhan final berujung materai! 💸 Kira-kira siapa nih yang bakal nangis di pojokan setelah tahu skor akhirnya? 😭

Stop galau, saatnya ganti gadget baru tanpa ribet dan untung maksimal!
10 ribu ulasan bintang 5 di Google Maps!
Kunjungi Toko Kami Sekarang!

Toko Kroya: Jl. Kroya No. 3, Kesiman, Denpasar
Toko Munang Maning: Jl. Subur No. 4 Pemecutan Klod, Denpasar Barat
Jam Buka: Setiap Hari 09:00 - 22:00 WITA
Admin WA: 081237200400 (Klik Link di Bio!)
Tokopedia/Shopee/TikTok Shop: Pura Pura Ponsel

Kualitas Tidak Pernah Pura Pura - Solusi tukar tambah HP terbaik di Bali.",0,"07/19/2026 22:17",https://www.instagram.com/p/DbAK7IHkw10/,"IG carousel",,Lifetime,113247,39123,746,85,0,9,18
18113030810295153,17841414051683694,purapura.ponsel,"Pura Pura Ponsel","Beda kepala, beda isi dunia fantasi. 🧠✨, Pantesan sering gak nyambung kalau ngobrol 💀
Ternyata isi pikiran cowok vs cewek waktu lagi elus-elus kepala tuh sejauh ini jaraknya. Cewek butuh kepastian, cowok butuh End of Era yang indah

Stop galau, saatnya ganti gadget baru tanpa ribet dan untung maksimal!
10 ribu ulasan bintang 5 di Google Maps!
Kunjungi Toko Kami Sekarang!

Toko Kroya: Jl. Kroya No. 3, Kesiman, Denpasar
Toko Munang Maning: Jl. Subur No. 4 Pemecutan Klod, Denpasar Barat
Jam Buka: Setiap Hari 09:00 - 22:00 WITA
Admin WA: 081237200400 (Klik Link di Bio!)
Tokopedia/Shopee/TikTok Shop: Pura Pura Ponsel

Kualitas Tidak Pernah Pura Pura - Solusi tukar tambah HP terbaik di Bali.",52,"07/19/2026 04:32",https://www.instagram.com/reel/Da-QHh3TIKb/,"IG reel",,Lifetime,46491,25867,391,18,0,17,8
17964742935131452,17841414051683694,purapura.ponsel,"Pura Pura Ponsel","Laga Terakhir Messi atau Kejayaan Baru Spanyol? 🏆

Iseng-iseng berhadiah 200K dari Pura Pura Ponsel akankah Messi pensiun dengan trofi, atau digulung skuad muda Spanyol? 

Pertandingan live pada Senin, 20 Juli 2026 pukul 03.00 WITA. Jangan sampai kelewatan slotnya, langsung drop prediksi terbaikmu di kolom komentar sekarang! 👇👇

 Stop galau, saatnya ganti gadget baru tanpa ribet dan untung maksimal!
10 ribu ulasan bintang 5 di Google Maps!
Kunjungi Toko Kami Sekarang!

Toko Kroya: Jl. Kroya No. 3, Kesiman, Denpasar
Toko Munang Maning: Jl. Subur No. 4 Pemecutan Klod, Denpasar Barat
Jam Buka: Setiap Hari 09:00 - 22:00 WITA
Admin WA: 081237200400 (Klik Link di Bio!)
Tokopedia/Shopee/TikTok Shop: Pura Pura Ponsel

Kualitas Tidak Pernah Pura Pura - Solusi tukar tambah HP terbaik di Bali.",0,"07/18/2026 23:45",https://www.instagram.com/p/Da9wJllz7tl/,"IG image",,Lifetime,47836,24542,545,54,56,441,27
18608498452009924,17841414051683694,purapura.ponsel,"Pura Pura Ponsel","Perbedaan lah yang membuat kita sadar bahwa hidup itu harus saling melengkapi.
Saling menerima, saling merangkul, saling memahami, itulah bentuk dari Toleransi❤️

Karena hidup bukan soal hari ini, tapi jawaban hari esok hingga suatu saat nanti

#salamtoleransi #purapuraponsel #iphonedenpasar",17,"07/18/2026 21:05",https://www.instagram.com/reel/Da9duH2zdnx/,"IG reel",,Lifetime,26656,16364,974,6,19,36,11
18105592646090884,17841414051683694,purapura.ponsel,"Pura Pura Ponsel","Branding Bali yang ramah itu mahal, jangan sampai rusak karena ego personal🥺💔

Kejadian yang lagi ramai di media massa ini bikin kita semua mengelus dada. Tapi dari sini kita diingatkan lagi, kalau ada masalah pribadi, selesaikan secara bijak. Jangan pernah membawa-bawa suku, ras, agama, atau daerah.

Bagaimana pendapat Semeton melihat fenomena ini? Sampaikan opini bijak kalian di kolom komentar ya. 👇

Stop galau, saatnya ganti gadget baru tanpa ribet dan untung maksimal!
10 ribu ulasan bintang 5 di Google Maps!
Kunjungi Toko Kami Sekarang!

Toko Kroya: Jl. Kroya No. 3, Kesiman, Denpasar
Toko Munang Maning: Jl. Subur No. 4 Pemecutan Klod, Denpasar Barat
Jam Buka: Setiap Hari 09:00 - 22:00 WITA
Admin WA: 081237200400 (Klik Link di Bio!)
Tokopedia/Shopee/TikTok Shop: Pura Pura Ponsel

Kualitas Tidak Pernah Pura Pura - Solusi tukar tambah HP terbaik di Bali.",119,"07/18/2026 05:54",https://www.instagram.com/reel/Da71e65l4Ci/,"IG reel",,Lifetime,694482,483822,43518,1649,1110,2110,1819
18109044866005149,17841414051683694,purapura.ponsel,"Pura Pura Ponsel","CONGRAT'S KEPADA PEMENANG‼️

Pemanang di pilih dengan adil dan objektive, banyak yang jawab benar namun tidak sesuai rules. So pastikan semua RULES diikuti ya semeton.

Rules yang kami ciptakan saat ini berbeda dari yang lain agar tidak ada oknum yang asal menebak dan spam, sehingga challange jadi kurang menarik!

Buat yang belum menang tenang saja masih banyak kesempatan dan kedepannya bukan cuma bola yang ada challange, melainkan banyak lagi (Rahasia🤭)
Jadi ikuti terus perjalanan PURA PURA PONSEL!

Dan selamat kepada para pemenang, akan segera di hub admin kami :
- Spanyol V Belgia : @sudhyarsana_ (200K)
- Norway V Inggris : @roonall7 (100K)
- Argentina V Swiss : @rahmadgntng13 (100K)
- Prancis V Spanyol : Nihil🤣🫵

#purapuraponsel",59,"07/15/2026 05:46",https://www.instagram.com/reel/Da0FAJGTjRK/,"IG reel",,Lifetime,11478,7807,109,9,4,13,2
17913734373426366,17841414051683694,purapura.ponsel,"Pura Pura Ponsel","Ilmu survival tingkat dewa: Makan jamur 5 detik kemudian langsung upacara Ngaben! 😭🔥

jangan pernah sok tahu dan sembarangan makan jamur liar ya guys! 😂

Tag temen kalian yang suka sok tahu kayak gini! 👇

Stop galau, saatnya ganti gadget baru tanpa ribet dan untung maksimal!
10 ribu ulasan bintang 5 di Google Maps!
Kunjungi Toko Kami Sekarang!

Toko Kroya: Jl. Kroya No. 3, Kesiman, Denpasar
Toko Munang Maning: Jl. Subur No. 4 Pemecutan Klod, Denpasar Barat
Jam Buka: Setiap Hari 09:00 - 22:00 WITA
Admin WA: 081237200400 (Klik Link di Bio!)
Tokopedia/Shopee/TikTok Shop: Pura Pura Ponsel

Kualitas Tidak Pernah Pura Pura - Solusi tukar tambah HP terbaik di Bali.",58,"07/15/2026 03:01",https://www.instagram.com/reel/DazzSljDU1L/,"IG reel",,Lifetime,19725,12455,104,0,1,2,1
18069102140427143,17841414051683694,purapura.ponsel,"Pura Pura Ponsel","JANGAN PENGAKU GILA BOLA KALAU PREDIKSI INI AJA SALAH! 🤫⚽

Buat kalian yang jago prediksi, yuk ikutan Tebak Skor bareng Pura Pura Ponsel dan menangkan Hadiah 100K untuk pemenang yang beruntung! 💸

Stop galau, saatnya ganti gadget baru tanpa ribet dan untung maksimal!
10 ribu ulasan bintang 5 di Google Maps!
Kunjungi Toko Kami Sekarang!

Toko Kroya: Jl. Kroya No. 3, Kesiman, Denpasar
Toko Munang Maning: Jl. Subur No. 4 Pemecutan Klod, Denpasar Barat
Jam Buka: Setiap Hari 09:00 - 22:00 WITA
Admin WA: 081237200400 (Klik Link di Bio!)
Tokopedia/Shopee/TikTok Shop: Pura Pura Ponsel

Kualitas Tidak Pernah Pura Pura - Solusi tukar tambah HP terbaik di Bali.",0,"07/14/2026 23:39",https://www.instagram.com/p/DazcK3gT_ZB/,"IG image",,Lifetime,37486,16795,551,70,64,562,22
18080792192655256,17841414051683694,purapura.ponsel,"Pura Pura Ponsel","Support system terbaik. 🥺❤️

Rasa lelah seharian kerja langsung menguap begitu saja setelah mendengar ucapan tulus dari orang tersayang💖
Tag support system kamu yang selalu ada dalam keadaan apa pun! 👇

Stop galau, saatnya ganti gadget baru tanpa ribet dan untung maksimal!
10 ribu ulasan bintang 5 di Google Maps!
Kunjungi Toko Kami Sekarang!

Toko Kroya: Jl. Kroya No. 3, Kesiman, Denpasar
Toko Munang Maning: Jl. Subur No. 4 Pemecutan Klod, Denpasar Barat
Jam Buka: Setiap Hari 09:00 - 22:00 WITA
Admin WA: 081237200400 (Klik Link di Bio!)
Tokopedia/Shopee/TikTok Shop: Pura Pura Ponsel

Kualitas Tidak Pernah Pura Pura - Solusi tukar tambah HP terbaik di Bali.",22,"07/14/2026 18:01",https://www.instagram.com/reel/Day1ja2HFCs/,"IG reel",,Lifetime,12790,8961,149,10,4,1,7
18080877233263170,17841414051683694,purapura.ponsel,"Pura Pura Ponsel","Definisi ""Teman tapi Rival"" yang sesungguhnya. 🇦🇷🤝🇫🇷

Awalnya sih friends, pas tahu negaranya beda langsung naik level jadi best friends (versi siap tanding). Kalau kalian di posisi mereka, bakal ikutan tatap-tatapan gini juga gak? Coba komen di bawah!🤣

Stop galau, saatnya ganti gadget baru tanpa ribet dan untung maksimal!
10 ribu ulasan bintang 5 di Google Maps!
Kunjungi Toko Kami Sekarang!

Toko Kroya: Jl. Kroya No. 3, Kesiman, Denpasar
Toko Munang Maning: Jl. Subur No. 4 Pemecutan Klod, Denpasar Barat
Jam Buka: Setiap Hari 09:00 - 22:00 WITA
Admin WA: 081237200400 (Klik Link di Bio!)
Tokopedia/Shopee/TikTok Shop: Pura Pura Ponsel

Kualitas Tidak Pernah Pura Pura - Solusi tukar tambah HP terbaik di Bali.",8,"07/14/2026 03:01",https://www.instagram.com/reel/DaxOjVbjTIo/,"IG reel",,Lifetime,25307,13098,112,1,0,1,2
17937236862317728,17841414051683694,purapura.ponsel,"Pura Pura Ponsel","Big match super seru bakal tersaji! Prancis vs Spanyol di hari Rabu, 15 Juli 2026 jam 03.00 WITA. Kira-kira siapa nih yang bakal melaju dan angkat trofi? 🏆

Yuk, uji prediksi kamu di kolom komentar dan bawa pulang hadiah total Rp 100.000 dari Pura Pura Ponsel!

Stop galau, saatnya ganti gadget baru tanpa ribet dan untung maksimal!
10 ribu ulasan bintang 5 di Google Maps!
Kunjungi Toko Kami Sekarang!

Toko Kroya: Jl. Kroya No. 3, Kesiman, Denpasar
Toko Munang Maning: Jl. Subur No. 4 Pemecutan Klod, Denpasar Barat
Jam Buka: Setiap Hari 09:00 - 22:00 WITA
Admin WA: 081237200400 (Klik Link di Bio!)
Tokopedia/Shopee/TikTok Shop: Pura Pura Ponsel

Kualitas Tidak Pernah Pura Pura - Solusi tukar tambah HP terbaik di Bali.",0,"07/14/2026 01:50",https://www.instagram.com/p/DaxGdWKztos/,"IG image",,Lifetime,27332,11837,387,58,19,360,21
17931774102351051,17841414051683694,purapura.ponsel,"Pura Pura Ponsel","Datang pas lagi terang, hilang pas lagi mendung. Klasik banget! 🤫

Hati yang sama, namun perasaan yang berbeda. Ketika kesetiaan dibalas dengan kehadiran orang baru. Sadar diri lebih baik daripada bertahan dalam ketidakpastian. 💔

Stop galau, saatnya ganti gadget baru tanpa ribet dan untung maksimal!
10 ribu ulasan bintang 5 di Google Maps!
Kunjungi Toko Kami Sekarang!

Toko Kroya: Jl. Kroya No. 3, Kesiman, Denpasar
Toko Munang Maning: Jl. Subur No. 4 Pemecutan Klod, Denpasar Barat
Jam Buka: Setiap Hari 09:00 - 22:00 WITA
Admin WA: 081237200400 (Klik Link di Bio!)
Tokopedia/Shopee/TikTok Shop: Pura Pura Ponsel

Kualitas Tidak Pernah Pura Pura - Solusi tukar tambah HP terbaik di Bali.",67,"07/13/2026 03:01",https://www.instagram.com/reel/Daupy1wDQ3V/,"IG reel",,Lifetime,20356,14536,214,8,3,0,4
18094567181085135,17841463336603528,balinggih,"BALI BEHIND THE SCENE","SEMETON ADA YANG MAU GOPAY 50K GRATIS?!! 😱

Halo Semeton Denpasar! @purapura.ponsel lagi nyari orang asli Denpasar buat ngisi survey penting nih. Gaakan lama kok, cuma butuh waktu kurang dari 5 menit aja! Sambil makan, sambil mancing, atau bahkan sambil salto juga boleh, yang penting diisi yaaa😉

Ada Benefit saldo GoPay senilai Rp 50.000 untuk 50 ORANG TERCEPAT yang beruntung! 🥳🔥

Syaratnya gampang banget:
🔹 Orang asli / tinggal di Denpasar
🔹 Jenis kelamin & umur: BEBAS!

Yuk, langsung klik link survey di bawah ini 👇🏻https://forms.gle/GUNSB45UZ3yEdqU89

Gaskeun, jangan sampai keduluan yang lain! 🏃💨",0,"07/13/2026 00:21",https://www.instagram.com/p/DauXdeNzeO1/,"IG image",,Lifetime,22025,9736,126,23,0,3,0
18536908957074106,17841453969800524,rumahanakseni.id,"PT Rumah Anak Seni","Btw itu mbok yang di belakang lagi nyari godoh, eh jodoh maksudnya 🫣🤭

Take by IPhone 17 Pro Max from @purapura.ponsel 
Saput & udeng by @wulanbusana 
#pestakesenianbali #rumahanakseni #balinggih #bali",74,"07/12/2026 22:27",https://www.instagram.com/reel/DauKQrTJqk6/,"IG reel",,Lifetime,47760,30931,661,23,1,17,0
17899559667471950,17841453969800524,rumahanakseni.id,"PT Rumah Anak Seni","Jeg tekek sajan sebeng wi ne nah, takut dadine 🥶

Take by Iphone 17 Pro Max from @purapura.ponsel 
Saput host by @wulanbusana 
#pestakesenianbali #rumahanakseni #bali #balinggih",132,"07/12/2026 09:36",https://www.instagram.com/reel/Dasx6U6poUz/,"IG reel",,Lifetime,18749,12774,372,24,4,6,0
18373277950237425,17841414051683694,purapura.ponsel,"Pura Pura Ponsel","Berbagi bukan tentang seberapa besar yang diberikan, tapi tentang ketulusan untuk saling meringankan. Terima kasih untuk setiap senyuman hari ini! 🙏❤️

stop galau, saatnya ganti gadget baru tanpa ribet dan untung maksimal!
10 ribu ulasan bintang 5 di Google Maps!
Kunjungi Toko Kami Sekarang!

Toko Kroya: Jl. Kroya No. 3, Kesiman, Denpasar
Toko Munang Maning: Jl. Subur No. 4 Pemecutan Klod, Denpasar Barat
Jam Buka: Setiap Hari 09:00 - 22:00 WITA
Admin WA: 081237200400 (Klik Link di Bio!)
Tokopedia/Shopee/TikTok Shop: Pura Pura Ponsel

Kualitas Tidak Pernah Pura Pura - Solusi tukar tambah HP terbaik di Bali.",46,"07/12/2026 03:19",https://www.instagram.com/reel/DasFCoWzItT/,"IG reel",,Lifetime,9979,5662,41,0,1,0,1
18182496493397095,17841401356087722,ogohogohdenpasar,"Ogoh Ogoh Denpasar, Bali","Ini Dia Seluruh Gerakan Ogoh-Ogoh G.A.J.A.H. Banjar Tainsiat pada @dyouthfest di Lapangan Puputan - Sabtu, 11 Juli 2026 @stysbtainsiat @keduxgarage 

Shoot menggunakan Iphone 17 Pro Max dari @purapura.ponsel 

#ogohogoh #ogohogohbali #ogohogohdenpasar #ogohogoh2026 #tainsiat",131,"07/11/2026 20:11",https://www.instagram.com/reel/DarVKP1BdGE/,"IG reel",,Lifetime,414815,360369,38920,15640,79,88,0
17891136936577280,17841414051683694,purapura.ponsel,"Pura Pura Ponsel","HARGA IPHONE MAKIN NAIK ?! 😳

Tenang, Promo Spesial Bulan Juli di Pura Pura Ponsel tetep aman!

✨ 15 128 : 11.999K
✨ 16 128 : 14.499K
✨ 17 256 : 16.999K
✨ Air 256 : 15.999K

Ga kalah menarik tentunya ada promo khusus Mac dan Apple Watch! 

💰 Pembayaran fleksibel: Cash, Kredit, atau Tukar
Tambah HP apapun!
👩🏼‍💻 Aftersales juara: Dibantu klaim garansi & dipinjemin
HP cadangan selama proses klaim/servis!
👨🏻‍🚒 Punya teknisi handal yang bisa tangani sampai
turun mesin.
🛒 Luar kota aman, bisa transaksi via E-Commerce!

Stop galau, saatnya ganti gadget baru tanpa ribet dan untung maksimal!
10 ribu ulasan bintang 5 di Google Maps!

Kunjungi Toko Kami Sekarang!
📍Toko Kroya: JI. Kroya No. 3, Kesiman, Denpasar 
📍Toko Munang Maning: Jl. Subur No. 4 Pemecutan Klod, Denpasar Barat
🕘 Jam Buka: Setiap Hari 09:00 - 22:00 WITA
📲 Admin WA: 081237200400 (Klik Link di Bio!)
🛒 Tokopedia/Shopee/TikTok Shop: Pura Pura Ponsel

Kualitas Tidak Pernah Pura Pura - Solusi tukar tambah
HP terbaik di Bali.",64,"07/11/2026 19:11",https://www.instagram.com/reel/DarPLL3gXGY/,"IG reel",,Lifetime,161270,383202,153,25,7,6,10
17962436913141009,17841463336603528,balinggih,"BALI BEHIND THE SCENE","Hidup perempuan yang melawan!

Take video by IPhone 17 Pro Max from @purapura.ponsel 
#balinggih #pestakesenianbali #bali",47,"07/11/2026 12:18",https://www.instagram.com/reel/DaqfzK1T9Nx/,"IG reel",,Lifetime,79497,54974,1246,33,3,22,0
18114633655902019,17841401356087722,ogohogohdenpasar,"Ogoh Ogoh Denpasar, Bali","G.A.J.A.H. G.A.G.A.H.!!!
Gerakan Lemuh Ogoh-Ogoh G.A.J.A.H. Banjar Tainsiat di Lapangan I Gusti Ngurah Made Agung(Lapangan Puputan) Denpasar pada acara @dyouthfest 

Shoot menggunakan Iphone 17 Pro Max dari @purapura.ponsel 

#ogohogoh #ogohogohbali #ogohogohdenpasar #ogohogoh2026 #tainsiat",165,"07/11/2026 06:43",https://www.instagram.com/reel/Dap5YGcBxhE/,"IG reel",,Lifetime,674191,459857,46040,9055,104,559,0
17898688281530140,17841414051683694,purapura.ponsel,"Pura Pura Ponsel","TEBAK SKOR BERHADIAH 100K! 🎁⚽ ARGENTINA VS SWISS!

Laga panas Argentina lawan Swiss bakal nemenin Minggu pagi kalian nih! Biar nontonnya makin greget, Kira-kira siapa yang bakal bawa negaranya menang di laga big match kali ini? Daripada cuma nonton, mending ikutan Tebak Skor di Pura Pura Ponsel dan bawa pulang hadiahnya! 🤩

Stop galau, saatnya ganti gadget baru tanpa ribet dan untung maksimal!
10 ribu ulasan bintang 5 di Google Maps!
Kunjungi Toko Kami Sekarang!

Toko Kroya: Jl. Kroya No. 3, Kesiman, Denpasar
Toko Munang Maning: Jl. Subur No. 4 Pemecutan Klod, Denpasar Barat
Jam Buka: Setiap Hari 09:00 - 22:00 WITA
Admin WA: 081237200400 (Klik Link di Bio!)
Tokopedia/Shopee/TikTok Shop: Pura Pura Ponsel

Kualitas Tidak Pernah Pura Pura - Solusi tukar tambah HP terbaik di Bali.",0,"07/11/2026 02:31",https://www.instagram.com/p/Dapcp5rzyqD/,"IG image",,Lifetime,23084,10786,510,134,90,545,33
18101402621169212,17841401356087722,ogohogohdenpasar,"Ogoh Ogoh Denpasar, Bali","Ogoh-Ogoh G.A.J.A.H. Banjar Tainsiat sudah berada di Lapangan I Gusti Ngurah Made Agung(Lapangan Puputan) Denpasar pada acara @dyouthfest 
#ogohogoh #ogohogohbali #ogohogohdenpasar #ogohogoh2026 #tainsiat",64,"07/11/2026 00:58",https://www.instagram.com/reel/DapR8phh0Nv/,"IG reel",,Lifetime,78968,51991,3908,310,8,26,0
18110142538759105,17841414051683694,purapura.ponsel,"Pura Pura Ponsel","Cuma modal jempol, bisa dapet 100 ribu gratis! Gak mau?🔥

Erling Haaland vs Harry Kane bakal adu tajam nih! Kira-kira siapa yang bakal bawa negaranya menang di laga big match kali ini? Daripada cuma nonton, mending ikutan Tebak Skor di Pura Pura Ponsel dan bawa pulang hadiahnya! 🤩

Stop galau, saatnya ganti gadget baru tanpa ribet dan untung maksimal!
10 ribu ulasan bintang 5 di Google Maps!
Kunjungi Toko Kami Sekarang!

Toko Kroya: Jl. Kroya No. 3, Kesiman, Denpasar
Toko Munang Maning: Jl. Subur No. 4 Pemecutan Klod, Denpasar Barat
Jam Buka: Setiap Hari 09:00 - 22:00 WITA
Admin WA: 081237200400 (Klik Link di Bio!)
Tokopedia/Shopee/TikTok Shop: Pura Pura Ponsel

Kualitas Tidak Pernah Pura Pura - Solusi tukar tambah HP terbaik di Bali.",0,"07/10/2026 23:52",https://www.instagram.com/p/DapKbL6zyrM/,"IG image",,Lifetime,26621,11497,500,123,15,441,29
17905931124448052,17841414051683694,purapura.ponsel,"Pura Pura Ponsel","Kalau bisa balik ke tahun 2016, satu pesan apa yang pengen kamu sampaikan ke diri kamu yang dulu? 🤔
Tulis di kolom komentar ya!🥰

top galau, saatnya ganti gadget baru tanpa ribet dan untung maksimal!
10 ribu ulasan bintang 5 di Google Maps!
Kunjungi Toko Kami Sekarang!

Toko Kroya: Jl. Kroya No. 3, Kesiman, Denpasar
Toko Munang Maning: Jl. Subur No. 4 Pemecutan Klod, Denpasar Barat
Jam Buka: Setiap Hari 09:00 - 22:00 WITA
Admin WA: 081237200400 (Klik Link di Bio!)
Tokopedia/Shopee/TikTok Shop: Pura Pura Ponsel

Kualitas Tidak Pernah Pura Pura - Solusi tukar tambah HP terbaik di Bali.",16,"07/10/2026 19:01",https://www.instagram.com/reel/DaopNQukX-Q/,"IG reel",,Lifetime,12512,6640,42,0,0,16,2
17871663588546478,17841453969800524,rumahanakseni.id,"PT Rumah Anak Seni","Klee kabur konyange 🫵😭

Take by Iphone 17 Pro Max from @purapura.ponsel 
#pestakesenianbali #rumahanakseni #bali #balinggih",58,"07/10/2026 08:15",https://www.instagram.com/reel/Dane-oEJYc1/,"IG reel",,Lifetime,37107,24175,337,5,3,6,0
18457797256119220,17841414051683694,purapura.ponsel,"Pura Pura Ponsel","MODAL TEBAK SKOR BISA DAPET 200K? MAU BANGET LAH! 🔥

Big match seru bakal tersaji besok subuh! Spanyol siap beradu taktik melawan Belgia di SoFi Stadium. Kira-kira siapa yang bakal keluar sebagai pemenang dan berapa skor akhirnya?

Yuk, ikutan Tebak Skor dan bawa pulang Hadiah Rp 200.000 buat kamu yang tebakannya paling jitu! 🔥

Stop galau, saatnya ganti gadget baru tanpa ribet dan untung maksimal!
10 ribu ulasan bintang 5 di Google Maps!
Kunjungi Toko Kami Sekarang!

Toko Kroya: Jl. Kroya No. 3, Kesiman, Denpasar
Toko Munang Maning: Jl. Subur No. 4 Pemecutan Klod, Denpasar Barat
Jam Buka: Setiap Hari 09:00 - 22:00 WITA
Admin WA: 081237200400 (Klik Link di Bio!)
Tokopedia/Shopee/TikTok Shop: Pura Pura Ponsel

Kualitas Tidak Pernah Pura Pura - Solusi tukar tambah HP terbaik di Bali.",0,"07/10/2026 02:09",https://www.instagram.com/p/Dam1a2bTHqD/,"IG image",,Lifetime,33349,14737,759,161,210,843,31
18104931224014015,17841414051683694,purapura.ponsel,"Pura Pura Ponsel","Kalian Tim Biru Prancis 🇫🇷 atau Tim Merah Maroko 🇲🇦? Siapa yang bakal goal pertama? Mbappe atau Hakimi? 🥊🔥

Pertandingan subuh ini (Jumat, 10 Juli 2026) dijamin bakal panas banget! Biar nobar kalian makin membara, PURA PURA PONSEL lagi baik hati mau bagi-bagi hadiah total 200 RIBU RUPIAH buat yang tebakannya paling jitu dan beruntung! 🤑💸

⚠️ S&K LANGSUNG CEK DI FEEDS YA ❗️❗️❗️

Stop galau, saatnya ganti gadget baru tanpa ribet dan untung maksimal!
10 ribu ulasan bintang 5 di Google Maps!
Kunjungi Toko Kami Sekarang!

Toko Kroya: Jl. Kroya No. 3, Kesiman, Denpasar
Toko Munang Maning: Jl. Subur No. 4 Pemecutan Klod, Denpasar Barat
Jam Buka: Setiap Hari 09:00 - 22:00 WITA
Admin WA: 081237200400 (Klik Link di Bio!)
Tokopedia/Shopee/TikTok Shop: Pura Pura Ponsel

Kualitas Tidak Pernah Pura Pura - Solusi tukar tambah HP terbaik di Bali.",0,"07/08/2026 19:58",https://www.instagram.com/p/DajlCX5zkv0/,"IG image",,Lifetime,51007,22484,1019,287,404,1084,60
18549547549073554,17841414051683694,purapura.ponsel,"Pura Pura Ponsel","Detik-Detik Pengundian Hadiah Utama Paling Unik di Bali! 😱💥

Matur suksma atas antusiasme luar biasa dari warga Bali di acara Gebyar Buah Premium kemarin! 🥳 Lapak langsung ludes dalam sekejap dan selamat untuk Ibu Sukasih sebagai pemenang utama 1 ekor celeng (Ica)!

Bagi yang kemarin belum beruntung atau belum sempat mampir, jangan khawatir. Hubungi admin lewat ruang obrolan ini untuk tahu promo gadget terbaru atau servis harian di Pura Pura Ponsel! 👇

Stop galau, saatnya ganti gadget baru tanpa ribet dan untung maksimal!
10 ribu ulasan bintang 5 di Google Maps!
Kunjungi Toko Kami Sekarang!

Toko Kroya: Jl. Kroya No. 3, Kesiman, Denpasar
Toko Munang Maning: Jl. Subur No. 4 Pemecutan Klod, Denpasar Barat
Jam Buka: Setiap Hari 09:00 - 22:00 WITA
Admin WA: 081237200400 (Klik Link di Bio!)
Tokopedia/Shopee/TikTok Shop: Pura Pura Ponsel

Kualitas Tidak Pernah Pura Pura - Solusi tukar tambah HP terbaik di Bali.",74,"07/08/2026 03:01",https://www.instagram.com/reel/DahxxnSjr2t/,"IG reel",,Lifetime,133557,104400,1599,73,73,11,41
18112255063733415,17841414051683694,purapura.ponsel,"Pura Pura Ponsel","Detik-detik panitia panik gara-gara si ICA KABUR! 😭😂🐖

Saking serunya event kemarin, jualan buah premium diskon 50% langsung diserbu dan ludes! Nggak kalah heboh pas hadiah utama 1 ekor celengnya sempat lepas dan bikin kocar-kacir seisi booth. Selamat untuk Ibu Sukasih yang udah berhasil bawa pulang hadiah utamanya ya! Matur suksma untuk antusiasme warga semuaa✨🤩

Stop galau, saatnya ganti gadget baru tanpa ribet dan untung maksimal!
10 ribu ulasan bintang 5 di Google Maps!
Kunjungi Toko Kami Sekarang!

Toko Kroya: Jl. Kroya No. 3, Kesiman, Denpasar
Toko Munang Maning: Jl. Subur No. 4 Pemecutan Klod, Denpasar Barat
Jam Buka: Setiap Hari 09:00 - 22:00 WITA
Admin WA: 081237200400 (Klik Link di Bio!)
Tokopedia/Shopee/TikTok Shop: Pura Pura Ponsel

Kualitas Tidak Pernah Pura Pura - Solusi tukar tambah HP terbaik di Bali.",88,"07/07/2026 21:34",https://www.instagram.com/reel/DahMVpnoGvc/,"IG reel",,Lifetime,24321,14229,158,1,1,1,3
18088700024543831,17841453969800524,rumahanakseni.id,"PT Rumah Anak Seni","Itu kok ada yang pake sepatu pas mekamen, mau negen ogoh-ogoh kah?! 🫵😭

Take by Iphone 17 PM from @purapura.ponsel 
#pestakesenianbali #bali #rumahanakseni #balinggih",167,"07/07/2026 08:10",https://www.instagram.com/reel/DafwKQzp71k/,"IG reel",,Lifetime,44706,30146,657,38,4,9,0
18115847962913485,17841414051683694,purapura.ponsel,"Pura Pura Ponsel","STOP SCROLLING! MODAL 5 MENIT BISA DAPET GOPAY 50K😱

Halo Semeton Denpasar! Pura Pura Ponsel lagi nyari orang asli Denpasar buat ngisi survey penting nih. Gaakan lama kok, cuma butuh waktu kurang dari 5 menit aja! Sambil makan, sambil mancing, atau bahkan sambil salto juga boleh, yang penting diisi yaaa😉

Ada Benefit saldo GoPay senilai Rp 50.000 untuk 50 ORANG TERCEPAT yang beruntung! 🥳🔥

Syaratnya gampang banget:
🔹 Orang asli / tinggal di Denpasar
🔹 Jenis kelamin & umur: BEBAS!

Yuk, langsung klik link survey di bawah ini 👇🏻
https://forms.gle/GUNSB45UZ3yEdqU89

Gaskeun, jangan sampai keduluan yang lain! 🏃💨",0,"07/06/2026 05:12",https://www.instagram.com/p/Dac3MrBoHBm/,"IG image",,Lifetime,33986,14519,176,25,2,15,11
18463073947129867,17841414051683694,purapura.ponsel,"Pura Pura Ponsel","SIAP-SIAP BORONG! PROMO UGAL-UGALAN ALL APPLE DEVICE DI PURA PURA PONSEL! 🤩🔥

Pengen upgrade ke iphone idaman atau apple watch new series tapi takut rekening nangis? Tenang, ini saatnya kamu sikat promo gila-gilaan yang gak bikin kantong jebol! 🚀✨

Kenapa wajib beli Apple Device kamu di Pura Pura Ponsel?
📜 Garansi Resmi & Aman: Kualitas produk orisinal 100% dan bergaransi terpercaya.
💸 Kredit Anti Ribet: Dapatkan promo bunga spesial dan pilihan DP 0%!
🔄 Tukar Tambah Spesial: Kami terima tukar tambah dari seri terlama sekalipun dengan harga tinggi.
💳 Bisa Split Payment: Gabung cash, transfer, atau limit paylater? Bebas diatur!
📲 Free Pindah Data: Duduk manis aja, semua data dari HP lamamu dibantu pindahin sampai tuntas oleh staf kami.
🛡 After Sales Juara: Layanan pasca-pembelian yang fast response dan siap bantu kalau ada kendala.

Stock promo terbatas ya, Bestie! Buruan DM admin sekarang atau langsung meluncur ke toko sebelum kehabisan unit incaranmu! 👇🏃‍♂️

Toko Kroya: Jl. Kroya No. 3, Kesiman, Denpasar
Toko Munang Maning: Jl. Subur No. 4 Pemecutan Klod, Denpasar Barat
Jam Buka: Setiap Hari 09:00 - 22:00 WITA
Admin WA: 081237200400 (Klik Link di Bio!)
Tokopedia/Shopee/TikTok Shop: Pura Pura Ponsel

Kualitas Tidak Pernah Pura Pura - Solusi tukar tambah HP terbaik di Bali.",60,"07/06/2026 04:19",https://www.instagram.com/reel/DacxKBvlW_Z/,"IG reel",,Lifetime,74711,422475,102,1,4,0,0
18103351036877077,17841453969800524,rumahanakseni.id,"PT Rumah Anak Seni","Gini antusias mereka untuk tampil di Pesta Kesenian Bali 2026 🫵😆

Take by Iphone 17 Pro Max from @purapura.ponsel 
#bali #pestakesenianbali #rumahanakseni #balinggih",108,"07/04/2026 18:46",https://www.instagram.com/reel/DaZJ2Ywpuz6/,"IG reel",,Lifetime,51685,31725,920,29,9,16,0
18016201733856577,17841414051683694,purapura.ponsel,"Pura Pura Ponsel","Pengen Upgrade HP Tapi Dompet Lagi ""Diet""? 😆💸

Jangan dipaksa nabung sampai setahun kalau ada cara yang jauh lebih asik dan antiribet! Di Pura Pura Ponsel, kamu bisa bawa pulang HP impian hari ini, bayarnya belakangan.

Kerennya lagi, kamu bisa ajukan secara ONLINE dari rumah aja lho! 📱✨

Nikmati berbagai benefit cicilan yang ramah di kantong:
✨ Tanpa Kartu Kredit? Jelas bisa!
✨ Cicilan 0%? Ada banget!
✨ FREE 2x Cicilan? Bisa dong!
✨ DP 0 Rupiah? Yuk, cek syarat gampangnya!

Bebas pilih paylater atau finance kesayanganmu:
🤝 Home Credit, Indodana, Akulaku, Kredivo, Samsung Finance+, Gopaylater, Spaylater limit X-tra, & Spectra.

Syaratnya? Cukup modal KTP aja! Daripada nunda-nunda sampai HP incaranmu naik harga, mending langsung gas hubungi admin kami sekarang! 

Jangan biarkan HP lama kamu nganggur dan turun harga terus-menerus. Tukarkan dengan unit baru yang 100% aman all operator di toko kami dengan segudang keuntungan. Tukar tambah dan Kredit ? Bisa banget dong! 🤩

Toko Kroya: Jl. Kroya No. 3, Kesiman, Denpasar
Toko Munang Maning: Jl. Subur No. 4 Pemecutan Klod, Denpasar Barat
Jam Buka: Setiap Hari 09:00 - 22:00 WITA
Admin WA: 081237200400 (Klik Link di Bio!)
Tokopedia/Shopee/TikTok Shop: Pura Pura Ponsel

Kualitas Tidak Pernah Pura Pura - Solusi tukar tambah HP terbaik di Bali.",60,"07/04/2026 03:24",https://www.instagram.com/reel/DaXhNurgT0e/,"IG reel",,Lifetime,66554,427496,81,4,3,0,0
17977921530024834,17841414051683694,purapura.ponsel,"Pura Pura Ponsel","🔥 ANDROID BARU, PROMO BIKIN NGILU! 🔥

Ngapain tahan-tahan pakai HP lemot kalau ada PROMO UGAL-UGALAN yang nggak bakal bikin kantong jebol? Cuma di Pura Pura Ponsel yang berani kasih deal segila ini! 🤪👇

Kenapa ribuan warga Bali kalau upgrade gadget selalu ke Pura Pura Ponsel?
🎁 Garansi Resmi & 100% Original (Kualitas dijamin sama!).
💸 DP 0% & Bunga Spesial buat yang mau kredit.
🔄 Tukar Tambah Spesial: HP jadul/rusak pun bisa kita taksir dengan harga terbaik!
💳 Split Payment? Bisa banget, diatur aja enaknya gimana.
👨‍💻 Gak Ribet: Data dari HP lama dibantu pindahin sampai beres!
🛠 After Sales Juara: Fast response dan siap bantu kalau ada kendala.

🎁 BONUS TAMBAHAN:
Setiap pembelian Android Brand New, kamu berkesempatan ikutan Gegemetan dengan hadiah Voucher Belanja jutaan rupiah sampai FREE HANDPHONE! 📱✨

Berkesempatan mendapatkan FREE Minyak Goreng disetiap harinya, Khusus 3 orang tercepat! 🤩

Gak usah mikir lama-lama, keburu kehabisan! Buruan DM kita atau langsung gas ke offline store terdekat, gak sempat ke toko? bisa co di eccomerce yaa🤏🏻

Toko Kroya: Jl. Kroya No. 3, Kesiman, Denpasar
Toko Munang Maning: Jl. Subur No. 4 Pemecutan Klod, Denpasar Barat
Jam Buka: Setiap Hari 09:00 - 22:00 WITA
Admin WA: 081237200400 (Klik Link di Bio!)
Tokopedia/Shopee/TikTok Shop: Pura Pura Ponsel

Kualitas Tidak Pernah Pura Pura - Solusi tukar tambah HP terbaik di Bali.",60,"07/03/2026 04:18",https://www.instagram.com/reel/DaVCofHlvAd/,"IG reel",,Lifetime,71758,467137,49,1,3,2,1
18081708419393446,17841463336603528,balinggih,"BALI BEHIND THE SCENE","Sabar sabar mbok, lagi berjuang itu timnya 🫵😩

Take by Iphone 17 pro max from @purapura.ponsel 
#balinggih #bali #pestakesenianbali #rumahanakseni",43,"07/03/2026 00:53",https://www.instagram.com/reel/DaUqkcbTJTd/,"IG reel",,Lifetime,90550,67360,3881,112,5,71,0
18057377294758214,17841414051683694,purapura.ponsel,"Pura Pura Ponsel","Gak Pake Ribet, Tinggal Klik Langsung Sampe! 🚛

Belanja kebutuhan gadget dan elektronik sekarang makin gampang. Gak perlu macet-macetan di jalan, cukup rebahan dan pilih unit favorit kamu di toko ecommerce kami! 🛒✨

🎁 Produk 100% Original
🎁 Proses Cepat & Aman
🎁 Banyak Promo Eksklusif App

Siap kirim ke Seluruh Indonesia! 🤩💨
Langsung cek katalog lengkapnya di link bio ya!

Toko Kroya: Jl. Kroya No. 3, Kesiman, Denpasar
Toko Munang Maning: Jl. Subur No. 4 Pemecutan Klod, Denpasar Barat
Jam Buka: Setiap Hari 09:00 - 22:00 WITA
Admin WA: 081237200400 (Klik Link di Bio!)
Tokopedia/Shopee/TikTok Shop: Pura Pura Ponsel

Kualitas Tidak Pernah Pura Pura - Solusi tukar tambah HP terbaik di Bali.",57,"07/02/2026 03:01",https://www.instagram.com/reel/DaSVB1gjC0w/,"IG reel",,Lifetime,112366,487636,96,2,4,1,5
18564390907071769,17841401870239980,depraz_,"Deka Pratama Satya Alam","Panduan Beli Apple JULI 2026🍎

iPad & Mac Naik Drastis📈

(Updated List 1 Juli 2026, Berlaku sampai 11 Juli 2026)

#apple #iphone #tech #gadget",0,"07/01/2026 05:04",https://www.instagram.com/p/DaP-ZPgEuyW/,"IG carousel",,Lifetime,150588,86675,2326,742,83,57,0
18011059223925509,17841442251754246,sibliwira,"BLI WIRA","SESUAI BUDGET

#sibliwira #reelsvideo #reelsinstagram #reels",75,"07/01/2026 03:20",https://www.instagram.com/reel/DaPyO6dqGoY/,"IG reel",,Lifetime,191377,125170,9489,490,32,130,0
17862271674649619,17841414051683694,purapura.ponsel,"Pura Pura Ponsel","Niatnya mau benerin HP matot, malah data pribadi diintip teknisi?"" 🤯 Gak sengaja kebaca atau emang sengaja dibuka? Badut banget!

Sering banget denger cerita horor konsumen yang trauma servis HP karena takut privasi, chat, atau galeri fotonya diutak-atik. Bukannya HP bener, malah pusing mikirin data bocor! 💸❌

Tenang, di Pura Pura Ponsel, keamanan data kamu adalah harga mati. Gak ada yang namanya ""pura-pura gak tahu"" lalu buka privasi konsumen.

Teknisi kami bekerja secara profesional dengan peralatan presisi, fokus 100% pada perbaikan mesin:
✅ Mati Total (Matot)
✅ Short / Konsleting Mesin
✅ Overheat (Cepat Panas)

Mau konsultasi dulu? Tenang, privasi aman, pengecekan transparan. Siapa tahu cuma masalah kecil!

Toko Kroya: Jl. Kroya No. 3, Kesiman, Denpasar
Toko Munang Maning: Jl. Subur No. 4 Pemecutan Klod, Denpasar Barat
Jam Buka: Setiap Hari 09:00 - 22:00 WITA
Admin WA: 081237200400 (Klik Link di Bio!)
Tokopedia/Shopee/TikTok Shop: Pura Pura Ponsel

Kualitas Tidak Pernah Pura Pura - Solusi tukar tambah HP terbaik di Bali.",72,"07/01/2026 03:01",https://www.instagram.com/reel/DaPwLFoERt4/,"IG reel",,Lifetime,25395,533253,98,3,0,4,4
18470596735110097,17841453969800524,rumahanakseni.id,"PT Rumah Anak Seni","Bali kui mukak mboknya nok 🫵😭

Take by Iphone 17 pro max from @purapura.ponsel 
#pestakesenianbali #bali #rumahanakseni #balinggih",48,"07/01/2026 00:59",https://www.instagram.com/reel/DaPh54VyfZN/,"IG reel",,Lifetime,70656,47697,1357,39,4,11,0
18094488656458516,17841414051683694,purapura.ponsel,"Pura Pura Ponsel","🛠️ LAYAR MACET ATAU GAK BISA DISENTUH? JANGAN PANIK, SERVICE FACE-TO-FACE DI SINI! 🛠️

Lagi asyik scrolling malah HP macet? Atau layarnya mendadak mogok gak bisa disentuh? Nggak usah pusing nyari tempat service yang aman, langsung bawa ke Pura Pura Ponsel aja, Bestie! 🤩

Kenapa ribuan orang percayain service HP mereka di tempat Minpur?
👀 Bisa Ditunggu & Face-to-Face: Proses pengerjaan bisa ditonton langsung di depan mata! No drama komponen ketukar, 100% transparan dan amanah.
👨🏼‍🔧Ditangani langsung oleh tim teknisi yang ahli dan berpengalaman.
📱Beresin HP di sini, pulang-pulang dapet FREE Tempered Glass & Case baru! 🎁
💳 Dapatkan potongan harga service up to 50%!

Tunggu apa lagi? Daripada HP-nya makin parah, yuk konsultasikan keluhan HP kamu sekarang! Chat Minpur atau langsung merapat ke store ya. 🚀

📍 Toko Kroya: Jl. Kroya No. 3, Kesiman, Denpasar Timur
📍 Toko Munang Maning: Jl. Subur No. 4, Pemecutan Klod, Denpasar Barat
⏰ Jam Operasional: Setiap Hari (09.00 - 22.00 WITA)
📲 Admin WA: 081237200400 (Klik link di bio)
🛒 E-Commerce: Pura Pura Ponsel

Kualitas Tidak Pernah Pura-Pura — Solusi Layanan Gadget Terbaikmu di Bali.",0,"06/30/2026 18:04",https://www.instagram.com/p/DaOyyzTABKp/,"IG carousel",,Lifetime,37405,321292,22,6,3,0,0
17881704837454272,17841414051683694,purapura.ponsel,"Pura Pura Ponsel","✨ MAU UPGRADE HP BARU TAPI TABUNGAN TETEP AMAN? BISA BANGET DONG! ✨

Buat Bestie kaum ""mendang-mending"" yang pengen ganti HP tapi budget lagi tipis, gak usah sedih! Minpur punya solusi paling jenius buat kamu. Gak perlu nunggu gajian, hari ini juga kamu bisa bawa pulang HP impian lewat jalur KREDIT! 🥳

Gak tanggung-tanggung, pilihan finance di Pura Pura Ponsel itu SUPER LENGKAP. Kamu bebas pilih yang paling cocok buat kamu:
✅ Home Credit | ✅ Indodana | ✅ Kredivo | ✅ Akulaku
✅ Samsung Finance+ | ✅ SPayLater Limit X-tra
✅ Spectra | ✅ Yessskredit | ✅ Aeon

🎁 DAPETIN PROMO SPESIAL HARI INI:
• DP 0% (Langsung bawa pulang HP tanpa bayar di awal!)
• Promo Bunga Ringan
• FREE 2x Cicilan (Hematnya kebangetan! S&K Berlaku)

Syaratnya ribet? GAK SAMA SEKALI! Cukup bawa KTP asli kamu dan datang ke store terdekat. Prosesnya cepat, dibantu admin sampai di-ACCept! 🚀

Yuk, upgrade HP-mu sekarang juga sebelum promonya berakhir! 👇

📍 Toko Kroya: Jl. Kroya No. 3, Kesiman, Denpasar
📍 Toko Munang Maning: Jl. Subur No. 4, Pemecutan Klod, Denpasar Barat
⏰ Jam Operasional: Setiap Hari (09.00 - 22.00 WITA)
📲 Admin WA: 081237200400 (Atau klik link di bio)
🛒 E-Commerce: Pura Pura Ponsel

Kualitas Tidak Pernah Pura-Pura — Solusi Kredit & Tukar Tambah HP Terbaik di Bali.",0,"06/30/2026 18:03",https://www.instagram.com/p/DaOyrnrj5ZJ/,"IG carousel",,Lifetime,29281,379673,29,3,1,2,1
18011768102870773,17841414051683694,purapura.ponsel,"Pura Pura Ponsel","🍏 JULY PROMO IS COMING: LENGKAPI EKOSISTEM APPLE KAMU! 🍏

Buat kamu para Apple Lovers, rasanya belum lengkap kalau baru punya iPhone aja! Pengen ngerasain mudahnya kirim data lewat AirDrop, sinkronisasi otomatis, dan kerjaan yang makin produktif antar perangkat? Ini saatnya lengkapi koleksi Apple Product kamu di Pura Pura Ponsel! ✨

Mumpung lagi ada Promo Spesial beli iPad, MacBook, Apple Watch, atau AirPods di sini dijamin paling untung dengan benefit juara:
💯 Semua unit dijamin aman dan bergaransi resmi.
🆕 Fisik & fungsi produk dipastikan terbaik untuk kenyamanan kamu.
💳 Solusi Pembayaran Ringan: Bisa Kredit (Promo Bunga & DP 0%) atau pakai sistem Split Payment.
📲 After Sales Terpercaya: Layanan fast response yang siap bantu total jika ada kendala di kemudian hari.

Nggak sempat mampir ke toko? Tenang! Kamu bisa langsung checkout di toko online Minpur lewat Tokopedia, Shopee, atau TikTok Shop. Pengiriman dijamin super cepat, tepat, dan aman sampai rumah! 💨

Yuk, upgrade gaya hidup dan produktivitasmu bareng Apple sekarang juga! 👇

📍 Toko Kroya: Jl. Kroya No. 3, Kesiman, Denpasar Timur
📍 Toko Munang Maning: Jl. Subur No. 4, Pemecutan Klod, Denpasar Barat
⏰ Jam Operasional: Setiap Hari (09.00 - 22.00 WITA)
📲 Admin WA: 081237200400 (Atau klik link di bio)
🛒 E-Commerce: Pura Pura Ponsel

Kualitas Tidak Pernah Pura-Pura — Solusi Gadget Apple Terbaikmu di Bali.",0,"06/30/2026 18:02",https://www.instagram.com/p/DaOyljrguSo/,"IG carousel",,Lifetime,43443,126539,60,17,1,4,13
18472862116096677,17841414051683694,purapura.ponsel,"Pura Pura Ponsel","✨ ANDROID HARGA GROSIR BANJIR HADIAH ✨

Buat Bestie yang lagi cari HP Android Brand New (Garansi Resmi) atau Second Berkualitas, nggak usah bingung lagi! Pura Pura Ponsel punya koleksi Android paling lengkap dengan promo yang bikin dompet senyum. 🥰

Beli Android di Pura Pura Ponsel untungnya berkali-kali lipat, karena kamu bakal dapet benefit premium ini:
💯 Semua unit bergaransi resmi & kualitas terjamin.
💳 Bisa Kredit (Promo Bunga & DP 0%) atau Split Payment.
🔁 Terima Trade-In dari HP terlama kamu dengan taksiran harga tertinggi!
📲 Admin fast response siap bantu total kalau ada kendala.

🎁 SPESIAL BONUS: KESEMPATAN UNDI GEGEMETAN! 🎁
Khusus setiap pembelian Android Brand New, kamu berkesempatan bawa pulang Voucher Belanja Jutaan Rupiah hingga FREE HANDPHONE! 

🍟 FREE MINYAK GORENG KHUSUS 3 PEMBELI TERCEPAT 🍟

Nggak sempat ke toko? Tenang, bisa checkout via Tokopedia, Shopee, atau TikTok Shop kita. Ada CASHBACK hingga Jutaan Rupiah & pengiriman super cepat! 💨

Yuk, jemput HP Android impianmu sekarang! 👇

📍 Toko Kroya: Jl. Kroya No. 3, Kesiman, Denpasar
📍 Toko Munang Maning: Jl. Subur No. 4, Pemecutan Klod, Denpasar Barat
⏰ Jam Operasional: Setiap Hari (09.00 - 22.00 WITA)
📲 Admin WA: 081237200400 (Atau klik link di bio)
🛒 E-Commerce: Pura Pura Ponsel

Kualitas Tidak Pernah Pura-Pura — Solusi Tukar Tambah HP Terbaik di Bali.",0,"06/30/2026 18:01",https://www.instagram.com/p/DaOyduhgha0/,"IG carousel",,Lifetime,61178,206237,134,20,5,7,19
18037251347620336,17841414051683694,purapura.ponsel,"Pura Pura Ponsel","IPHONE HARGA GROSIR TERBAIK DI BALI! ✨

Buat Bestie yang lagi cari iPhone Brand New (Garansi Resmi Indonesia) atau iPhone Second Original yang IMEI-nya terdaftar aman, Pura Pura Ponsel punya segudang pilihan promo menarik buat kamu! 🥰

Kenapa ribuan Bestie percayain iPhone mereka di sini? Karena cuma di Pura Pura Ponsel kamu bisa dapet benefit se-premium ini:
🛡️Garansi Jelas: Garansi Resmi & Garansi IMEI Seumur Hidup!
📱Kualitas Juara: Unit second rasa baru, fisik & fungsi dijamin mulus.
💳 Solusi Finansial: Bisa Kredit (Promo Bunga & DP 0%) atau Split Payment.
🔁 Tukar Tambah Anti Ribet: Terima Trade-In dari tipe iPhone terlama sekalipun dengan taksiran tertinggi.
👑 Layanan VIP: Dibantu pindah data sampai beres & gratis pinjam unit cadangan kalau iPhone kamu butuh klaim garansi!

Nggak sempat ke toko? Tenang! Tinggal checkout lewat Tokopedia, Shopee, atau TikTok Shop kita. Ada CASHBACK hingga Jutaan Rupiah & pengiriman super aman plus cepat! 💨

Yuk, langsung serbu unitnya sebelum kehabisan! 👇

📍 Toko Kroya: Jl. Kroya No. 3, Kesiman, Denpasar Timur
📍 Toko Munang Maning: Jl. Subur No. 4, Pemecutan Klod, Denpasar Barat
⏰ Jam Operasional: Setiap Hari (09.00 - 22.00 WITA)
📲 Admin WA: 081237200400 (Atau klik link di bio)
🛒 E-Commerce: Pura Pura Ponsel

Kualitas Tidak Pernah Pura-Pura — Solusi Tukar Tambah HP Terbaik di Bali.",0,"06/30/2026 18:00",https://www.instagram.com/p/DaOyWBIk33X/,"IG carousel",,Lifetime,112674,652774,306,120,15,18,70
18141790390544026,17841401356087722,ogohogohdenpasar,"Ogoh Ogoh Denpasar, Bali","RESPECT KING👑
LEN-NE!!
Dibalik Ogoh-Ogoh “Kairos” Banjar Dukuh Mertajati, Sidakarya yang memiliki filosofi yang mendalam mengenai realita yang sering terjadi di jaman ini, terdapat tujuan yang besar pemanfaatan limbah, kepedulian sosial dan edukasi kepada generasi penerus 

st.tunasmuda 

#ogohogoh #ogohogohdenpasar #ogohogoh2026 #ogohogohbali #ogohogohramahlingkungan",97,"06/30/2026 07:29",https://www.instagram.com/reel/DaNpyu2hpys/,"IG reel",,Lifetime,24556,15791,525,14,1,7,0
18127244617633807,17841442251754246,sibliwira,"BLI WIRA","MAAP LAGI FLU

#sibliwira #reelsvideo #reelsinstagram #reels",11,"06/30/2026 03:16",https://www.instagram.com/reel/DaNNJXyKk_r/,"IG reel",,Lifetime,64769,33647,1224,11,3,28,0
18085510631549724,17841401356087722,ogohogohdenpasar,"Ogoh Ogoh Denpasar, Bali","YANG MANA OGOH-OGOH PALING GANTENG MENURUT SEMETON?

#ogohogoh #ogohogohbali #ogohogohdenpasar #ogohogohganteng #ogohogoh2026",72,"06/29/2026 07:47",https://www.instagram.com/reel/DaLHBP2Bfkm/,"IG reel",,Lifetime,42838,24607,760,21,4,7,0
18142071874543584,17841401356087722,ogohogohdenpasar,"Ogoh Ogoh Denpasar, Bali","YANG MANA OGOH-OGOH PALING CANTIK MENURUT SEMETON? 

#ogohogoh #ogohogohbali #ogohogohdenpasar #ogohogohcantik #ogohogoh2026",92,"06/28/2026 03:28",https://www.instagram.com/reel/DaIE4ZYhX0M/,"IG reel",,Lifetime,41460,24618,748,20,0,5,0
18429692905193083,17841414051683694,purapura.ponsel,"Pura Pura Ponsel","VIRAL‼️ staf toko di labrak oleh customer karena merasa cemburu pacarnya di godain

Kejadian di salah satu toko denpasar!",59,"06/27/2026 23:32",https://www.instagram.com/reel/DaHprIDTnO6/,"IG reel",,Lifetime,40064,28032,365,6,9,17,6
18175177909418821,17841453969800524,rumahanakseni.id,"PT Rumah Anak Seni","Wkwkwk bungker sajan bocil-bocil ini, tapi keren 🫵🤩

Take video by Iphone 17PM from @purapura.ponsel 
#pestakesenianbali #bali #rumahanakseni #balinggih",153,"06/25/2026 20:06",https://www.instagram.com/reel/DaCIPDbpJjG/,"IG reel",,Lifetime,37461,23975,544,14,6,20,0
18114128468501722,17841453969800524,rumahanakseni.id,"PT Rumah Anak Seni","Wayah ramene jon 🫵😭

Take video by Iphone 17 PM from @purapura.ponsel 
#pestakesenianbali #bali #balinggih #rumahanakseni",34,"06/25/2026 08:41",https://www.instagram.com/reel/DaA6PKGp5rZ/,"IG reel",,Lifetime,89144,57131,1869,25,3,11,0
18083858819532869,17841414051683694,purapura.ponsel,"Pura Pura Ponsel","✨ Gak Sabar Pengen Punya iPhone 16e? Pre-Order Sekarang di Pura Pura Ponsel! ✨

Kenapa harus di Pura Pura Ponsel ? 
🎁 Bergaransi resmi
🎁 Kualitas barang sama
🎁 Bisa kredit, dapatkan PROMO Bunga dan DP 0%
🎁 Bisa SPLIT PAYMENT
🎁 After Sales ( yang pastinya fast response dan dibantu jika terjadi kendala )
🎁 Dibantu pemindahan data, jika diperlukan

Stop galau, saatnya ganti gadget baru tanpa ribet dan untung maksimal!
10 ribu ulasan bintang 5 di Google Maps!
Kunjungi Toko Kami Sekarang!

Toko Kroya: Jl. Kroya No. 3, Kesiman, Denpasar
Toko Munang Maning: Jl. Subur No. 4 Pemecutan Klod, Denpasar Barat
Jam Buka: Setiap Hari 09:00 - 22:00 WITA
Admin WA: 081237200400 (Klik Link di Bio!)
Tokopedia/Shopee/TikTok Shop: Pura Pura Ponsel

Kualitas Tidak Pernah Pura Pura - Solusi tukar tambah HP terbaik di Bali.",0,"06/25/2026 06:58",https://www.instagram.com/p/DaAupaDk3N8/,"IG carousel",,Lifetime,19583,6623,51,11,0,0,0
18113168266921313,17841414051683694,purapura.ponsel,"Pura Pura Ponsel","Mengenal ""Ica"" 🐖babi viral yang lagi jadi pusat perhatian. Rencananya babi ini bakal diundi buat diserahin ke pemilik barunya yang siap merawat dengan penuh kasih sayang. Tapi sebelum diundi, Ica udah bikin kejutan duluan nih di akhir video! Ada yang minat adopsi Ica?🐖

Stop galau, saatnya ganti gadget baru tanpa ribet dan untung maksimal!
10 ribu ulasan bintang 5 di Google Maps!
Kunjungi Toko Kami Sekarang!

Toko Kroya: Jl. Kroya No. 3, Kesiman, Denpasar
Toko Munang Maning: Jl. Subur No. 4 Pemecutan Klod, Denpasar Barat
Jam Buka: Setiap Hari 09:00 - 22:00 WITA
Admin WA: 081237200400 (Klik Link di Bio!)
Tokopedia/Shopee/TikTok Shop: Pura Pura Ponsel

Kualitas Tidak Pernah Pura Pura - Solusi tukar tambah HP terbaik di Bali.",27,"06/23/2026 23:39",https://www.instagram.com/reel/DZ9Xl9SDyJT/,"IG reel",,Lifetime,92619,63836,1103,233,13,73,28
17999089478959580,17841414051683694,purapura.ponsel,"Pura Pura Ponsel","Perjuangan demi ngasih yang terbaik buat kalian di Hari Raya Galungan & Kuningan nih!
Udah ditangkap, malah celengnya pipis sembarangan lagi... 😂

Eitss.. celeng ini bakal kita UNDI GRATIS spesial buat kalian yang udah ikutan belanja di Bazar Buah Murah kemarin!

⏰ LIVE UNDIAN: Hari ini jam 2 siang di TikTok dan Instagram Pura Pura Ponsel! Jangan sampai kelewatan ya, siapa tahu babi ini jodoh kamu! 🐖

Stop galau, saatnya ganti gadget baru tanpa ribet dan untung maksimal!
10 ribu ulasan bintang 5 di Google Maps!
Kunjungi Toko Kami Sekarang!

Toko Kroya: Jl. Kroya No. 3, Kesiman, Denpasar
Toko Munang Maning: Jl. Subur No. 4 Pemecutan Klod, Denpasar Barat
Jam Buka: Setiap Hari 09:00 - 22:00 WITA
Admin WA: 081237200400 (Klik Link di Bio!)
Tokopedia/Shopee/TikTok Shop: Pura Pura Ponsel

Kualitas Tidak Pernah Pura Pura - Solusi tukar tambah HP terbaik di Bali.",25,"06/23/2026 23:25",https://www.instagram.com/reel/DZ9V8vRivlv/,"IG reel",,Lifetime,33223,22402,169,31,2,2,4
18089449715379847,17841401356087722,ogohogohdenpasar,"Ogoh Ogoh Denpasar, Bali","INI DIA OGOH-OGOH DUTA KOTA DENPASAR SETIAP TAHUNNYA PADA PEMBUKAAN PESTA KESENIAN BALI @stt.belaluansadmerta @st.tunasmuda @rrjk_geladag @st.gemehindah @purapura.ponsel 

2023 - BANJAR BELALUAN SADMERTA
2024 - BANJAR DUKUH MERTAJATI
2025 - BANJAR GELADAG
2026 - BANJAR GEMEH

#ogohogoh #ogohogohbali #ogohogohdenpasar #ogohogoh2026 #pestakesenianbali",85,"06/23/2026 02:09",https://www.instagram.com/reel/DZ7DNQOBpJu/,"IG reel",,Lifetime,26977,16227,377,5,0,2,0
17858740674662924,17841414051683694,purapura.ponsel,"Pura Pura Ponsel","SIAP-SIAP! TGL 24 PENGUMUMAN UNDIAN CELENG! 🐷🎉

Matur suksema atas antusiasme semeton yang luar biasa di event Bazar Buah Premium Diskon 50% kemarin sampai ludes!
Buat yang penasaran siapa yang bakal bawa pulang 1 ekor Celeng, pantengin LIVE-nya besok:

📅 24 Juni 2026 | ⏰ 14.00 WITA
📱 LIVE di Instagram & TikTok Pura Pura Ponsel

Simpan terus voucher kalian, karena masih bisa dipakai buat diskon beli HP atau servis di toko! See you! 👋

Stop galau, saatnya ganti gadget baru tanpa ribet dan untung maksimal!
10 ribu ulasan bintang 5 di Google Maps!
Kunjungi Toko Kami Sekarang!

Toko Kroya: Jl. Kroya No. 3, Kesiman, Denpasar
Toko Munang Maning: Jl. Subur No. 4 Pemecutan Klod, Denpasar Barat
Jam Buka: Setiap Hari 09:00 - 22:00 WITA
Admin WA: 081237200400 (Klik Link di Bio!)
Tokopedia/Shopee/TikTok Shop: Pura Pura Ponsel

Kualitas Tidak Pernah Pura Pura - Solusi tukar tambah HP terbaik di Bali.",55,"06/22/2026 04:57",https://www.instagram.com/reel/DZ4yVBZAIwB/,"IG reel",,Lifetime,13788,8949,77,4,0,4,0
18085333655426932,17841414051683694,purapura.ponsel,"Pura Pura Ponsel","YAK !!

Yuk serbu promo GALUNGAN DAN KUNINGAN 
Beli handphone berhadiah handphone di @purapura.ponsel (promo Gegemetan)

Belanja di telaga bagus free produk bebas pilih (siapa cepat dia dapat)

By : @arthadashing_ 

#purapuraponsel #telagabagus #viral #fyp",106,"06/21/2026 05:44",https://www.instagram.com/reel/DZ2SYrNTd5C/,"IG reel",,Lifetime,65100,47524,789,9,6,7,23
17970248898098075,17841414051683694,purapura.ponsel,"Pura Pura Ponsel","Daripada dengerin janji manis yang gak pasti, mending cari yang berani ngasih kejelasan hubungan. 😉 Tag temen kamu yang butuh dengerin wejangan dari si bli wira😉

Stop galau, saatnya ganti gadget baru tanpa ribet dan untung maksimal!
10 ribu ulasan bintang 5 di Google Maps!
Kunjungi Toko Kami Sekarang!

Toko Kroya: Jl. Kroya No. 3, Kesiman, Denpasar
Toko Munang Maning: Jl. Subur No. 4 Pemecutan Klod, Denpasar Barat
Jam Buka: Setiap Hari 09:00 - 22:00 WITA
Admin WA: 081237200400 (Klik Link di Bio!)
Tokopedia/Shopee/TikTok Shop: Pura Pura Ponsel

Kualitas Tidak Pernah Pura Pura - Solusi tukar tambah HP terbaik di Bali.",51,"06/19/2026 18:39",https://www.instagram.com/reel/DZyiCFzE7MV/,"IG reel",,Lifetime,29094,18602,472,0,4,6,6
17867515305626882,17841414051683694,purapura.ponsel,"Pura Pura Ponsel","PANDUAN BELI IPHONE JUNI📱

Harga iPhone masih naik!? Tenang, Promo Spesial Bulan Juni di Pura Pura Ponsel tetep aman!

🎁 Pembayaran fleksibel: Cash, Kredit, atau Tukar
Tambah HP apapun!
🎁 Aftersales juara: Dibantu klaim garansi & dipinjemin HP cadangan selama proses klaim/servis!
🎁 Punya teknisi handal yang bisa tangani sampai
turun mesin.
🎁 Luar kota aman, bisa transaksi via E-Commerce!

Stop galau, saatnya ganti gadget baru tanpa ribet dan untung maksimal!
10 ribu ulasan bintang 5 di Google Maps!

Kunjungi Toko Kami Sekarang!
Toko Kroya: JI. Kroya No. 3, Kesiman, Denpasar 
Toko Munang Maning: Jl. Subur No. 4 Pemecutan Klod, Denpasar Barat
Jam Buka: Setiap Hari 09:00 - 22:00 WITA
Admin WA: 081237200400 (Klik Link di Bio!)
Tokopedia/Shopee/TikTok Shop: Pura Pura Ponsel

Kualitas Tidak Pernah Pura Pura - Solusi tukar tambah
HP terbaik di Bali.",93,"06/17/2026 20:09",https://www.instagram.com/reel/DZtiu53kSDT/,"IG reel",,Lifetime,122459,413845,55,3,2,4,0
17933205435292495,17841414051683694,purapura.ponsel,"Pura Pura Ponsel","Cara Instant dapet restu calon mertua pas Melali Manis Galungan 😍

Boleh dicoba dan komen hasilnya ya semetun! 🤩

Stop galau, saatnya ganti gadget baru tanpa ribet dan untung maksimal!
10 ribu ulasan bintang 5 di Google Maps!

Kunjungi Toko Kami Sekarang!
Toko Kroya: JI. Kroya No. 3, Kesiman, Denpasar 
Toko Munang Maning: Jl. Subur No. 4 Pemecutan Klod, Denpasar Barat
Jam Buka: Setiap Hari 09:00 - 22:00 WITA
Admin WA: 081237200400 (Klik Link di Bio!)
Tokopedia/Shopee/TikTok Shop: Pura Pura Ponsel

Kualitas Tidak Pernah Pura Pura - Solusi tukar tambah
HP terbaik di Bali.",90,"06/17/2026 04:25",https://www.instagram.com/reel/DZr2sDyEpNr/,"IG reel",,Lifetime,14648,9376,147,5,0,0,4
18203706904361328,17841414051683694,purapura.ponsel,"Pura Pura Ponsel","Rahajeng Nyanggra Rahina Galungan lan Kuningan Semeton 😇🙏🏻
Dumogi Rahayu Sareng Sami.

Stop galau, saatnya ganti gadget baru tanpa ribet dan untung maksimal!
10 ribu ulasan bintang 5 di Google Maps!

Kunjungi Toko Kami Sekarang!
Toko Kroya: JI. Kroya No. 3, Kesiman, Denpasar 
Toko Munang Maning: Jl. Subur No. 4 Pemecutan Klod, Denpasar Barat
Jam Buka: Setiap Hari 09:00 - 22:00 WITA
Admin WA: 081237200400 (Klik Link di Bio!)
Tokopedia/Shopee/TikTok Shop: Pura Pura Ponsel

Kualitas Tidak Pernah Pura Pura - Solusi tukar tambah
HP terbaik di Bali.",52,"06/17/2026 01:28",https://www.instagram.com/reel/DZrieNimhHE/,"IG reel",,Lifetime,23780,14500,204,0,0,6,3
18092389832343957,17841401870239980,depraz_,"Deka Pratama Satya Alam","PANDUAN BELI IPHONE JUNI📲🔥

Harga iPhone masih naik!? Tenang, Promo Spesial Bulan Juni di Pura Pura Ponsel tetep aman! 🔥
✅ Pembayaran fleksibel: Cash, Kredit, atau Tukar Tambah HP apapun! 
✅ Aftersales juara: Dibantu klaim garansi & dipinjemin HP cadangan selama proses klaim/servis! 🤝 
✅ Punya teknisi handal yang bisa tangani sampai turun mesin. 
✅ Luar kota aman, bisa transaksi via E-Commerce!

Jangan sampai kehabisan promonya. Follow akun @purapura.ponsel sekarang buat info selengkapnya! 👇✨",93,"06/15/2026 21:32",https://www.instagram.com/reel/DZoihfxyRi7/,"IG reel",,Lifetime,26526,17597,216,36,2,10,0
18083570453165806,17841401356087722,ogohogohdenpasar,"Ogoh Ogoh Denpasar, Bali","SEMANGAT ADIK-ADIK JEGEG😍
Peed Aya Duta Kota Denpasar Pembukaan Pesta Kesenian Bali tahun 2026

#pkb #pestakesenianbali2026 #pkb2026",59,"06/13/2026 05:57",https://www.instagram.com/reel/DZhtoRFhjkN/,"IG reel",,Lifetime,2013884,1515972,198019,6380,302,818,0
18067616873701422,17841414051683694,purapura.ponsel,"Pura Pura Ponsel","Pura Pura Ponsel lagi ngadain Bazar Buah yang ke-2 kalinya nih. Semua buah didiskon setengah harga alias 50% aja! 🍊🍎

Gak cuma dapet buah murah dan segar, setiap pembelian kamu juga berkesempatan dapet:

🍒Voucher Service 🛠️
🍒Potongan harga HP 📱
🍒Hadiah Utama: 1 EKOR CELENG! 🐖✨

Besok adalah HARI TERAKHIR, jadi jangan sampai kelewatan ya! 🏃‍♂️💨

Stop galau, saatnya ganti gadget baru tanpa ribet dan untung maksimal!
10 ribu ulasan bintang 5 di Google Maps!
Kunjungi Toko Kami Sekarang!

Toko Kroya: Jl. Kroya No. 3, Kesiman, Denpasar
Toko Munang Maning: Jl. Subur No. 4 Pemecutan Klod, Denpasar Barat
Jam Buka: Setiap Hari 09:00 - 22:00 WITA
Admin WA: 081237200400 (Klik Link di Bio!)
Tokopedia/Shopee/TikTok Shop: Pura Pura Ponsel

Kualitas Tidak Pernah Pura Pura - Solusi tukar tambah HP terbaik di Bali.",33,"06/12/2026 23:06",https://www.instagram.com/reel/DZg--uyFV4-/,"IG reel",,Lifetime,14550,10791,88,13,0,0,0
18015985874899626,17841414051683694,purapura.ponsel,"Pura Pura Ponsel","Khusus buat menyambut Galungan & Kuningan, Karena di sini yang utama bukan soal cuan, melainkan kebersamaan, kepedulian, dan manfaat yang bisa dirasakan banyak orang✨
buah premium dengan POTONGAN HARGA 50% buat Semeton semua! 🍏🍊🍇
Gak cuma bawa pulang buah murah buat sarana banten atau konsumsi di rumah, kamu juga punya kesempatan dapet kupon berhadiah CELENG! 🐷✨
Gas langsung meluncur ke cabang Monang Maning ya, stand kita udah rame banget nih! 😱

Stop galau, saatnya ganti gadget baru tanpa ribet dan untung maksimal!
10 ribu ulasan bintang 5 di Google Maps!
Kunjungi Toko Kami Sekarang!

Toko Kroya: Jl. Kroya No. 3, Kesiman, Denpasar
Toko Munang Maning: Jl. Subur No. 4 Pemecutan Klod, Denpasar Barat
Jam Buka: Setiap Hari 09:00 - 22:00 WITA
Admin WA: 081237200400 (Klik Link di Bio!)
Tokopedia/Shopee/TikTok Shop: Pura Pura Ponsel

Kualitas Tidak Pernah Pura Pura - Solusi tukar tambah HP terbaik di Bali.",29,"06/11/2026 23:27",https://www.instagram.com/reel/DZecqxuDRIZ/,"IG reel",,Lifetime,6972,4655,55,1,0,0,2
18088287392219625,17841414051683694,purapura.ponsel,"Pura Pura Ponsel","BELI BUAH BERHADIAH CELENG😱😱😱

Ini gila banget pertama kalinya di Bali ada bazzar buah premium dicount 50% dan berhadiah 1 EKOR CELENG‼️
Selain itu voucher kupon yang di dapat akan berguna untuk potongan harga handphone dan potongan harga untuk service🔥

Yuk simpang semeton semoga dengan ini Pura Pura Ponsel bisa berguna di masyarakat🙏

#purapuraponsel #purapuraponselberhadiahceleng #bazzarbuahbali #galungankuningan",56,"06/11/2026 09:03",https://www.instagram.com/reel/DZc5gljTZJH/,"IG reel",,Lifetime,24483,17877,151,32,1,10,3
18456395431116957,17841403237713917,telagabagus,"TELAGA BAGUS","Teman sejati cendrung bersikap kasar namun pada dasarnya tujuannya adalah untuk kebaikan❤️

Rahajeng Rahina Galungan Lan Kuningan Semeton.
PROMO SPECIAL ADA DI @purapura.ponsel & @telagabagus 

Pura Pura Ponsel : Ada bazzar buah premium diskon 50% dan dapat voucher kupon yang berhadiah 1 ekor celeng, dan bisa di pakai untuk potongan harga handphone second & service

Telaga Bagus : setiap pembelanjaan minimal 250K dapatkan free 1 item bebas pilih (ada kemeja, udeng, kebaya,kamben ""untuk anak & dewasa ) & setiap pembelanjaan minimal 150K berhak tebus murah seharga 50K (kamben anak cewe/cowo, kebaya anak)

By : @arthadashing_ 

#telagabagus #arthadashing #purapuraponsel #galungankuningan",160,"06/11/2026 04:04",https://www.instagram.com/reel/DZcUz-sKO3I/,"IG reel",,Lifetime,61057,45596,915,23,4,2,0
17855525322685459,17841414051683694,purapura.ponsel,"Pura Pura Ponsel","GEBYAR BUAH PREMIUM TELAH HADIR! 🎉

Menyambut Hari Raya Galungan & Kuningan, Pura Pura Ponsel mau bagi-bagi rezeki nomplok buat Semeton Sareng Sami! 🎉
Nggak cuma buahnya aja yang premium dengan harga super terjangkau, tapi bonusnya ini yang bikin geleng-geleng kepala! Kapan lagi beli buah premium bisa bawa pulang CELENG? 😂
Jangan lewatkan kesempatan spesial ini, karena setiap pembelian berkesempatan mendapatkan:

🐖 1 EKOR BABI (CELENG)
🎁 Voucher Diskon Belanja Service

Promo terbatas dan kesempatan tidak datang dua kali! Segera kunjungi kami, pilih buah premium favorit Anda, dan raih hadiah menariknya.
Jangan sampai ketinggalan, segera ikutan sekarang juga! 💖
Langsung serbu outlet terdekat atau hubungi kami via info di bawah👇🏻

Stop galau, saatnya ganti gadget baru tanpa ribet dan untung maksimal!
10 ribu ulasan bintang 5 di Google Maps!
Kunjungi Toko Kami Sekarang!

Toko Kroya: Jl. Kroya No. 3, Kesiman, Denpasar
Toko Munang Maning: Jl. Subur No. 4 Pemecutan Klod, Denpasar Barat
Jam Buka: Setiap Hari 09:00 - 22:00 WITA
Admin WA: 081237200400 (Klik Link di Bio!)
Tokopedia/Shopee/TikTok Shop: Pura Pura Ponsel

Kualitas Tidak Pernah Pura Pura - Solusi tukar tambah HP terbaik di Bali.",0,"06/10/2026 05:47",https://www.instagram.com/p/DZZ-jfxEzwC/,"IG carousel",,Lifetime,14793,5188,67,13,2,2,2
18103557743083441,17841414051683694,purapura.ponsel,"Pura Pura Ponsel","Ketika kita ingin menjadi tumbuh yang lebih dari kita sendiri, maka kita harus break the limit!🔥

Hari pertama belajar nyoki langsung dapet asupan motivasi luar biasa dan doa bersama untuk Indonesia Merdeka! Tetap semangat, jaga kesehatan, dan selalu kondusif di lapangan ya, Pak😇

Stop galau, saatnya ganti gadget baru tanpa ribet dan untung maksimal!
10 ribu ulasan bintang 5 di Google Maps!
Kunjungi Toko Kami Sekarang!

Toko Kroya: Jl. Kroya No. 3, Kesiman, Denpasar
Toko Munang Maning: Jl. Subur No. 4 Pemecutan Klod, Denpasar Barat
Jam Buka: Setiap Hari 09:00 - 22:00 WITA
Admin WA: 081237200400 (Klik Link di Bio!)
Tokopedia/Shopee/TikTok Shop: Pura Pura Ponsel

Kualitas Tidak Pernah Pura Pura - Solusi tukar tambah HP terbaik di Bali.",69,"06/09/2026 02:11",https://www.instagram.com/reel/DZXA-4iDESe/,"IG reel",,Lifetime,13527,8808,106,2,0,4,2
17892167142519874,17841414051683694,purapura.ponsel,"Pura Pura Ponsel","Seneng banget kemarin bisa berbagi kebahagiaan lewat semangkok bakso hangat buat temen-temen yang melintas di depan store Pura Pura Ponsel Monang Maning. Dari anak bola, warga lokal, sampe yang lagi lewat semua kebagian!

Matur suksma buat antusias nya yang luar biasa! Tetep pantengin terus media sosial kita ya, biar ga ketinggalan aksi seru dan promo menarik berikutnya! 🔥

Stop galau, saatnya ganti gadget baru tanpa ribet dan untung maksimal!
10 ribu ulasan bintang 5 di Google Maps!
Kunjungi Toko Kami Sekarang!

Toko Kroya: Jl. Kroya No. 3, Kesiman, Denpasar
Toko Munang Maning: Jl. Subur No. 4 Pemecutan Klod, Denpasar Barat
Jam Buka: Setiap Hari 09:00 - 22:00 WITA
Admin WA: 081237200400 (Klik Link di Bio!)
Tokopedia/Shopee/TikTok Shop: Pura Pura Ponsel

Kualitas Tidak Pernah Pura Pura - Solusi tukar tambah HP terbaik di Bali.",49,"06/09/2026 00:01",https://www.instagram.com/reel/DZWyL6HDAWv/,"IG reel",,Lifetime,11775,7332,139,4,1,6,1
18427129270122366,17841414051683694,purapura.ponsel,"Pura Pura Ponsel","Refleksnya boleh juga, tapi refleks kamu buat ganti HP baru udah siap belum? 😂 Yuk, langsung upgrade gadget kamu di Pura Pura Ponsel sekarang!
Melayani cash & kredit, hubungi admin via bio ya! 🤗

Stop galau, saatnya ganti gadget baru tanpa ribet dan untung maksimal!
10 ribu ulasan bintang 5 di Google Maps!
Kunjungi Toko Kami Sekarang!

Toko Kroya: Jl. Kroya No. 3, Kesiman, Denpasar
Toko Munang Maning: Jl. Subur No. 4 Pemecutan Klod, Denpasar Barat
Jam Buka: Setiap Hari 09:00 - 22:00 WITA
Admin WA: 081237200400 (Klik Link di Bio!)
Tokopedia/Shopee/TikTok Shop: Pura Pura Ponsel

Kualitas Tidak Pernah Pura Pura - Solusi tukar tambah HP terbaik di Bali.",10,"06/08/2026 18:01",https://www.instagram.com/reel/DZWI9Q3CaDL/,"IG reel",,Lifetime,16286,8954,51,2,0,0,2
18098351780164837,17841414051683694,purapura.ponsel,"Pura Pura Ponsel","Hubungan yang dipaksakan tidak akan pernah berjalan searah. Kadang, melepaskan adalah cara terbaik untuk menghargai diri sendiri dan melihat siapa yang benar-benar tulus berjuang dari awal. Biarkan waktu yang menjawab semuanya. 💔✨

Stop galau, saatnya ganti gadget baru tanpa ribet dan untung maksimal!
10 ribu ulasan bintang 5 di Google Maps!
Kunjungi Toko Kami Sekarang!

Toko Kroya: Jl. Kroya No. 3, Kesiman, Denpasar
Toko Munang Maning: Jl. Subur No. 4 Pemecutan Klod, Denpasar Barat
Jam Buka: Setiap Hari 09:00 - 22:00 WITA
Admin WA: 081237200400 (Klik Link di Bio!)
Tokopedia/Shopee/TikTok Shop: Pura Pura Ponsel

Kualitas Tidak Pernah Pura Pura - Solusi tukar tambah HP terbaik di Bali.",84,"06/08/2026 03:02",https://www.instagram.com/reel/DZUh9foDaX8/,"IG reel",,Lifetime,35279,23668,329,12,2,12,12
18081535754556472,17841414051683694,purapura.ponsel,"Pura Pura Ponsel","Eh bentar kak, jangan sedih dulu! Coba tonton videonya sampai akhir, dijamin air matanya berubah jadi pengen beli HP baru! 😂 Lumayan promonya lagi deras nih!

Stop galau, saatnya ganti gadget baru tanpa ribet dan untung maksimal!
10 ribu ulasan bintang 5 di Google Maps!
Kunjungi Toko Kami Sekarang!

Toko Kroya: Jl. Kroya No. 3, Kesiman, Denpasar
Toko Munang Maning: Jl. Subur No. 4 Pemecutan Klod, Denpasar Barat
Jam Buka: Setiap Hari 09:00 - 22:00 WITA
Admin WA: 081237200400 (Klik Link di Bio!)
Tokopedia/Shopee/TikTok Shop: Pura Pura Ponsel

Kualitas Tidak Pernah Pura Pura - Solusi tukar tambah HP terbaik di Bali.",17,"06/08/2026 01:09",https://www.instagram.com/reel/DZUVLEDjYA_/,"IG reel",,Lifetime,138340,71242,1051,10,1,27,21
18414331939182156,17841414051683694,purapura.ponsel,"Pura Pura Ponsel","XIAOMI 17T SERIES udah resmi mendarat di Pura Pura Ponsel! 🤩

Siapa nih yang dari kemarin nanyain terus kapan flagship terbaru Xiaomi masuk store? BONUS-nya itu lho yang bikin gak masuk akal yukk buruan serbu kestore sekarang😱

Stop galau, saatnya ganti gadget baru tanpa ribet dan untung maksimal!
10 ribu ulasan bintang 5 di Google Maps!
Kunjungi Toko Kami Sekarang!

Toko Kroya: Jl. Kroya No. 3, Kesiman, Denpasar
Toko Munang Maning: Jl. Subur No. 4 Pemecutan Klod, Denpasar Barat
Jam Buka: Setiap Hari 09:00 - 22:00 WITA
Admin WA: 081237200400 (Klik Link di Bio!)
Tokopedia/Shopee/TikTok Shop: Pura Pura Ponsel

Kualitas Tidak Pernah Pura Pura - Solusi tukar tambah HP terbaik di Bali.",0,"06/07/2026 04:48",https://www.instagram.com/p/DZSJbEAk_jk/,"IG carousel",,Lifetime,16052,6806,28,11,0,2,1
18115885415506198,17841414051683694,purapura.ponsel,"Pura Pura Ponsel","Kirain beneran makan kardus karena bokek, eh ternyata... emang dasarnya doyan ngemil donat aja! 🤫😂

Stop galau, saatnya ganti gadget baru tanpa ribet dan untung maksimal!
10 ribu ulasan bintang 5 di Google Maps!
Kunjungi Toko Kami Sekarang!

Toko Kroya: Jl. Kroya No. 3, Kesiman, Denpasar
Toko Munang Maning: Jl. Subur No. 4 Pemecutan Klod, Denpasar Barat
Jam Buka: Setiap Hari 09:00 - 22:00 WITA
Admin WA: 081237200400 (Klik Link di Bio!)
Tokopedia/Shopee/TikTok Shop: Pura Pura Ponsel

Kualitas Tidak Pernah Pura Pura - Solusi tukar tambah HP terbaik di Bali.",11,"06/07/2026 00:01",https://www.instagram.com/reel/DZRomGhDPDm/,"IG reel",,Lifetime,11508,7037,36,3,0,0,0
18539711503072862,17841414051683694,purapura.ponsel,"Pura Pura Ponsel","Ujian hidup emang ada-ada aja pas sholat jamaah. Biar hidupmu bebas ujian HP lemot atau memori penuh, langsung ganti HP baru di Pura Pura Ponsel, tempatnya HP murah dan bergaransi🤗 

Stop galau, saatnya ganti gadget baru tanpa ribet dan untung maksimal!
10 ribu ulasan bintang 5 di Google Maps!
Kunjungi Toko Kami Sekarang!

Toko Kroya: Jl. Kroya No. 3, Kesiman, Denpasar
Toko Munang Maning: Jl. Subur No. 4 Pemecutan Klod, Denpasar Barat
Jam Buka: Setiap Hari 09:00 - 22:00 WITA
Admin WA: 081237200400 (Klik Link di Bio!)
Tokopedia/Shopee/TikTok Shop: Pura Pura Ponsel

Kualitas Tidak Pernah Pura Pura - Solusi tukar tambah HP terbaik di Bali.",11,"06/06/2026 18:01",https://www.instagram.com/reel/DZQ_YWdnIcY/,"IG reel",,Lifetime,1996861,1789554,20613,11366,427,121,548
18101652553866271,17841414051683694,purapura.ponsel,"Pura Pura Ponsel","Niatnya mau silaturahmi, malah berujung mau diakhiri. Daripada nyawa HP-mu yang berakhir karena dibanting pas ketahuan, mending langsung upgrade atau servis di Pura Pura Ponsel. Proses cepat, harga bersahabat, aman dari amukan pacar orang😂

Stop galau, saatnya ganti gadget baru tanpa ribet dan untung maksimal!
10 ribu ulasan bintang 5 di Google Maps!
Kunjungi Toko Kami Sekarang!

Toko Kroya: Jl. Kroya No. 3, Kesiman, Denpasar
Toko Munang Maning: Jl. Subur No. 4 Pemecutan Klod, Denpasar Barat
Jam Buka: Setiap Hari 09:00 - 22:00 WITA
Admin WA: 081237200400 (Klik Link di Bio!)
Tokopedia/Shopee/TikTok Shop: Pura Pura Ponsel

Kualitas Tidak Pernah Pura Pura - Solusi tukar tambah HP terbaik di Bali.",9,"06/06/2026 03:02",https://www.instagram.com/reel/DZPYctiAnYo/,"IG reel",,Lifetime,7831,4578,81,3,0,0,2
17971747793903349,17841414051683694,purapura.ponsel,"Pura Pura Ponsel","Si penyu aja kerjanya cuma berenang santai di Bali, lah kita kerja terus sampai lupa hari libur. Daripada stres mikirin kerjaan, mending self-reward belikan diri sendiri HP baru biar makin semangat kerjanya😂
Yuk, langsung mampir ke Pura Pura Ponsel buat dapetin gadget impianmu! Banyak promo menarik dan cicilan ringan yang gak bikin kantong stres🤩

Stop galau, saatnya ganti gadget baru tanpa ribet dan untung maksimal!
10 ribu ulasan bintang 5 di Google Maps!
Kunjungi Toko Kami Sekarang!

Toko Kroya: Jl. Kroya No. 3, Kesiman, Denpasar
Toko Munang Maning: Jl. Subur No. 4 Pemecutan Klod, Denpasar Barat
Jam Buka: Setiap Hari 09:00 - 22:00 WITA
Admin WA: 081237200400 (Klik Link di Bio!)
Tokopedia/Shopee/TikTok Shop: Pura Pura Ponsel

Kualitas Tidak Pernah Pura Pura - Solusi tukar tambah HP terbaik di Bali.",10,"06/05/2026 21:26",https://www.instagram.com/reel/DZOx92sTx64/,"IG reel",,Lifetime,9505,5495,60,1,0,2,1
18122974021725539,17841414051683694,purapura.ponsel,"Pura Pura Ponsel","Otak udah mau meledak cuma gara-gara mikirin hitungan? 🤣
Daripada ikutan pusing, mending checkout HP impianmu di sini. Mumpung lagi banyak promo diskon gede-gedean, jangan sampai kehabisan!🛒 

Stop galau, saatnya ganti gadget baru tanpa ribet dan untung maksimal!
10 ribu ulasan bintang 5 di Google Maps!
Kunjungi Toko Kami Sekarang!

Toko Kroya: Jl. Kroya No. 3, Kesiman, Denpasar
Toko Munang Maning: Jl. Subur No. 4 Pemecutan Klod, Denpasar Barat
Jam Buka: Setiap Hari 09:00 - 22:00 WITA
Admin WA: 081237200400 (Klik Link di Bio!)
Tokopedia/Shopee/TikTok Shop: Pura Pura Ponsel

Kualitas Tidak Pernah Pura Pura - Solusi tukar tambah HP terbaik di Bali.",25,"06/05/2026 18:02",https://www.instagram.com/reel/DZOarEsjT-M/,"IG reel",,Lifetime,17178,9549,93,2,0,4,1
18378368578203216,17841414051683694,purapura.ponsel,"Pura Pura Ponsel","HP Mati Total Bukan Berarti Kiamat! ⚡️

Jangan buru-buru ganti baru kalau mesinnya masih bisa diselamatkan. Di Pura Pura Ponsel, kami spesialis menangani kerusakan mesin handphone:
🫣 Mati Total (Matot)
🫣 Short/Konslet
🫣 Overheat (Cepat Panas)

Dikerjakan teknisi berpengalaman dengan peralatan yang presisi. Konsultasikan dulu kerusakannya, siapa tahu cuma masalah kecil!

Toko Kroya: Jl. Kroya No. 3, Kesiman, Denpasar
Toko Munang Maning: Jl. Subur No. 4 Pemecutan Klod, Denpasar Barat
Jam Buka: Setiap Hari 09:00 - 22:00 WITA
Admin WA: 081237200400 (Klik Link di Bio!)
Tokopedia/Shopee/TikTok Shop: Pura Pura Ponsel

Kualitas Tidak Pernah Pura Pura - Solusi tukar tambah HP terbaik di Bali.",34,"06/05/2026 03:01",https://www.instagram.com/reel/DZMzmVoDCd8/,"IG reel",,Lifetime,42002,467911,121,2,4,10,0
17995468949972517,17841414051683694,purapura.ponsel,"Pura Pura Ponsel","Daripada HP kamu yang beneran diblokir atau rusak, mending langsung datang ke Pura Pura Ponsel untuk solusi ganti baru atau servis bergaransi! 🤩

Stop galau, saatnya ganti gadget baru tanpa ribet dan untung maksimal!
10 ribu ulasan bintang 5 di Google Maps!
Kunjungi Toko Kami Sekarang!

Toko Kroya: Jl. Kroya No. 3, Kesiman, Denpasar
Toko Munang Maning: Jl. Subur No. 4 Pemecutan Klod, Denpasar Barat
Jam Buka: Setiap Hari 09:00 - 22:00 WITA
Admin WA: 081237200400 (Klik Link di Bio!)
Tokopedia/Shopee/TikTok Shop: Pura Pura Ponsel

Kualitas Tidak Pernah Pura Pura - Solusi tukar tambah HP terbaik di Bali.",24,"06/04/2026 18:28",https://www.instagram.com/reel/DZL4v2uTRay/,"IG reel",,Lifetime,8831,5736,57,0,1,0,2
17949682184996649,17841414051683694,purapura.ponsel,"Pura Pura Ponsel","Kirain dapet rezeki nomplok dapet iPhone baru, ternyata zonk! 😭 Siapa nih yang punya temen modelan jahil kaya gini? Tag temen kalian yang suka nge-prank! 👇

Stop galau, saatnya ganti gadget baru tanpa ribet dan untung maksimal!
10 ribu ulasan bintang 5 di Google Maps!
Kunjungi Toko Kami Sekarang!

Toko Kroya: Jl. Kroya No. 3, Kesiman, Denpasar
Toko Munang Maning: Jl. Subur No. 4 Pemecutan Klod, Denpasar Barat
Jam Buka: Setiap Hari 09:00 - 22:00 WITA
Admin WA: 081237200400 (Klik Link di Bio!)
Tokopedia/Shopee/TikTok Shop: Pura Pura Ponsel

Kualitas Tidak Pernah Pura Pura - Solusi tukar tambah HP terbaik di Bali.",86,"06/04/2026 05:01",https://www.instagram.com/reel/DZKciG1jQe5/,"IG reel",,Lifetime,8042,4935,40,2,0,2,1
17879041347602361,17841414051683694,purapura.ponsel,"Pura Pura Ponsel","Pengen Upgrade HP Tapi Dompet Lagi ""Diet""? 😆

Jangan dipaksa nabung sampai setahun kalau ada cara yang lebih asik! Di Pura Pura Ponsel, kita punya banyak pilihan cicilan yang nggak bikin kantong bolong dan bisa pengajuan online dari rumah! 😊

🔹 Tanpa Kartu Kredit? Bisa!
🔹 Cicilan 0%? Ada!
🔹 FREE 2x cicilan? Bisa!
🔹 DP 0 Rupiah? Cek syaratnya yuk!

Bestie bisa KREDIT dengan berbagai pilihan finance :
🎁 Indodana
🎁 Home Credit
🎁 Akulaku
🎁 Kredivo
🎁 Samsung Finance+
🎁 Gopaylater
🎁 Spaylater limit X-tra
🎁 Spectra
🎁 Yessskredit

Cukup dengan KTP saja. Yuk cek ke toko sekarang 🥳

Toko Kroya: Jl. Kroya No. 3, Kesiman, Denpasar
Toko Munang Maning: Jl. Subur No. 4 Pemecutan Klod, Denpasar Barat
Jam Buka: Setiap Hari 09:00 - 22:00 WITA
Admin WA: 081237200400 (Klik Link di Bio!)
Tokopedia/Shopee/TikTok Shop: Pura Pura Ponsel

Kualitas Tidak Pernah Pura Pura - Solusi tukar tambah HP terbaik di Bali.",59,"06/04/2026 03:01",https://www.instagram.com/reel/DZKOt64DENZ/,"IG reel",,Lifetime,46889,503085,112,1,3,2,1
18357340954300734,17841414051683694,purapura.ponsel,"Pura Pura Ponsel","Daripada mikirin butterfly era yang ga kunjung tiba, mending fokus jagain parkiran ama gendong temen. Lebih nyata indahnya! 😂🦋

Stop galau, saatnya ganti gadget baru tanpa ribet dan untung maksimal!
10 ribu ulasan bintang 5 di Google Maps!
Kunjungi Toko Kami Sekarang!

Toko Kroya: Jl. Kroya No. 3, Kesiman, Denpasar
Toko Munang Maning: Jl. Subur No. 4 Pemecutan Klod, Denpasar Barat
Jam Buka: Setiap Hari 09:00 - 22:00 WITA
Admin WA: 081237200400 (Klik Link di Bio!)
Tokopedia/Shopee/TikTok Shop: Pura Pura Ponsel

Kualitas Tidak Pernah Pura Pura - Solusi tukar tambah HP terbaik di Bali.",9,"06/03/2026 18:01",https://www.instagram.com/reel/DZJQ8SjDWPk/,"IG reel",,Lifetime,11342,6837,62,3,0,2,1
18034496522802878,17841403237713917,telagabagus,"TELAGA BAGUS","Penampilan kadang menjadi penentu seperti apa gambaran perilaku kita, namun itu tidak semuanya bisa di pastikan sebuah kebenaran😱

SPECIAL GALUNGAN BANYAK PROMO DI @telagabagus & @purapura.ponsel 

Apalgi tunjukin SS konten ini auto dapet dikon tambahan guys🔥

By : @arthadashing_ 

#telagabagus #purapuraponsel #arthadashing",83,"06/03/2026 07:09",https://www.instagram.com/reel/DZIF-ntKscl/,"IG reel",,Lifetime,63973,42739,485,1,5,0,0
17965463727118840,17841414051683694,purapura.ponsel,"Pura Pura Ponsel","HANDPHONEMU KE BLOCKIR ? TUKAR TAMBAH AJA ‼️

Bestie mau ganti Handphone tapi kasihan Handphone lama tidak terpakai ? Tukar Tambah saja di Pura Pura Ponsel 🤩

Kenapa harus di Pura Pura Ponsel ? 
🎁 Bisa Tukar Tambah dari series terlama sekalipun
🎁 Bisa Tukar Tambah dari imei TERBLOCKIR
🎁 Ipad ke ipad ? bisa
🎁 Android ke iPhone ? bisa 
🎁 Tukar Tambah dan Kredit ? bisa, dapatkan Promo Bunga dan DP 0%
🎁 Bisa SPLIT PAYMENT
🎁 After Sales ( yang pastinya fast response dan dibantu jika terjadi kendala )

Dan tentunya Unit lama kalian akan diambil dengan harga tinggi 🤩
Jadi tunggu apalagi ? Yuk Segera datang ke toko yaa 🥰

Toko Kroya: Jl. Kroya No. 3, Kesiman, Denpasar
Toko Munang Maning: Jl. Subur No. 4 Pemecutan Klod, Denpasar Barat
Jam Buka: Setiap Hari 09:00 - 22:00 WITA
Admin WA: 081237200400 (Klik Link di Bio!)
Tokopedia/Shopee/TikTok Shop: Pura Pura Ponsel

Kualitas Tidak Pernah Pura Pura - Solusi tukar tambah HP terbaik di Bali.",34,"06/03/2026 03:01",https://www.instagram.com/reel/DZHp6r9DdAX/,"IG reel",,Lifetime,33850,503572,110,0,4,0,0
18109486496477077,17841414051683694,purapura.ponsel,"Pura Pura Ponsel","Sebuah tutorial singkat bagaimana cara mengakhiri hubungan dengan cepat dan estetik🤩

Stop galau, saatnya ganti gadget baru tanpa ribet dan untung maksimal!
10 ribu ulasan bintang 5 di Google Maps!
Kunjungi Toko Kami Sekarang!

Toko Kroya: Jl. Kroya No. 3, Kesiman, Denpasar
Toko Munang Maning: Jl. Subur No. 4 Pemecutan Klod, Denpasar Barat
Jam Buka: Setiap Hari 09:00 - 22:00 WITA
Admin WA: 081237200400 (Klik Link di Bio!)
Tokopedia/Shopee/TikTok Shop: Pura Pura Ponsel

Kualitas Tidak Pernah Pura Pura - Solusi tukar tambah HP terbaik di Bali.",16,"06/03/2026 00:01",https://www.instagram.com/reel/DZHVWKYFRyU/,"IG reel",,Lifetime,6216,3607,36,0,0,0,0
17895857061329898,17841414051683694,purapura.ponsel,"Pura Pura Ponsel","Gak Pake Ribet, Tinggal Klik Langsung Sampe! 🚛

Belanja kebutuhan gadget dan elektronik sekarang makin gampang. Gak perlu macet-macetan di jalan, cukup rebahan dan pilih unit favorit kamu di toko ecommerce kami! 🛒✨

🎁 Produk 100% Original
🎁 Proses Cepat & Aman
🎁 Banyak Promo Eksklusif App

Siap kirim ke Seluruh Indonesia! 🤩💨
Langsung cek katalog lengkapnya di link bio ya! 

Toko Kroya: Jl. Kroya No. 3, Kesiman, Denpasar
Toko Munang Maning: Jl. Subur No. 4 Pemecutan Klod, Denpasar Barat
Jam Buka: Setiap Hari 09:00 - 22:00 WITA
Admin WA: 081237200400 (Klik Link di Bio!)
Tokopedia/Shopee/TikTok Shop: Pura Pura Ponsel

Kualitas Tidak Pernah Pura Pura - Solusi tukar tambah HP terbaik di Bali.",59,"06/02/2026 03:01",https://www.instagram.com/reel/DZFFNHkEStI/,"IG reel",,Lifetime,33182,531940,175,0,3,2,2
18105627673982375,17841414051683694,purapura.ponsel,"Pura Pura Ponsel","SEMUA PROMO ‼️
PROMO UGAL-UGALAN IPHONE HINGGA MACBOOK NEO 😆

Upgrade yang gaakan buat kantong kalian jebol dan pastinya PROMO UGAL-UGALAN hanya ada di Pura Pura Ponsel 

Kenapa harus di Pura Pura Ponsel ? 
🎁 Bergaransi resmi
🎁 Kualitas barang sama
🎁 Bisa kredit, dapatkan PROMO Bunga dan DP 0%
🎁 Bisa TUKAR TAMBAH, bahkan dari series terlama sekalipun
🎁 Bisa SPLIT PAYMENT
🎁 Dibantu pemindahan data dari handphone lama ke handphone baru
🎁 After Sales ( yang pastinya fast response dan dibantu jika terjadi kendala )
 
🍟 FREE Minyak Goreng disetiap pembelian Android Tipe apapun 🍟

Dan berkesempatan Lucky Draw disetiap pembelian Android Brand New, hadiahnya berupa Voucher belanja jutaan rupiah hingga Handphone! 📱 

Yuk DM atau langsung datang ke toko ya 😊🚀

Toko Kroya: Jl. Kroya No. 3, Kesiman, Denpasar
Toko Munang Maning: Jl. Subur No. 4 Pemecutan Klod, Denpasar Barat
Jam Buka: Setiap Hari 09:00 - 22:00 WITA
Admin WA: 081237200400 (Klik Link di Bio!)
Tokopedia/Shopee/TikTok Shop: Pura Pura Ponsel

Kualitas Tidak Pernah Pura Pura - Solusi tukar tambah HP terbaik di Bali.",59,"06/01/2026 03:33",https://www.instagram.com/reel/DZCkFFaD0tx/,"IG reel",,Lifetime,38242,621676,58,0,2,0,2
18089549627615481,17841414051683694,purapura.ponsel,"Pura Pura Ponsel","HANDPHONE BESTIE MATI TOTAL ? KONSULTASIKAN DISINI AJA 🤩

Punya keluhan atau kendala dengan handphone bestie ? bawa saja ke Pura Pura Ponsel yaa. Kami menyediakan layanan Service dengan Teknisi yang terpercaya dan kompeten! 🤩

Kenapa harus Service di Pura Pura Ponsel ? 
🎁 Service bisa ditunggu
🎁 Bisa lihat prosesnya atau dilakukan secara Face To Face
🎁 Free tempared glass dan case 
🎁 Dapatkan potongan up to 50%
🎁 Bisa service mesin handphone kamu yang mati total

Yuk konsultasikan keluhanmu sekarang 😊🚀

Toko Kroya: Jl. Kroya No. 3, Kesiman, Denpasar
Toko Munang Maning: Jl. Subur No. 4 Pemecutan Klod, Denpasar Barat
Jam Buka: Setiap Hari 09:00 - 22:00 WITA
Admin WA: 081237200400 (Klik Link di Bio!)
Tokopedia/Shopee/TikTok Shop: Pura Pura Ponsel

Kualitas Tidak Pernah Pura Pura - Solusi tukar tambah HP terbaik di Bali.",0,"05/31/2026 18:04",https://www.instagram.com/p/DZBi9yUAjsR/,"IG carousel",,Lifetime,13037,193145,20,0,0,0,3
18425976583135357,17841414051683694,purapura.ponsel,"Pura Pura Ponsel","MAU UPGRADE HANDPHONE TAPI GAMAU UANG BERKURANG ? BISA BANGET DONG 🤩

Khusus untuk bestie yang kaum mendang mending atau budget menipis. Tenang Minpur punya solusinya yaa 🥳
Bestie bisa KREDIT dengan berbagai pilihan finance :
🎁 Indodana
🎁 Home Credit
🎁 Akulaku
🎁 Kredivo
🎁 Samsung Finance+
🎁 Spaylater limit X-tra
🎁 Spectra

Dapatkan PROMO BUNGA dan DP 0% hingga FREE 2 kali cicilan 🥳
Yuk langsung datang ke toko dengan bawa KTP dan Handphone saja ya bestie 🤩🚀

Toko Kroya: Jl. Kroya No. 3, Kesiman, Denpasar
Toko Munang Maning: Jl. Subur No. 4 Pemecutan Klod, Denpasar Barat
Jam Buka: Setiap Hari 09:00 - 22:00 WITA
Admin WA: 081237200400 (Klik Link di Bio!)
Tokopedia/Shopee/TikTok Shop: Pura Pura Ponsel

Kualitas Tidak Pernah Pura Pura - Solusi tukar tambah HP terbaik di Bali.",0,"05/31/2026 18:03",https://www.instagram.com/p/DZBi1GwlTtC/,"IG carousel",,Lifetime,18828,422579,33,4,8,2,3
18091608125580575,17841414051683694,purapura.ponsel,"Pura Pura Ponsel","JUNE PROMO IS COMING 😆‼️

Apple Lovers ? belum lengkap kalau belum koleksi Apple Product lainnya nih. Transfer data yang mudah, sinkronisasi antar perangkat, serta pengalaman pengguna yang konsisten disemua perangkat 🤩

Kenapa harus di Pura Pura Ponsel ? 
🎁 Bergaransi resmi
🎁 Kualitas barang sama
🎁 Bisa kredit, dapatkan PROMO Bunga dan DP 0%
🎁 Bisa SPLIT PAYMENT
🎁 After Sales ( yang pastinya fast response dan dibantu jika terjadi kendala )
🎁 Dibantu pemindahan data, jika diperlukan

Buat kalian yang nggak bisa datang ke toko bisa checkout di toko online Minpur yaa. Pengiriman cepat, tepat, dan aman sampai tujuan 🙆🏼‍♀️💨

Toko Kroya: Jl. Kroya No. 3, Kesiman, Denpasar
Toko Munang Maning: Jl. Subur No. 4 Pemecutan Klod, Denpasar Barat
Jam Buka: Setiap Hari 09:00 - 22:00 WITA
Admin WA: 081237200400 (Klik Link di Bio!)
Tokopedia/Shopee/TikTok Shop: Pura Pura Ponsel

Kualitas Tidak Pernah Pura Pura - Solusi tukar tambah HP terbaik di Bali.",0,"05/31/2026 18:02",https://www.instagram.com/p/DZBitztDBhi/,"IG carousel",,Lifetime,41892,291249,65,32,0,6,21
18112786265500598,17841414051683694,purapura.ponsel,"Pura Pura Ponsel","ANDROID HARGA GROSIR😆‼️

Buat bestie yang lagi cari Android Brand New ataupun Second 🥳 
Jangan bingung karena Pura Pura Ponsel hadir dengan berbagai series Android Brand New dan Second yang tentunya lengkap dan dengan HARGA RAMAH DIDOMPET 😆

Kenapa harus di Pura Pura Ponsel ? 
🎁 Bergaransi resmi
🎁 Kualitas barang sama
🎁 Bisa kredit, dapatkan PROMO Bunga dan DP 0%
🎁 Bisa TUKAR TAMBAH, bahkan dari series terlama sekalipun
🎁 Bisa SPLIT PAYMENT
🎁 After Sales ( yang pastinya fast response dan dibantu jika terjadi kendala )
🎁 DAN MASIH BENEFIT LAINNYA 😍

BERKESEMPATAN LUCKY DRAW di setiap pembelian Android Brand New yang hadiahnya berupa VOUCHER BELANJA JUTAAN rupiah hingga HANDPHONE 🤩

BERKESEMPATAN MENDAPATKAN FREE MINYAK GORENG 🍟

Buat kalian yang nggak bisa datang ke toko bisa checkout di toko online Minpur yaa. Ada CASHBACK hingga jutaan rupiah 🤩 pengiriman cepat, dijamin aman sampai tujuan 🙆🏼‍♀️💨

Toko Kroya: Jl. Kroya No. 3, Kesiman, Denpasar
Toko Munang Maning: Jl. Subur No. 4 Pemecutan Klod, Denpasar Barat
Jam Buka: Setiap Hari 09:00 - 22:00 WITA
Admin WA: 081237200400 (Klik Link di Bio!)
Tokopedia/Shopee/TikTok Shop: Pura Pura Ponsel

Kualitas Tidak Pernah Pura Pura - Solusi tukar tambah HP terbaik di Bali.",0,"05/31/2026 18:01",https://www.instagram.com/p/DZBimigFKW2/,"IG carousel",,Lifetime,60175,291493,125,37,6,11,31
17890855668511790,17841414051683694,purapura.ponsel,"Pura Pura Ponsel","IPHONE HARGA GROSIR 😆‼️

Buat bestie yang lagi cari iPhone Brand New Garansi Resmi Indonesia atau Second Terdaftar ?
Pura Pura Ponsel hadir dengan berbagai series iPhone Brand New dan second dengan Promo yang menarik ya bestie 🙌🏻

Kenapa harus di Pura Pura Ponsel ? 
🎁 Bergaransi resmi
🎁 Garansi imei seumur hidup
🎁 Kualitas barang sama
🎁 Bisa kredit, dapatkan PROMO Bunga dan DP 0%
🎁 Bisa TUKAR TAMBAH, bahkan dari series terlama sekalipun
🎁 Bisa SPLIT PAYMENT
🎁 Dibantu pemindahan data dari handphone lama ke handphone baru
🎁 After Sales ( yang pastinya fast response dan dibantu jika terjadi kendala )
🎁 Jika terjadi kendala, akan dibantu claim garansi resmi dan dapatkan unit pinjaman selama proses berlangsung
🎁 DAN MASIH BENEFIT LAINNYA 😍

Buat kalian yang nggak bisa datang ke toko, bisa checkout di toko online Minpur yaa. Ada CASHBACK hingga jutaan rupiah 🤩 pengiriman cepat, dijamin aman sampai tujuan 🙆🏼‍♀️💨

Toko Kroya: Jl. Kroya No. 3, Kesiman, Denpasar
Toko Munang Maning: Jl. Subur No. 4 Pemecutan Klod, Denpasar Barat
Jam Buka: Setiap Hari 09:00 - 22:00 WITA
Admin WA: 081237200400 (Klik Link di Bio!)
Tokopedia/Shopee/TikTok Shop: Pura Pura Ponsel

Kualitas Tidak Pernah Pura Pura - Solusi tukar tambah HP terbaik di Bali.",0,"05/31/2026 18:00",https://www.instagram.com/p/DZBie_mDqJ6/,"IG carousel",,Lifetime,92527,318851,386,186,15,30,75
18088857956370963,17841401356087722,ogohogohdenpasar,"Ogoh Ogoh Denpasar, Bali","INI OGOH-OGOH TERVIRAL DI DENPASAR 2026 PART 2☺️🔥

BANJAR KESAMBI, KESIMAN KERTALANGU @stmsbkesambi 
BANJAR TEMBAWU KELOD, PENATIH @st.dharma_santika 
BANJAR TAMPAKGANGSUL, DAUH PURI KAUH @werdhiyowana.st 
BANJAR TEGAL AGUNG, PEMECUTAN KELOD @st.dwiputra 
BANJAR MERANGGI, KESIMAN PETILAN @st.yowanadharmalaksana 
BANJAR GADUH, SESETAN @st.ekalaksana 
#ogohogoh #ogohogohbali #ogohogohdenpasar #ogohogoh2026 #ogohogohviral",94,"05/31/2026 08:20",https://www.instagram.com/reel/DZAfb1dBUNT/,"IG reel",,Lifetime,38184,22994,797,20,4,2,0
18000203789764307,17841401356087722,ogohogohdenpasar,"Ogoh Ogoh Denpasar, Bali","INI OGOH-OGOH TERVIRAL DI DENPASAR 2026 YANG SERING LEWAT DI FYP MU☺️🔥

OGOH-OGOH APA LAGI YA YANG VIRAL DI TAHUN 2026 INI?

#ogohogoh #ogohogohbali #ogohogohdenpasar #ogohogoh2026 #ogohogohviral",100,"05/30/2026 07:35",https://www.instagram.com/reel/DY91uvdhPH5/,"IG reel",,Lifetime,28014,16961,736,29,2,2,0
18108199163488015,17841414051683694,purapura.ponsel,"Pura Pura Ponsel","Malam minggunya Pura Pura Ponsel nih😎✨

Gak cuma fokus kasih kalian gadget terbaik, tapi kita juga mau berbagi energi positif lewat aksi bagi-bagi nasi malam ini. Siapa nih yang kemarin sempat kebagian di jalan? 🙋‍♂️🙋‍♀️

Stop galau, saatnya ganti gadget baru tanpa ribet dan untung maksimal!
10 ribu ulasan bintang 5 di Google Maps!
Kunjungi Toko Kami Sekarang!

Toko Kroya: Jl. Kroya No. 3, Kesiman, Denpasar
Toko Munang Maning: Jl. Subur No. 4 Pemecutan Klod, Denpasar Barat
Jam Buka: Setiap Hari 09:00 - 22:00 WITA
Admin WA: 081237200400 (Klik Link di Bio!)
Tokopedia/Shopee/TikTok Shop: Pura Pura Ponsel

Kualitas Tidak Pernah Pura Pura - Solusi tukar tambah HP terbaik di Bali.",52,"05/30/2026 05:40",https://www.instagram.com/reel/DY9pAa-AHvh/,"IG reel",,Lifetime,5968,3560,37,4,0,0,0
18133720339499039,17841401356087722,ogohogohdenpasar,"Ogoh Ogoh Denpasar, Bali","WOWWW BANJAR TENGAH 3 KALI JUARA DI KASANGA FEST!!! @kasangafest 
@st.dwiputra @stcanti_graha @st.tarunadharmacastra 

BERIKUT PARA JUARA OGOH-OGOH DI KASANGA FESTIVAL SETIAP TAHUNNYA : 
2023 - BANJAR TEGAL AGUNG, PEMECUTAN KELOD
2024 - BANJAR TENGAH, SESETAN
2025 - BANJAR TENGAH, SESETAN
2026 - BANJAR TENGAH, SIDAKARYA

#ogohogoh #ogohogohbali #ogohogohdenpasar #ogohogoh2026 #juaraogohogoh",89,"05/29/2026 08:33",https://www.instagram.com/reel/DY7XfTKB650/,"IG reel",,Lifetime,40098,21806,893,25,3,11,0
18014685365855566,17841414051683694,purapura.ponsel,"Pura Pura Ponsel","Detik-detik Jupiter berpapasan dengan Bulan terpantau jelas di langit Bali malam ini, Jumat 29 Mei. Indah banget bisa dilihat pakai mata telanjang... 🤩✨

Stop galau, saatnya ganti gadget baru tanpa ribet dan untung maksimal!
10 ribu ulasan bintang 5 di Google Maps!
Kunjungi Toko Kami Sekarang!

Toko Kroya: Jl. Kroya No. 3, Kesiman, Denpasar
Toko Munang Maning: Jl. Subur No. 4 Pemecutan Klod, Denpasar Barat
Jam Buka: Setiap Hari 09:00 - 22:00 WITA
Admin WA: 081237200400 (Klik Link di Bio!)
Tokopedia/Shopee/TikTok Shop: Pura Pura Ponsel

Kualitas Tidak Pernah Pura Pura - Solusi tukar tambah HP terbaik di Bali.",9,"05/29/2026 04:35",https://www.instagram.com/reel/DY680F7D1YK/,"IG reel",,Lifetime,55459,31190,417,161,4,18,11
17915926962181880,17841401356087722,ogohogohdenpasar,"Ogoh Ogoh Denpasar, Bali","SUDAH LENGKAP OGOH-OGOH TRI SAKTI DARI BANJAR SEDANA MERTHA

2023 - Kawisesaning Parwati
2024 - Laksmi Alaksmi
2026 - Banyupinaruh

Next mau bikin apa min? @st.cantika 😁😁😁

@purapura.ponsel 

#ogohogoh #ogohogohdenpasar #ogohogoh2026 #ogohogohbali #ogohogohhidrolik",96,"05/27/2026 19:57",https://www.instagram.com/reel/DY3bUY_hsGq/,"IG reel",,Lifetime,32704,18480,783,21,2,4,0
18391455517093686,17841414051683694,purapura.ponsel,"Pura Pura Ponsel","Pria tidak beruntung itu adalah dia yang melewatkan promo gila-gilaan dari Pura Pura Ponsel! 😱

Jangan sampai kamu jadi salah satunya! Dapatkan Apple Watch SE Gen 3 dan AirPods Gen 4 dengan harga istimewa dan Garansi Resmi Indonesia. Yuk, langsung serbu sebelum kehabisan! 🥳✨

Stop galau, saatnya ganti gadget baru tanpa ribet dan untung maksimal!
10 ribu ulasan bintang 5 di Google Maps!
Kunjungi Toko Kami Sekarang!

Toko Kroya: Jl. Kroya No. 3, Kesiman, Denpasar
Toko Munang Maning: Jl. Subur No. 4 Pemecutan Klod, Denpasar Barat
Jam Buka: Setiap Hari 09:00 - 22:00 WITA
Admin WA: 081237200400 (Klik Link di Bio!)
Tokopedia/Shopee/TikTok Shop: Pura Pura Ponsel

Kualitas Tidak Pernah Pura Pura - Solusi tukar tambah HP terbaik di Bali.",16,"05/27/2026 18:01",https://www.instagram.com/reel/DY3PXTrGwwh/,"IG reel",,Lifetime,9468,6013,35,0,0,0,0
18122932636652990,17841414051683694,purapura.ponsel,"Pura Pura Ponsel","Selamat kepada Saudara Ilham Angga yang sudah berhasil menyabet gelar juara pertama kategori ""Melanggar Aturan Tuhan"" karena tetep masuk kerja pas hari raya Idul Adha! 🐑🙏

Stop galau, saatnya ganti gadget baru tanpa ribet dan untung maksimal!
10 ribu ulasan bintang 5 di Google Maps!
Kunjungi Toko Kami Sekarang!

Toko Kroya: Jl. Kroya No. 3, Kesiman, Denpasar
Toko Munang Maning: Jl. Subur No. 4 Pemecutan Klod, Denpasar Barat
Jam Buka: Setiap Hari 09:00 - 22:00 WITA
Admin WA: 081237200400 (Klik Link di Bio!)
Tokopedia/Shopee/TikTok Shop: Pura Pura Ponsel

Kualitas Tidak Pernah Pura Pura - Solusi tukar tambah HP terbaik di Bali.",15,"05/27/2026 03:02",https://www.instagram.com/reel/DY1ojmRkqg2/,"IG reel",,Lifetime,6550,3989,33,1,0,0,0
18085848671421680,17841414051683694,purapura.ponsel,"Pura Pura Ponsel","Beli iPhone 15 pas Idul Adha, tapi mbak kasirnya malah ngajak mekanik 😭🤣

Tapi beneran deh, daripada bantai-bantaian, mending langsung serbu promo Apple Watch SE 3 & AirPods Gen 4 di Pura Pura Ponsel. Garansi resmi Indonesia, harganya ramah banget di kantong! 🥳

Stop galau, saatnya ganti gadget baru tanpa ribet dan untung maksimal!
10 ribu ulasan bintang 5 di Google Maps!
Kunjungi Toko Kami Sekarang!

Toko Kroya: Jl. Kroya No. 3, Kesiman, Denpasar
Toko Munang Maning: Jl. Subur No. 4 Pemecutan Klod, Denpasar Barat
Jam Buka: Setiap Hari 09:00 - 22:00 WITA
Admin WA: 081237200400 (Klik Link di Bio!)
Tokopedia/Shopee/TikTok Shop: Pura Pura Ponsel

Kualitas Tidak Pernah Pura Pura - Solusi tukar tambah HP terbaik di Bali.",16,"05/27/2026 00:53",https://www.instagram.com/reel/DY1ZwH3FUll/,"IG reel",,Lifetime,8239,4551,47,1,1,4,1
18202664302349734,17841414051683694,purapura.ponsel,"Pura Pura Ponsel","Definisi Sebelum Taubat vs Sesudah Taubat. Tato lama penuh kenangan masa lalu, tato baru penuh amanah Idul Adha. Hijrahnya totalitas tanpa batas! 🐮🐐

Stop galau, saatnya ganti gadget baru tanpa ribet dan untung maksimal!
10 ribu ulasan bintang 5 di Google Maps!
Kunjungi Toko Kami Sekarang!

Toko Kroya: Jl. Kroya No. 3, Kesiman, Denpasar
Toko Munang Maning: Jl. Subur No. 4 Pemecutan Klod, Denpasar Barat
Jam Buka: Setiap Hari 09:00 - 22:00 WITA
Admin WA: 081237200400 (Klik Link di Bio!)
Tokopedia/Shopee/TikTok Shop: Pura Pura Ponsel

Kualitas Tidak Pernah Pura Pura - Solusi tukar tambah HP terbaik di Bali.",0,"05/26/2026 21:00",https://www.instagram.com/p/DY0_NH8k-0j/,"IG carousel",,Lifetime,56439,20210,161,1,0,3,3
18585593992043347,17841414051683694,purapura.ponsel,"Pura Pura Ponsel","pantesan sapi jantan lebih dianjurkan buat qurban. Soalnya kalau betina, boro-boro mau berkorban, ngaku salah aja susah! 😂🤭 aduhh betina siapa ini kayak gini tag betina mu skrng yaa!!😭

Stop galau, saatnya ganti gadget baru tanpa ribet dan untung maksimal!
10 ribu ulasan bintang 5 di Google Maps!
Kunjungi Toko Kami Sekarang!

Toko Kroya: Jl. Kroya No. 3, Kesiman, Denpasar
Toko Munang Maning: Jl. Subur No. 4 Pemecutan Klod, Denpasar Barat
Jam Buka: Setiap Hari 09:00 - 22:00 WITA
Admin WA: 081237200400 (Klik Link di Bio!)
Tokopedia/Shopee/TikTok Shop: Pura Pura Ponsel

Kualitas Tidak Pernah Pura Pura - Solusi tukar tambah HP terbaik di Bali.",15,"05/26/2026 18:01",https://www.instagram.com/reel/DY0qmDTkSlt/,"IG reel",,Lifetime,14212,8619,230,83,0,10,17
17937488532054711,17841414051683694,purapura.ponsel,"Pura Pura Ponsel","PEREBUTAN HARTA KARUN😱

Langsung beli tiketnya sekarang juga semeton di @dmgproject2026 

Toko Kroya: Jl. Kroya No. 3, Kesiman, Denpasar
Toko Munang Maning: Jl. Subur No. 4 Pemecutan Klod, Denpasar Barat
Jam Buka: Setiap Hari 09:00 - 22:00 WITA
Admin WA: 081237200400 (Klik Link di Bio!)
Tokopedia/Shopee/TikTok Shop: Pura Pura Ponsel

#purapuraponsel #iphonedenpasar #viral",88,"05/26/2026 07:21",https://www.instagram.com/reel/DYzgxjPzG6N/,"IG reel",,Lifetime,47975,27012,392,15,0,17,10
17860180374635841,17841414051683694,purapura.ponsel,"Pura Pura Ponsel","Plot twist abad ini: Ketika nyari customer lebih estetik daripada nyari gebetan. 🎯💼

Stop cari yang ga pasti, mending cari yang PASTI PROMO aja di pura pura ponsel ❣️
Apple Watch SE 3 mulai dari 3,3 jutaan aja, plus AirPods Gen 4 yang ramah di kantong! 🥳✨

Buruan tag temen kamu yang jomblo tapi ambisius kerja! ⬇️

Toko Kroya: Jl. Kroya No. 3, Kesiman, Denpasar
Toko Munang Maning: Jl. Subur No. 4 Pemecutan Klod, Denpasar Barat
Jam Buka: Setiap Hari 09:00 - 22:00 WITA
Admin WA: 081237200400 (Klik Link di Bio!)
Tokopedia/Shopee/TikTok Shop: Pura Pura Ponsel",19,"05/25/2026 03:02",https://www.instagram.com/reel/DYwe5SPjVI3/,"IG reel",,Lifetime,12424,8070,59,0,1,0,3
18059106755707306,17841414051683694,purapura.ponsel,"Pura Pura Ponsel","Lagian siapa sih yang punya ide toilet konsepnya begini?! 😭 Kalo ga pake helm bisa kena tilanng polis apa gimana?

Jujur, kalo kalian nemu toilet begini, mending lanjut apa putar balik nyari pom bensin? 👇👇

Mau pup aman? Pake Apple Watch atau AirPods dari @purapura.ponsel biar dengerin musiknya makin asik pas lagi ""berkendara"" di toilet! 🛵💨

Toko Kroya: Jl. Kroya No. 3, Kesiman, Denpasar
Toko Munang Maning: Jl. Subur No. 4 Pemecutan Klod, Denpasar Barat
Jam Buka: Setiap Hari 09:00 - 22:00 WITA
Admin WA: 081237200400 (Klik Link di Bio!)
Tokopedia/Shopee/TikTok Shop: Pura Pura Ponsel",15,"05/25/2026 01:00",https://www.instagram.com/reel/DYwQ8IxgDzn/,"IG reel",,Lifetime,11789,6773,32,0,0,0,2
17968648221071500,17841414051683694,purapura.ponsel,"Pura Pura Ponsel","TEMAN PARASIT🤬

Bertemanlah dengan saling pengertian jangan sesekali membiarkan uang merusak nya !

Set busana ada keren belinya di @telagabagus bisa custome sesuka hati dan harga terjangkau

Mau cari gadged berkualitas, bisa tukar tambah harga terjangkau? Di @purapura.ponsel aja

#purapuraponsel #telagabagus #arthadashing",121,"05/23/2026 05:07",https://www.instagram.com/reel/DYrjSpEzkaL/,"IG reel",,Lifetime,90222,58686,1392,27,10,37,59
18131173345605425,17841414051683694,purapura.ponsel,"Pura Pura Ponsel","Dikira pelanggan biasa, ternyata i*t** lagi menyamar! 🕵️‍♂️✨

Lagian si abang nawarin harga selangit di depan tim kita, ya langsung kena ulti lah! Untung mas-mas jaket hitam langsung sigap menyelamatkan dompet si pelanggan dari harga yang gak masuk akal. 😭🤣

Makanya, daripada boncos di toko yang salah, mending langsung gas ke Pura Pura Ponsel. Harganya jujur, murahnya gak pura-pura! 🤙

Toko Kroya: Jl. Kroya No. 3, Kesiman, Denpasar
Toko Munang Maning: Jl. Subur No. 4 Pemecutan Klod, Denpasar Barat
Jam Buka: Setiap Hari 09:00 - 22:00 WITA
Admin WA: 081237200400 (Klik Link di Bio!)
Tokopedia/Shopee/TikTok Shop: Pura Pura Ponsel",19,"05/22/2026 23:22",https://www.instagram.com/reel/DYq7e3ITLoY/,"IG reel",,Lifetime,6130,3269,41,0,0,2,0
18113485426827662,17841414051683694,purapura.ponsel,"Pura Pura Ponsel","😱😱😱😱

Laptop monster harga ramah kantong siap dipinang! ✨ 
Mau jadi yang pertama punya MacBook Neo? Ikutan Pre-Order sekarang di Pura Pura Ponsel cuma dengan DP 500 Ribu aja❣️🤩
Dapetin keuntungan melimpah khusus buat kamu:

🔥Potongan harga 100K langsung tanpa ribet.
🔥Bisa Tukar Tambah dengan series lama kamu sekalipun.
🔥Bisa Kredit dengan promo bunga ringan dan DP 0%.
🔥Free Tas Macbook eksklusif di setiap PO.
🔥Free Spin Berhadiah mulai dari Handphone hingga Voucher Belanja jutaan rupiah!

Stok terbatas, jangan tunggu sampai harga melambung tinggi! Yuk, langsung amankan warna favoritmu (Silver, Blush, Citrus, atau Indigo) dengan hubungi admin via WhatsApp/DM atau langsung datang ke store Pura Pura Ponsel terdekat! 🚀

Bingung mau Upgrade HP tapi HP lama gak terpakai?
Jangan khawatir! Bawa saja ke Pura Pura Ponsel
Kami terima Tukar Tambah semua kondisi dan series!

✅ Series Terlama? Bisa!
✅ Android ke iPhone? Bisa Banget!
✅ KREDIT DP & BUNGA 0% (S&K Berlaku)
✅ BISA SPLIT PAYMENT
✅ BANYAK BENEFIT eksklusif lainnya!

Stop galau, saatnya ganti gadget baru tanpa ribet dan untung maksimal!
10 ribu ulasan bintang 5 di Google Maps!
Kunjungi Toko Kami Sekarang!

Toko Kroya: Jl. Kroya No. 3, Kesiman, Denpasar
Toko Munang Maning: Jl. Subur No. 4 Pemecutan Klod, Denpasar Barat
Jam Buka: Setiap Hari 09:00 - 22:00 WITA
Admin WA: 081237200400 (Klik Link di Bio!)
Tokopedia/Shopee/TikTok Shop: Pura Pura Ponsel",63,"05/22/2026 07:26",https://www.instagram.com/reel/DYpOhQPz9rd/,"IG reel",,Lifetime,39741,22142,191,3,2,24,0
18103958548978859,17841414051683694,purapura.ponsel,"Pura Pura Ponsel","Baru jam segini tapi isi kepala udah pengen check-out 😭Tenaga udah 1%, pas dicek ternyata jam baru jalan 1 menit. 🫠

Ketika kamu udah ngerasa kerja sekuat tenaga bagai kuda, tapi waktu di PC berkata lain. Definisi 8 jam kerja yang terasa seperti satu abad.
Coba tag temen kamu yang jam 9 pagi mukanya udah kayak jam 5 sore! ⬇️

Gak apa-apa deh tenaga Minpur terkuras dari pagi, yang penting Kakak-Kakak semua kebagian promonya.
Siapa nih yang matanya jeli bisa liat pamflet promonya di belakang? Buruan merapat ke store sekarang sebelum promo 3 orang tercepatnya diambil orang lain! 👇💨

Bingung mau Upgrade HP tapi HP lama gak terpakai?
Jangan khawatir! Bawa saja ke Pura Pura Ponsel
Kami terima Tukar Tambah semua kondisi dan series!

✅ Series Terlama? Bisa!
✅ Android ke iPhone? Bisa Banget!
✅ KREDIT DP & BUNGA 0% (S&K Berlaku)
✅ BISA SPLIT PAYMENT
✅ BANYAK BENEFIT eksklusif lainnya!

Stop galau, saatnya ganti gadget baru tanpa ribet dan untung maksimal!
10 ribu ulasan bintang 5 di Google Maps!
Kunjungi Toko Kami Sekarang!

Toko Kroya: Jl. Kroya No. 3, Kesiman, Denpasar
Toko Munang Maning: Jl. Subur No. 4 Pemecutan Klod, Denpasar Barat
Jam Buka: Setiap Hari 09:00 - 22:00 WITA
Admin WA: 081237200400 (Klik Link di Bio!)
Tokopedia/Shopee/TikTok Shop: Pura Pura Ponsel",11,"05/21/2026 18:55",https://www.instagram.com/reel/DYn4yMBT0zW/,"IG reel",,Lifetime,4802,2788,22,0,0,0,0
18105008980920687,17841414051683694,purapura.ponsel,"Pura Pura Ponsel","IPHONE HARGA GROSIR 😆‼️

Buat bestie yang lagi cari iPhone Brand New Garansi Indonesia atau Second Terdaftar ?
Pura Pura Ponsel hadir dengan berbagai series iPhone Brand New dan second dengan Promo yang menarik ya bestie 🥰

Kenapa harus di Pura Pura Ponsel ? 
✅ Bergaransi resmi
✅ Garansi imei seumur hidup
✅ Kualitas barang sama
✅ Bisa kredit, dapatkan PROMO Bunga dan DP 0%
✅ Bisa TUKAR TAMBAH, bahkan dari series terlama sekalipun
✅ Bisa SPLIT PAYMENT
✅ Dibantu pemindahan data dari handphone lama ke handphone baru
✅ After Sales ( yang pastinya fast response dan dibantu jika terjadi kendala )
✅ Jika terjadi kendala, akan dibantu claim garansi resmi dan dapatkan unit pinjaman selama proses berlangsung
✅ DAN MASIH BENEFIT LAINNYA ‼️

Buat kalian yang nggak bisa datang ke toko bisa checkout di toko online Minpur yaa. Ada CASHBACK hingga jutaan rupiah 🤩 pengiriman cepat, dijamin aman sampai tujuan whoosh 💨

Toko Kroya: Jl. Kroya No. 3, Kesiman, Denpasar
Toko Munang Maning: Jl. Subur No. 4 Pemecutan Klod, Denpasar Barat
Jam Buka: Setiap Hari 09:00 - 22:00 WITA
Admin WA: 081237200400 (Klik Link di Bio!)
Tokopedia/Shopee/TikTok Shop: Pura Pura Ponsel

Kualitas Tidak Pernah Pura Pura - Solusi tukar tambah HP terbaik di Bali.",0,"03/31/2026 18:00",https://www.instagram.com/p/DWkeFpLjOm3/,"IG carousel",,Lifetime,147549,479744,647,205,59,63,163
18135419110553996,17841414051683694,purapura.ponsel,"Pura Pura Ponsel","Siapa yang pernah ngalamin hal kayak gini juga? Tulis di kolom komentar dong! 👇

Daripada sibuk scrolling video random, mending gerak cepat amankan Promo 3 Orang Tercepat hari ini di Pura Pura Ponsel. Banyak gadget impian dengan harga miring menanti kamu! 📱🔥

Bingung mau Upgrade HP tapi HP lama gak terpakai?
Jangan khawatir! Bawa saja ke Pura Pura Ponsel
Kami terima Tukar Tambah semua kondisi dan series!

✅ Series Terlama? Bisa!
✅ Android ke iPhone? Bisa Banget!
✅ KREDIT DP & BUNGA 0% (S&K Berlaku)
✅ BISA SPLIT PAYMENT
✅ BANYAK BENEFIT eksklusif lainnya!

Stop galau, saatnya ganti gadget baru tanpa ribet dan untung maksimal!
10 ribu ulasan bintang 5 di Google Maps!
Kunjungi Toko Kami Sekarang!

Toko Kroya: Jl. Kroya No. 3, Kesiman, Denpasar
Toko Munang Maning: Jl. Subur No. 4 Pemecutan Klod, Denpasar Barat
Jam Buka: Setiap Hari 09:00 - 22:00 WITA
Admin WA: 081237200400 (Klik Link di Bio!)
Tokopedia/Shopee/TikTok Shop: Pura Pura Ponsel

Kualitas Tidak Pernah Pura Pura - Solusi tukar tambah HP terbaik di Bali.",23,"05/19/2026 18:00",https://www.instagram.com/reel/DYio96XhwoU/,"IG reel",,Lifetime,5170,3299,22,0,0,2,1
18102926035806255,17841414051683694,purapura.ponsel,"Pura Pura Ponsel","Menolak gratisan demi sebuah kejujuran! Tapi kalau promo yang satu ini, dijamin ga bakal bisa kalian tolak! 🤩✨

Yuk, langsung serbu promo gadget impian kamu di Pura Pura Ponsel. Jangan sampai kehabisan ya!

Bingung mau Upgrade HP tapi HP lama gak terpakai?
Jangan khawatir! Bawa saja ke Pura Pura Ponsel
Kami terima Tukar Tambah semua kondisi dan series!

✅ Series Terlama? Bisa!
✅ Android ke iPhone? Bisa Banget!
✅ KREDIT DP & BUNGA 0% (S&K Berlaku)
✅ BISA SPLIT PAYMENT
✅ BANYAK BENEFIT eksklusif lainnya!

Stop galau, saatnya ganti gadget baru tanpa ribet dan untung maksimal!
10 ribu ulasan bintang 5 di Google Maps!
Kunjungi Toko Kami Sekarang!

Toko Kroya: Jl. Kroya No. 3, Kesiman, Denpasar
Toko Munang Maning: Jl. Subur No. 4 Pemecutan Klod, Denpasar Barat
Jam Buka: Setiap Hari 09:00 - 22:00 WITA
Admin WA: 081237200400 (Klik Link di Bio!)
Tokopedia/Shopee/TikTok Shop: Pura Pura Ponsel

Kualitas Tidak Pernah Pura Pura - Solusi tukar tambah HP terbaik di Bali.",39,"05/18/2026 18:00",https://www.instagram.com/reel/DYgEI_LhDck/,"IG reel",,Lifetime,4791,2933,34,0,0,3,0
17998404446942090,17841414051683694,purapura.ponsel,"Pura Pura Ponsel","Diam tidak bercerita, bergerak langsung bikin tato🫣

Daripada dipendam dalam hati, mending langsung diukir di lengan biar selalu ingat tujuannya. Tapi tenang, kalau mau dapetin gadget impian dengan harga promo, ga perlu sampai bikin tato kok! Langsung aja cek promo terbaru dari Pura Pura Ponsel sebelum kehabisan! ✨

Bingung mau Upgrade HP tapi HP lama gak terpakai?
Jangan khawatir! Bawa saja ke Pura Pura Ponsel
Kami terima Tukar Tambah semua kondisi dan series!

✅ Series Terlama? Bisa!
✅ Android ke iPhone? Bisa Banget!
✅ KREDIT DP & BUNGA 0% (S&K Berlaku)
✅ BISA SPLIT PAYMENT
✅ BANYAK BENEFIT eksklusif lainnya!

Stop galau, saatnya ganti gadget baru tanpa ribet dan untung maksimal!
10 ribu ulasan bintang 5 di Google Maps!
Kunjungi Toko Kami Sekarang!

Toko Kroya: Jl. Kroya No. 3, Kesiman, Denpasar
Toko Munang Maning: Jl. Subur No. 4 Pemecutan Klod, Denpasar Barat
Jam Buka: Setiap Hari 09:00 - 22:00 WITA
Admin WA: 081237200400 (Klik Link di Bio!)
Tokopedia/Shopee/TikTok Shop: Pura Pura Ponsel

Kualitas Tidak Pernah Pura Pura-solusi tukar tambah HP terbaik di Bali",13,"05/18/2026 00:00",https://www.instagram.com/reel/DYeInPwv31s/,"IG reel",,Lifetime,12146,6775,47,10,0,4,2
18544518643069435,17841414051683694,purapura.ponsel,"Pura Pura Ponsel","Detik-detik wawancara yang makin lama makin di luar nurul 😭😂

Dari yang gak mau generasi masa depan datang, sampai yang punya keahlian bahasa hewan. Kalau kalian ditanya ""Jawab Cepat"", apa kelebihan unik yang bakal kalian sebutin? Tulis di kolom komentar! 👇

Bingung mau Upgrade HP tapi HP lama gak terpakai?
Jangan khawatir! Bawa saja ke Pura Pura Ponsel
Kami terima Tukar Tambah semua kondisi dan series!

✅ Series Terlama? Bisa!
✅ Android ke iPhone? Bisa Banget!
✅ KREDIT DP & BUNGA 0% (S&K Berlaku)
✅ BISA SPLIT PAYMENT
✅ BANYAK BENEFIT eksklusif lainnya!

Stop galau, saatnya ganti gadget baru tanpa ribet dan untung maksimal!
10 ribu ulasan bintang 5 di Google Maps!
Kunjungi Toko Kami Sekarang!

Toko Kroya: Jl. Kroya No. 3, Kesiman, Denpasar
Toko Munang Maning: Jl. Subur No. 4 Pemecutan Klod, Denpasar Barat
Jam Buka: Setiap Hari 09:00 - 22:00 WITA
Admin WA: 081237200400 (Klik Link di Bio!)
Tokopedia/Shopee/TikTok Shop: Pura Pura Ponsel

Kualitas Tidak Pernah Pura Pura - Solusi tukar tambah HP terbaik di Bali.",32,"05/17/2026 18:00",https://www.instagram.com/reel/DYdfcMMv139/,"IG reel",,Lifetime,7636,4734,80,10,2,4,0
18108652747926569,17841414051683694,purapura.ponsel,"Pura Pura Ponsel","Niat awal: Servis HP dengan tenang. Realita: Malah kena cobaan hidup berupa Adek Nono 🤦‍♀️✨

Coba tag teman kamu yang kelakuannya persis kayak Adek Nono kalau diajak jalan! 👇

Bingung mau Upgrade HP tapi HP lama gak terpakai?
Jangan khawatir! Bawa saja ke Pura Pura Ponsel
Kami terima Tukar Tambah semua kondisi dan series!

✅ Series Terlama? Bisa!
✅ Android ke iPhone? Bisa Banget!
✅ KREDIT DP & BUNGA 0% (S&K Berlaku)
✅ BISA SPLIT PAYMENT
✅ BANYAK BENEFIT eksklusif lainnya!

Stop galau, saatnya ganti gadget baru tanpa ribet dan untung maksimal!
10 ribu ulasan bintang 5 di Google Maps!
Kunjungi Toko Kami Sekarang!

Toko Kroya: Jl. Kroya No. 3, Kesiman, Denpasar
Toko Munang Maning: Jl. Subur No. 4 Pemecutan Klod, Denpasar Barat
Jam Buka: Setiap Hari 09:00 - 22:00 WITA
Admin WA: 081237200400 (Klik Link di Bio!)
Tokopedia/Shopee/TikTok Shop: Pura Pura Ponsel

Kualitas Tidak Pernah Pura Pura - Solusi tukar tambah HP terbaik di Bali.",37,"05/17/2026 03:00",https://www.instagram.com/reel/DYb4bvOPArV/,"IG reel",,Lifetime,9498,5722,98,5,0,14,2
18102837125515168,17841414051683694,purapura.ponsel,"Pura Pura Ponsel","Makanya, jangan sampai sakit ya bapak-bapak/mas-mas! 😂 Zaman sekarang saingannya bukan cuma beban kerjaan, tapi juga ketakutan diganti yang baru wkwk.

Daripada mikirin yang enggak-enggak, mending fokus sehat dan upgrade gadget kamu di Pura Pura Ponsel. Mumpung lagi ada promo gila-gilaan nih! 📉✨

Bingung mau Upgrade HP tapi HP lama gak terpakai?
Jangan khawatir! Bawa saja ke Pura Pura Ponsel
Kami terima Tukar Tambah semua kondisi dan series!

✅ Series Terlama? Bisa!
✅ Android ke iPhone? Bisa Banget!
✅ KREDIT DP & BUNGA 0% (S&K Berlaku)
✅ BISA SPLIT PAYMENT
✅ BANYAK BENEFIT eksklusif lainnya!

Stop galau, saatnya ganti gadget baru tanpa ribet dan untung maksimal!
10 ribu ulasan bintang 5 di Google Maps!
Kunjungi Toko Kami Sekarang!

Toko Kroya: Jl. Kroya No. 3, Kesiman, Denpasar
Toko Munang Maning: Jl. Subur No. 4 Pemecutan Klod, Denpasar Barat
Jam Buka: Setiap Hari 09:00 - 22:00 WITA
Admin WA: 081237200400 (Klik Link di Bio!)
Tokopedia/Shopee/TikTok Shop: Pura Pura Ponsel

Kualitas Tidak Pernah Pura Pura - Solusi tukar tambah HP terbaik di Bali.",11,"05/17/2026 00:00",https://www.instagram.com/reel/DYbj0sgBMbk/,"IG reel",,Lifetime,6667,3549,35,3,1,2,3
17886250689545124,17841414051683694,purapura.ponsel,"Pura Pura Ponsel","Coba absen di kolom komentar, kata-kata mutiara apa yang pertama kali keluar dari mulut kalian kalau di posisi ini? 😂👇

Biar harimu nggak sesakit kena pijakan motor, yuk intip promo gadget terbaru di Pura Pura Ponsel. Ada Apple Watch SE 3 & AirPods Gen 4 dengan harga spesial 💖

Bingung mau Upgrade HP tapi HP lama gak terpakai?
Jangan khawatir! Bawa saja ke Pura Pura Ponsel
Kami terima Tukar Tambah semua kondisi dan series!

✅ Series Terlama? Bisa!
✅ Android ke iPhone? Bisa Banget!
✅ KREDIT DP & BUNGA 0% (S&K Berlaku)
✅ BISA SPLIT PAYMENT
✅ BANYAK BENEFIT eksklusif lainnya!

Stop galau, saatnya ganti gadget baru tanpa ribet dan untung maksimal!
10 ribu ulasan bintang 5 di Google Maps!
Kunjungi Toko Kami Sekarang!

Toko Kroya: Jl. Kroya No. 3, Kesiman, Denpasar
Toko Munang Maning: Jl. Subur No. 4 Pemecutan Klod, Denpasar Barat
Jam Buka: Setiap Hari 09:00 - 22:00 WITA
Admin WA: 081237200400 (Klik Link di Bio!)
Tokopedia/Shopee/TikTok Shop: Pura Pura Ponsel

Kualitas Tidak Pernah Pura Pura - Solusi tukar tambah HP terbaik di Bali.",10,"05/16/2026 18:00",https://www.instagram.com/reel/DYa6mKAPR9c/,"IG reel",,Lifetime,16668,8629,117,4,0,9,6
18111543572501205,17841414051683694,purapura.ponsel,"Pura Pura Ponsel","Berhasil berhenti merokok, tapi tantangan baru menghadang... 🥲💸

Keluar dari lingkaran asap rokok, malah masuk ke lingkaran godaan Apple Watch SE 3 & AirPods Gen 4! Tapi gapapa, yang ini jelas lebih sehat buat paru-paru🫶🏻

Bingung mau Upgrade HP tapi HP lama gak terpakai?
Jangan khawatir! Bawa saja ke Pura Pura Ponsel
Kami terima Tukar Tambah semua kondisi dan series!

✅ Series Terlama? Bisa!
✅ Android ke iPhone? Bisa Banget!
✅ KREDIT DP & BUNGA 0% (S&K Berlaku)
✅ BISA SPLIT PAYMENT
✅ BANYAK BENEFIT eksklusif lainnya!

Stop galau, saatnya ganti gadget baru tanpa ribet dan untung maksimal!
10 ribu ulasan bintang 5 di Google Maps!
Kunjungi Toko Kami Sekarang!

Toko Kroya: Jl. Kroya No. 3, Kesiman, Denpasar
Toko Munang Maning: Jl. Subur No. 4 Pemecutan Klod, Denpasar Barat
Jam Buka: Setiap Hari 09:00 - 22:00 WITA
Admin WA: 081237200400 (Klik Link di Bio!)
Tokopedia/Shopee/TikTok Shop: Pura Pura Ponsel

Kualitas Tidak Pernah Pura Pura - Solusi tukar tambah HP terbaik di Bali.",17,"05/16/2026 03:00",https://www.instagram.com/reel/DYZTlR3PXbw/,"IG reel",,Lifetime,18764,10965,192,213,0,11,17
18103586552512025,17841460557348833,arthadashing_,"Artha Dashing","sampai syhok berat dapet suprise😋😁

Istriku terkecoh karena fokus makan, makanan enak dan menu baru serta harganya promo dari @nanueaterybali 

Tiba - tiba dapet iphone juga, berkat bantuan dari @purapura.ponsel , istriku jadi terkejoet😁

#arthadashing #nanueatrybali #purapuraponsel",45,"05/16/2026 00:25",https://www.instagram.com/reel/DYZBxbeRvpX/,"IG reel",,Lifetime,105417,74569,2288,76,7,22,0
18327370552253541,17841414051683694,purapura.ponsel,"Pura Pura Ponsel","Umur emang gak ada yang tau, tapi kalau promo Pura Pura Ponsel jangan sampai lewat gitu aja! 😱
Dapatkan iPhone, iPad, sampai Apple Watch dengan harga spesial khusus hari ini.
Siapa cepat dia dapat, jangan sampai nyesel belakangan! 📱🔥

Bingung mau Upgrade HP tapi HP lama gak terpakai?
Jangan khawatir! Bawa saja ke Pura Pura Ponsel
Kami terima Tukar Tambah semua kondisi dan series!

✅ Series Terlama? Bisa!
✅ Android ke iPhone? Bisa Banget!
✅ KREDIT DP & BUNGA 0% (S&K Berlaku)
✅ BISA SPLIT PAYMENT
✅ BANYAK BENEFIT eksklusif lainnya!

Stop galau, saatnya ganti gadget baru tanpa ribet dan untung maksimal!
10 ribu ulasan bintang 5 di Google Maps!
Kunjungi Toko Kami Sekarang!

Toko Kroya: Jl. Kroya No. 3, Kesiman, Denpasar
Toko Munang Maning: Jl. Subur No. 4 Pemecutan Klod, Denpasar Barat
Jam Buka: Setiap Hari 09:00 - 22:00 WITA
Admin WA: 081237200400 (Klik Link di Bio!)
Tokopedia/Shopee/TikTok Shop: Pura Pura Ponsel

Kualitas Tidak Pernah Pura Pura - Solusi tukar tambah HP terbaik di Bali.",17,"05/15/2026 18:00",https://www.instagram.com/reel/DYYVxWLPODO/,"IG reel",,Lifetime,26995,15993,121,2,0,4,1
18229836514311428,17841414051683694,purapura.ponsel,"Pura Pura Ponsel","Hanya karena punya kuasa, bukan berarti bisa mempermainkan fakta. Mari belajar untuk lebih jujur dan menghargai sesama. 🙏✨

Bingung mau Upgrade HP tapi HP lama gak terpakai?
Jangan khawatir! Bawa saja ke Pura Pura Ponsel
Kami terima Tukar Tambah semua kondisi dan series!

✅ Series Terlama? Bisa!
✅ Android ke iPhone? Bisa Banget!
✅ KREDIT DP & BUNGA 0% (S&K Berlaku)
✅ BISA SPLIT PAYMENT
✅ BANYAK BENEFIT eksklusif lainnya!

Stop galau, saatnya ganti gadget baru tanpa ribet dan untung maksimal!
10 ribu ulasan bintang 5 di Google Maps!
Kunjungi Toko Kami Sekarang!

Toko Kroya: Jl. Kroya No. 3, Kesiman, Denpasar
Toko Munang Maning: Jl. Subur No. 4 Pemecutan Klod, Denpasar Barat
Jam Buka: Setiap Hari 09:00 - 22:00 WITA
Admin WA: 081237200400 (Klik Link di Bio!)
Tokopedia/Shopee/TikTok Shop: Pura Pura Ponsel

Kualitas Tidak Pernah Pura Pura - Solusi tukar tambah HP terbaik di Bali.",118,"05/15/2026 05:07",https://www.instagram.com/reel/DYW9LdDziCE/,"IG reel",,Lifetime,55179,36333,1353,32,3,34,28
18162857884433676,17841414051683694,purapura.ponsel,"Pura Pura Ponsel","Solusi hemat punya HP baru ya cuma di Pura Pura Ponsel! Pakai Indodana, nikmati promo bebas cicilan 2x dan tenor hingga 24 bulan. Tunggu apalagi? Gas ke store sekarang sebelum promo berakhir!

Bingung mau Upgrade HP tapi HP lama gak terpakai?
Jangan khawatir! Bawa saja ke Pura Pura Ponsel
Kami terima Tukar Tambah semua kondisi dan series!

✅ Series Terlama? Bisa!
✅ Android ke iPhone? Bisa Banget!
✅ KREDIT DP & BUNGA 0% (S&K Berlaku)
✅ BISA SPLIT PAYMENT
✅ BANYAK BENEFIT eksklusif lainnya!

Stop galau, saatnya ganti gadget baru tanpa ribet dan untung maksimal!
10 ribu ulasan bintang 5 di Google Maps!
Kunjungi Toko Kami Sekarang!

Toko Kroya: Jl. Kroya No. 3, Kesiman, Denpasar
Toko Munang Maning: Jl. Subur No. 4 Pemecutan Klod, Denpasar Barat
Jam Buka: Setiap Hari 09:00 - 22:00 WITA
Admin WA: 081237200400 (Klik Link di Bio!)
Tokopedia/Shopee/TikTok Shop: Pura Pura Ponsel

Kualitas Tidak Pernah Pura Pura - Solusi tukar tambah HP terbaik di Bali.",21,"05/15/2026 03:00",https://www.instagram.com/reel/DYWuxhnvSlB/,"IG reel",,Lifetime,6023,3527,33,0,0,0,0
18106539434295910,17841414051683694,purapura.ponsel,"Pura Pura Ponsel","Waduh, kirain mau nolongin beneran, eh malah iPhone-nya kena sikat! 😱 Jangan sampai nasibmu apes kayak gini, mending langsung amankan iPhone impian di promo ""3 Orang Tercepat"" hari ini.
Gas ke Pura Pura Ponsel sekarang, stok terbatas dan harganya jujur banget nggak bikin kantong bolong! 🏃‍♂️💨💸
Bingung mau Upgrade HP tapi HP lama gak terpakai?

Jangan khawatir! Bawa saja ke Pura Pura Ponsel
Kami terima Tukar Tambah semua kondisi dan series!

✅ Series Terlama? Bisa!
✅ Android ke iPhone? Bisa Banget!
✅ KREDIT DP & BUNGA 0% (S&K Berlaku)
✅ BISA SPLIT PAYMENT
✅ BANYAK BENEFIT eksklusif lainnya!

Stop galau, saatnya ganti gadget baru tanpa ribet dan untung maksimal!
10 ribu ulasan bintang 5 di Google Maps!
Kunjungi Toko Kami Sekarang!

Toko Kroya: Jl. Kroya No. 3, Kesiman, Denpasar
Toko Munang Maning: Jl. Subur No. 4 Pemecutan Klod, Denpasar Barat
Jam Buka: Setiap Hari 09:00 - 22:00 WITA
Admin WA: 081237200400 (Klik Link di Bio!)
Tokopedia/Shopee/TikTok Shop: Pura Pura Ponsel

Kualitas Tidak Pernah Pura Pura - Solusi tukar tambah HP terbaik di Bali.",40,"05/14/2026 21:44",https://www.instagram.com/reel/DYWJneyTvVD/,"IG reel",,Lifetime,17929,10030,71,1,0,2,2
17973850482033873,17841414051683694,purapura.ponsel,"Pura Pura Ponsel","Otw Thailand makin pede pake Apple Watch & AirPods terbaru! Gak perlu mahal, di Pura Pura Ponsel lagi ada PROMO GILA harga mulai Rp1.299.000 aja. Barang original, garansi resmi, langsung bungkus sekarang! ✈️⌚

Bingung mau Upgrade HP tapi HP lama gak terpakai?
Jangan khawatir! Bawa saja ke Pura Pura Ponsel
Kami terima Tukar Tambah semua kondisi dan series!

✅ Series Terlama? Bisa!
✅ Android ke iPhone? Bisa Banget!
✅ KREDIT DP & BUNGA 0% (S&K Berlaku)
✅ BISA SPLIT PAYMENT
✅ BANYAK BENEFIT eksklusif lainnya!

Stop galau, saatnya ganti gadget baru tanpa ribet dan untung maksimal!
10 ribu ulasan bintang 5 di Google Maps!
Kunjungi Toko Kami Sekarang!

Toko Kroya: Jl. Kroya No. 3, Kesiman, Denpasar
Toko Munang Maning: Jl. Subur No. 4 Pemecutan Klod, Denpasar Barat
Jam Buka: Setiap Hari 09:00 - 22:00 WITA
Admin WA: 081237200400 (Klik Link di Bio!)
Tokopedia/Shopee/TikTok Shop: Pura Pura Ponsel

Kualitas Tidak Pernah Pura Pura - Solusi tukar tambah HP terbaik di Bali.",34,"05/14/2026 18:13",https://www.instagram.com/reel/DYVySb9z0Y9/,"IG reel",,Lifetime,23310,13363,155,35,0,2,7
18066887924340701,17841403237713917,telagabagus,"TELAGA BAGUS","Jangan menilai berdasarkan dari persefektif pribadi !

Busana ada keren bebas custome @telagabagus & handphone android / iphone original harga di bawah pasaran cuma di @purapura.ponsel 

By : @arthadashing_ 

Talent : @arthadashing_ x @teruna_sembiran 

#telagabagus #arthadashing #purapuraponsel",126,"05/14/2026 05:19",https://www.instagram.com/reel/DYUZVA9KD7X/,"IG reel",,Lifetime,118354,84514,2412,96,20,27,0
18009940196887769,17841414051683694,purapura.ponsel,"Pura Pura Ponsel","TRANSISI SAKURA & MINATO VERSI PURA PURA PONSEL! ⚡️🌸
Cosplay Sakura vs Minato Namikaze, mana yang paling keren? Tonton sampai habis buat liat kejutan di akhir! Cek promo gadget terbaru kita di link bio ya

📍 Langsung mampir ke Pura Pura Ponsel buat dapetin promo gadget termurah se-Bali!, Promo terbatas cuma buat 3 orang tercepat setiap hari! 🏃💨

Bingung mau Upgrade HP tapi HP lama gak terpakai?
Jangan khawatir! Bawa saja ke Pura Pura Ponsel
Kami terima Tukar Tambah semua kondisi dan series!

✅ Series Terlama? Bisa!
✅ Android ke iPhone? Bisa Banget!
✅ KREDIT DP & BUNGA 0% (S&K Berlaku)
✅ BISA SPLIT PAYMENT
✅ BANYAK BENEFIT eksklusif lainnya!

Stop galau, saatnya ganti gadget baru tanpa ribet dan untung maksimal!
10 ribu ulasan bintang 5 di Google Maps!
Kunjungi Toko Kami Sekarang!

Toko Kroya: Jl. Kroya No. 3, Kesiman, Denpasar
Toko Munang Maning: Jl. Subur No. 4 Pemecutan Klod, Denpasar Barat
Jam Buka: Setiap Hari 09:00 - 22:00 WITA
Admin WA: 081237200400 (Klik Link di Bio!)
Tokopedia/Shopee/TikTok Shop: Pura Pura Ponsel

Kualitas Tidak Pernah Pura Pura - Solusi tukar tambah HP terbaik di Bali.",28,"05/14/2026 05:04",https://www.instagram.com/reel/DYUXqh9TwAo/,"IG reel",,Lifetime,89515,45124,370,167,0,11,87
17892747306464294,17841414051683694,purapura.ponsel,"Pura Pura Ponsel","Apakah kamu talenta berbakat yang kami cari ?🕵🏼‍♀️✨

Saat ini, Pura Pura Ponsel sedang membuka
kesempatan berkarir untuk posisi-posisi strategis di
tim kami:

📋 Posisi yang Dibutuhkan:
✅ Admin Social Media 
✅ Graphic & Video Editor 
✅ Social Media Specialist
✅ Accounting Officer
✅ Manager Finance 
✅ Manager HCGA 

Kami mencari rekan tim yang jujur, bisa bekerja sama,
dan siap menghadapi tantangan di industri yang dinamis! 🙌🏻

Sudah merasa terpanggil? Jangan tunda lagi!

Kirimkan CV terbaikmu melalui link di bawah ini:
🔗 https://forms.gle/x26H49UBuXYKoYcr7
(Atau scan QR Code pada slide terakhir!)",0,"05/13/2026 21:12",https://www.instagram.com/p/DYTiNocE7zZ/,"IG carousel",,Lifetime,31638,11607,155,60,1,4,21
18046095566554350,17841414051683694,purapura.ponsel,"Pura Pura Ponsel","niatnya mau jawab elegan , eh malah kena skakmat gara2 jawaban blunder😭

promo 3 orang tercepat masih berlaku sampai saat ini, jangan sampai kehabisan promonya, segera meluncur ke store yang terdekat dari tempat tinggal kalian ya🚀

Bingung mau Upgrade HP tapi HP lama gak terpakai?
Jangan khawatir! Bawa saja ke Pura Pura Ponsel
Kami terima Tukar Tambah semua kondisi dan series!

✅ Series Terlama? Bisa!
✅ Android ke iPhone? Bisa Banget!
✅ KREDIT DP & BUNGA 0% (S&K Berlaku)
✅ BISA SPLIT PAYMENT
✅ BANYAK BENEFIT eksklusif lainnya!

Stop galau, saatnya ganti gadget baru tanpa ribet dan untung maksimal!
10 ribu ulasan bintang 5 di Google Maps!
Kunjungi Toko Kami Sekarang!

Toko Kroya: Jl. Kroya No. 3, Kesiman, Denpasar
Toko Munang Maning: Jl. Subur No. 4 Pemecutan Klod, Denpasar Barat
Jam Buka: Setiap Hari 09:00 - 22:00 WITA
Admin WA: 081237200400 (Klik Link di Bio!)
Tokopedia/Shopee/TikTok Shop: Pura Pura Ponsel

Kualitas Tidak Pernah Pura Pura - Solusi tukar tambah HP terbaik di Bali.",175,"05/13/2026 06:11",https://www.instagram.com/reel/DYR4Hr-z6W6/,"IG reel",,Lifetime,24785,14933,430,53,0,33,13
18102540505966031,17841414051683694,purapura.ponsel,"Pura Pura Ponsel","Gaya udah maksimal bareng iPhone terbaru, eh motornya malah minta jatah servis. 🏍️💨 Jangan cuma HP yang di-update, motor juga butuh kasih sayang!

Cek promo Apple Watch & AirPods di akhir video ya🤝

Bingung mau Upgrade HP tapi HP lama gak terpakai?
Jangan khawatir! Bawa saja ke Pura Pura Ponsel
Kami terima Tukar Tambah semua kondisi dan series!

✅ Series Terlama? Bisa!
✅ Android ke iPhone? Bisa Banget!
✅ KREDIT DP & BUNGA 0% (S&K Berlaku)
✅ BISA SPLIT PAYMENT
✅ BANYAK BENEFIT eksklusif lainnya!

Stop galau, saatnya ganti gadget baru tanpa ribet dan untung maksimal!
10 ribu ulasan bintang 5 di Google Maps!
Kunjungi Toko Kami Sekarang!

Toko Kroya: Jl. Kroya No. 3, Kesiman, Denpasar
Toko Munang Maning: Jl. Subur No. 4 Pemecutan Klod, Denpasar Barat
Jam Buka: Setiap Hari 09:00 - 22:00 WITA
Admin WA: 081237200400 (Klik Link di Bio!)
Tokopedia/Shopee/TikTok Shop: Pura Pura Ponsel

Kualitas Tidak Pernah Pura Pura - Solusi tukar tambah HP terbaik di Bali.",23,"05/13/2026 03:00",https://www.instagram.com/reel/DYRlNIuvBSd/,"IG reel",,Lifetime,8382,5332,50,3,2,2,2
17887611294514087,17841414051683694,purapura.ponsel,"Pura Pura Ponsel","Waduh, niatnya mau kasih surga ke santri, malah kena jemput! 😱

Buat kalian yang mau 'surga' dunia versi gadget, mending langsung sikat promo di Pura Pura Ponsel! 3 orang tercepat hari ini! 🏃💨

Bingung mau Upgrade HP tapi HP lama gak terpakai?
Jangan khawatir! Bawa saja ke Pura Pura Ponsel
Kami terima Tukar Tambah semua kondisi dan series!

✅ Series Terlama? Bisa!
✅ Android ke iPhone? Bisa Banget!
✅ KREDIT DP & BUNGA 0% (S&K Berlaku)
✅ BISA SPLIT PAYMENT
✅ BANYAK BENEFIT eksklusif lainnya!

Stop galau, saatnya ganti gadget baru tanpa ribet dan untung maksimal!
10 ribu ulasan bintang 5 di Google Maps!
Kunjungi Toko Kami Sekarang!

Toko Kroya: Jl. Kroya No. 3, Kesiman, Denpasar
Toko Munang Maning: Jl. Subur No. 4 Pemecutan Klod, Denpasar Barat
Jam Buka: Setiap Hari 09:00 - 22:00 WITA
Admin WA: 081237200400 (Klik Link di Bio!)
Tokopedia/Shopee/TikTok Shop: Pura Pura Ponsel

Kualitas Tidak Pernah Pura Pura - Solusi tukar tambah HP terbaik di Bali.",18,"05/12/2026 00:00",https://www.instagram.com/reel/DYOr0mvBaAa/,"IG reel",,Lifetime,5527,3250,24,0,0,0,0
18091397303221147,17841414051683694,purapura.ponsel,"Pura Pura Ponsel","MMK: TIDAK SESUAI HARAPAN. 🤧 Jangan gampang baper sama kotak iPhone di jalanan, mending baper sama promo di Pura Pura Ponsel yang harganya bikin sayang banget kalau dilewati!🤝

Bingung mau Upgrade HP tapi HP lama gak terpakai?
Jangan khawatir! Bawa saja ke Pura Pura Ponsel
Kami terima Tukar Tambah semua kondisi dan series!

✅ Series Terlama? Bisa!
✅ Android ke iPhone? Bisa Banget!
✅ KREDIT DP & BUNGA 0% (S&K Berlaku)
✅ BISA SPLIT PAYMENT
✅ BANYAK BENEFIT eksklusif lainnya!

Stop galau, saatnya ganti gadget baru tanpa ribet dan untung maksimal!
10 ribu ulasan bintang 5 di Google Maps!
Kunjungi Toko Kami Sekarang!

Toko Kroya: Jl. Kroya No. 3, Kesiman, Denpasar
Toko Munang Maning: Jl. Subur No. 4 Pemecutan Klod, Denpasar Barat
Jam Buka: Setiap Hari 09:00 - 22:00 WITA
Admin WA: 081237200400 (Klik Link di Bio!)
Tokopedia/Shopee/TikTok Shop: Pura Pura Ponsel

Kualitas Tidak Pernah Pura Pura - Solusi tukar tambah HP terbaik di Bali.",14,"05/11/2026 21:00",https://www.instagram.com/reel/DYOXLT-vKW1/,"IG reel",,Lifetime,9875,6492,19,0,0,0,0
18101797904066731,17841414051683694,purapura.ponsel,"Pura Pura Ponsel","Nasib jadi kurir paket, nanya alamat malah dikasih foto 'rumah' masa depan. Tapi tenang, yang ini nggak bakal diputusin kayak hubungan sebelah, karena promo di Pura Pura Ponsel selalu bikin setia! 🤪📦

Bingung mau Upgrade HP tapi HP lama gak terpakai?
Jangan khawatir! Bawa saja ke Pura Pura Ponsel
Kami terima Tukar Tambah semua kondisi dan series!

✅ Series Terlama? Bisa!
✅ Android ke iPhone? Bisa Banget!
✅ KREDIT DP & BUNGA 0% (S&K Berlaku)
✅ BISA SPLIT PAYMENT
✅ BANYAK BENEFIT eksklusif lainnya!

Stop galau, saatnya ganti gadget baru tanpa ribet dan untung maksimal!
10 ribu ulasan bintang 5 di Google Maps!
Kunjungi Toko Kami Sekarang!

Toko Kroya: Jl. Kroya No. 3, Kesiman, Denpasar
Toko Munang Maning: Jl. Subur No. 4 Pemecutan Klod, Denpasar Barat
Jam Buka: Setiap Hari 09:00 - 22:00 WITA
Admin WA: 081237200400 (Klik Link di Bio!)
Tokopedia/Shopee/TikTok Shop: Pura Pura Ponsel

Kualitas Tidak Pernah Pura Pura - Solusi tukar tambah HP terbaik di Bali.",12,"05/11/2026 18:00",https://www.instagram.com/reel/DYOCq06PmG8/,"IG reel",,Lifetime,15031,7707,52,1,0,2,1
18073900595645774,17841414051683694,purapura.ponsel,"Pura Pura Ponsel","Cukup dompet aja yang kosong, memori HP jangan! Yuk, cari 4 orang lagi biar pas berlima kita serbu promo di Pura Pura Ponsel. Tag temen kamu yang butuh HP baru sekarang! 👇✨

Bingung mau Upgrade HP tapi HP lama gak terpakai?
Jangan khawatir! Bawa saja ke Pura Pura Ponsel
Kami terima Tukar Tambah semua kondisi dan series!

✅ Series Terlama? Bisa!
✅ Android ke iPhone? Bisa Banget!
✅ KREDIT DP & BUNGA 0% (S&K Berlaku)
✅ BISA SPLIT PAYMENT
✅ BANYAK BENEFIT eksklusif lainnya!

Stop galau, saatnya ganti gadget baru tanpa ribet dan untung maksimal!
10 ribu ulasan bintang 5 di Google Maps!
Kunjungi Toko Kami Sekarang!

Toko Kroya: Jl. Kroya No. 3, Kesiman, Denpasar
Toko Munang Maning: Jl. Subur No. 4 Pemecutan Klod, Denpasar Barat
Jam Buka: Setiap Hari 09:00 - 22:00 WITA
Admin WA: 081237200400 (Klik Link di Bio!)
Tokopedia/Shopee/TikTok Shop: Pura Pura Ponsel

Kualitas Tidak Pernah Pura Pura - Solusi tukar tambah HP terbaik di Bali.",9,"05/10/2026 21:19",https://www.instagram.com/reel/DYL0csLz5Sp/,"IG reel",,Lifetime,6738,4616,41,2,0,0,1
18337271599222387,17841414051683694,purapura.ponsel,"Pura Pura Ponsel","Mau baterai iPhone awet bertahun-tahun? Hindari nge-charge sampai 100% atau membiarkannya mati total. Tips simpel ini bikin Battery Health kamu lebih terjaga! 🔋

Bingung mau Upgrade HP tapi HP lama gak terpakai?
Jangan khawatir! Bawa saja ke Pura Pura Ponsel
Kami terima Tukar Tambah semua kondisi dan series!

✅ Series Terlama? Bisa!
✅ Android ke iPhone? Bisa Banget!
✅ KREDIT DP & BUNGA 0% (S&K Berlaku)
✅ BISA SPLIT PAYMENT
✅ BANYAK BENEFIT eksklusif lainnya!

Stop galau, saatnya ganti gadget baru tanpa ribet dan untung maksimal!
10 ribu ulasan bintang 5 di Google Maps!
Kunjungi Toko Kami Sekarang!

Toko Kroya: Jl. Kroya No. 3, Kesiman, Denpasar
Toko Munang Maning: Jl. Subur No. 4 Pemecutan Klod, Denpasar Barat
Jam Buka: Setiap Hari 09:00 - 22:00 WITA
Admin WA: 081237200400 (Klik Link di Bio!)
Tokopedia/Shopee/TikTok Shop: Pura Pura Ponsel

Kualitas Tidak Pernah Pura Pura - Solusi tukar tambah HP terbaik di Bali.",35,"05/10/2026 20:26",https://www.instagram.com/reel/DYLt0l6zzRt/,"IG reel",,Lifetime,3951,2389,23,3,0,0,0
18060339398480727,17841414051683694,purapura.ponsel,"Pura Pura Ponsel","Cuma 9 jutaan udah dapet iPhone 15 iBox! 😱 Stok terbatas banget, langsung sikat sekarang ke Pura Pura Ponsel sebelum kehabisan! 🔥🛍️

Bingung mau Upgrade HP tapi HP lama gak terpakai?
Jangan khawatir! Bawa saja ke Pura Pura Ponsel
Kami terima Tukar Tambah semua kondisi dan series!

✅ Series Terlama? Bisa!
✅ Android ke iPhone? Bisa Banget!
✅ KREDIT DP & BUNGA 0% (S&K Berlaku)
✅ BISA SPLIT PAYMENT
✅ BANYAK BENEFIT eksklusif lainnya!

Stop galau, saatnya ganti gadget baru tanpa ribet dan untung maksimal!
10 ribu ulasan bintang 5 di Google Maps!
Kunjungi Toko Kami Sekarang!

Toko Kroya: Jl. Kroya No. 3, Kesiman, Denpasar
Toko Munang Maning: Jl. Subur No. 4 Pemecutan Klod, Denpasar Barat
Jam Buka: Setiap Hari 09:00 - 22:00 WITA
Admin WA: 081237200400 (Klik Link di Bio!)
Tokopedia/Shopee/TikTok Shop: Pura Pura Ponsel

Kualitas Tidak Pernah Pura Pura - Solusi tukar tambah HP terbaik di Bali.",12,"05/09/2026 20:24",https://www.instagram.com/reel/DYJHmp-z3LX/,"IG reel",,Lifetime,11477,6261,51,5,0,2,0
17970469221029139,17841414051683694,purapura.ponsel,"Pura Pura Ponsel","Daripada pusing mikirin pantun 'Musang Betina', mending pusing pilih promo di Pura Pura Ponsel! 🔥 Apple Watch SE 3 & AirPods Gen 4 lagi banting harga nih. Cek sekarang skuyyy🤩

Bingung mau Upgrade HP tapi HP lama gak terpakai?
Jangan khawatir! Bawa saja ke Pura Pura Ponsel
Kami terima Tukar Tambah semua kondisi dan series!

✅ Series Terlama? Bisa!
✅ Android ke iPhone? Bisa Banget!
✅ KREDIT DP & BUNGA 0% (S&K Berlaku)
✅ BISA SPLIT PAYMENT
✅ BANYAK BENEFIT eksklusif lainnya!

Stop galau, saatnya ganti gadget baru tanpa ribet dan untung maksimal!
10 ribu ulasan bintang 5 di Google Maps!
Kunjungi Toko Kami Sekarang!

Toko Kroya: Jl. Kroya No. 3, Kesiman, Denpasar
Toko Munang Maning: Jl. Subur No. 4 Pemecutan Klod, Denpasar Barat
Jam Buka: Setiap Hari 09:00 - 22:00 WITA
Admin WA: 081237200400 (Klik Link di Bio!)
Tokopedia/Shopee/TikTok Shop: Pura Pura Ponsel

Kualitas Tidak Pernah Pura Pura - Solusi tukar tambah HP terbaik di Bali.",13,"05/08/2026 18:02",https://www.instagram.com/reel/DYGUZhfDHKL/,"IG reel",,Lifetime,16184,9384,65,4,0,2,1
18130090876603552,17841414051683694,purapura.ponsel,"Pura Pura Ponsel","Definisi 'healing' yang sebenarnya bukan cuma rencana! 🏔️✨
Siapa nih yang kalau liat gunung dikit langsung pengen gas muncak? 🙋‍♂️✨

Jangan cuma pemandangannya yang aja yang cakep, gadget kamu juga harus upgrade biar tracking makin akurat. Buruan gass ke store  pura pura ponsel sebelum promonya habis! 🏃💨

Bingung mau Upgrade HP tapi HP lama gak terpakai?
Jangan khawatir! Bawa saja ke Pura Pura Ponsel
Kami terima Tukar Tambah semua kondisi dan series!

✅ Series Terlama? Bisa!
✅ Android ke iPhone? Bisa Banget!
✅ KREDIT DP & BUNGA 0% (S&K Berlaku)
✅ BISA SPLIT PAYMENT
✅ BANYAK BENEFIT eksklusif lainnya!

Stop galau, saatnya ganti gadget baru tanpa ribet dan untung maksimal!
10 ribu ulasan bintang 5 di Google Maps!
Kunjungi Toko Kami Sekarang!

Toko Kroya: Jl. Kroya No. 3, Kesiman, Denpasar
Toko Munang Maning: Jl. Subur No. 4 Pemecutan Klod, Denpasar Barat
Jam Buka: Setiap Hari 09:00 - 22:00 WITA
Admin WA: 081237200400 (Klik Link di Bio!)
Tokopedia/Shopee/TikTok Shop: Pura Pura Ponsel

Kualitas Tidak Pernah Pura Pura - Solusi tukar tambah HP terbaik di Bali.",15,"05/07/2026 18:01",https://www.instagram.com/reel/DYDvgqFARGS/,"IG reel",,Lifetime,37634,19769,209,48,0,2,10
18054044423721887,17841414051683694,purapura.ponsel,"Pura Pura Ponsel","Lagunya Healing dari band hindia, Suaranya Drilling 💦🕺
Lagi asik dengerin ""Membasuh"" pakai AirPods baru, eh sadar suaranya jernih banget sampai suara gayung tetangga kedengeran. 😂
Daripada galau dengerin lagu sedih, mending cek promo Apple Watch & AirPods di purapura.ponsel. 
Harganya bikin hati adem tanpa harus diguyur air dingin! 🌊

Bingung mau Upgrade HP tapi HP lama gak terpakai?
Jangan khawatir! Bawa saja ke Pura Pura Ponsel
Kami terima Tukar Tambah semua kondisi dan series!

✅ Series Terlama? Bisa!
✅ Android ke iPhone? Bisa Banget!
✅ KREDIT DP & BUNGA 0% (S&K Berlaku)
✅ BISA SPLIT PAYMENT
✅ BANYAK BENEFIT eksklusif lainnya!

Stop galau, saatnya ganti gadget baru tanpa ribet dan untung maksimal!
10 ribu ulasan bintang 5 di Google Maps!
Kunjungi Toko Kami Sekarang!

Toko Kroya: Jl. Kroya No. 3, Kesiman, Denpasar
Toko Munang Maning: Jl. Subur No. 4 Pemecutan Klod, Denpasar Barat
Jam Buka: Setiap Hari 09:00 - 22:00 WITA
Admin WA: 081237200400 (Klik Link di Bio!)
Tokopedia/Shopee/TikTok Shop: Pura Pura Ponsel

Kualitas Tidak Pernah Pura Pura - Solusi tukar tambah HP terbaik di Bali.",21,"05/06/2026 18:01",https://www.instagram.com/reel/DYBKraKDZX0/,"IG reel",,Lifetime,17489,11224,149,16,1,0,4
18423853474121082,17841414051683694,purapura.ponsel,"Pura Pura Ponsel","Definisi ""Rezeki Nggak Kemana-mana"", Tapi Kok Nggak Datang-datang? 🙃💸, Beginilah lika-liku kalau lagi belajar jualan online. Kadang semangat, kadang mau resign aja rasanya gara-gara ""View: 0"". 😂

Tapi tenang, buat kalian yang nonton video ini sampai habis, kalian beruntung! Nggak perlu nunggu live buat dapet harga murah. Cek promo iPhone 13 sampai MacBook Air di akhir video. Buruan sebelum abangnya beneran kabur nyari rezeki ke planet lain! 🚀

Bingung mau Upgrade HP tapi HP lama gak terpakai?
Jangan khawatir! Bawa saja ke Pura Pura Ponsel
Kami terima Tukar Tambah semua kondisi dan series!

✅ Series Terlama? Bisa!
✅ Android ke iPhone? Bisa Banget!
✅ KREDIT DP & BUNGA 0% (S&K Berlaku)
✅ BISA SPLIT PAYMENT
✅ BANYAK BENEFIT eksklusif lainnya!

Stop galau, saatnya ganti gadget baru tanpa ribet dan untung maksimal!
10 ribu ulasan bintang 5 di Google Maps!
Kunjungi Toko Kami Sekarang!

Toko Kroya: Jl. Kroya No. 3, Kesiman, Denpasar
Toko Munang Maning: Jl. Subur No. 4 Pemecutan Klod, Denpasar Barat
Jam Buka: Setiap Hari 09:00 - 22:00 WITA
Admin WA: 081237200400 (Klik Link di Bio!)
Tokopedia/Shopee/TikTok Shop: Pura Pura Ponsel

Kualitas Tidak Pernah Pura Pura - Solusi tukar tambah HP terbaik di Bali.",33,"05/05/2026 21:01",https://www.instagram.com/reel/DX-6jNDgVGU/,"IG reel",,Lifetime,5446,3543,26,0,0,0,0
18156801610458251,17841414051683694,purapura.ponsel,"Pura Pura Ponsel","Efek samping main dukun, salah sasaran! 🧙‍♂️💥, Daripada sibuk ke dukun, mending sibuk upgrade iPhone! 📱✨

Jangan ke dukun, mending ke pura- pura.ponsel! Lagian ke dukun malah bikin pantat sakit, mending dapet promo 3 orang tercepat, hati senang dompet tenang! Cek promo terupdate di akhir video ya! 🔥

Bingung mau Upgrade HP tapi HP lama gak terpakai?
Jangan khawatir! Bawa saja ke Pura Pura Ponsel
Kami terima Tukar Tambah semua kondisi dan series!

✅ Series Terlama? Bisa!
✅ Android ke iPhone? Bisa Banget!
✅ KREDIT DP & BUNGA 0% (S&K Berlaku)
✅ BISA SPLIT PAYMENT
✅ BANYAK BENEFIT eksklusif lainnya!

Stop galau, saatnya ganti gadget baru tanpa ribet dan untung maksimal!
10 ribu ulasan bintang 5 di Google Maps!
Kunjungi Toko Kami Sekarang!

Toko Kroya: Jl. Kroya No. 3, Kesiman, Denpasar
Toko Munang Maning: Jl. Subur No. 4 Pemecutan Klod, Denpasar Barat
Jam Buka: Setiap Hari 09:00 - 22:00 WITA
Admin WA: 081237200400 (Klik Link di Bio!)
Tokopedia/Shopee/TikTok Shop: Pura Pura Ponsel

Kualitas Tidak Pernah Pura Pura - Solusi tukar tambah HP terbaik di Bali.",19,"05/05/2026 18:53",https://www.instagram.com/reel/DX-r7yMFK_g/,"IG reel",,Lifetime,72958,40086,383,64,0,4,41
18079594883160694,17841414051683694,purapura.ponsel,"Pura Pura Ponsel","Gak Pake Ribet, Tinggal Klik Langsung Sampe! 🚛

Belanja kebutuhan gadget dan elektronik sekarang makin gampang. Gak perlu macet-macetan di jalan, cukup rebahan dan pilih unit favorit kamu di toko ecommerce kami! 🛒✨

✅ Produk 100% Original
✅ Proses Cepat & Aman
✅ Banyak Promo Eksklusif App

Siap kirim ke Seluruh Indonesia! 🤩💨
Langsung cek katalog lengkapnya di link bio ya! 

Toko Kroya: Jl. Kroya No. 3, Kesiman, Denpasar
Toko Munang Maning: Jl. Subur No. 4 Pemecutan Klod, Denpasar Barat
Jam Buka: Setiap Hari 09:00 - 22:00 WITA
Admin WA: 081237200400 (Klik Link di Bio!)
Tokopedia/Shopee/TikTok Shop: Pura Pura Ponsel

Kualitas Tidak Pernah Pura Pura - Solusi tukar tambah HP terbaik di Bali.",58,"05/05/2026 03:01",https://www.instagram.com/reel/DX8-4S5D7a6/,"IG reel",,Lifetime,36004,462408,51,0,3,0,0
17859353034601997,17841414051683694,purapura.ponsel,"Pura Pura Ponsel","Ternyata cara nyelesain masalah se-simple itu ya? 🤣 Botol penyok mah lewat, yang penting HP baru nggak boleh penyok! 🔥 Cek promo iPhone terbaru di Pura Pura Ponsel yuk, mumpung masih anget! 📱💨

Bingung mau Upgrade HP tapi HP lama gak terpakai?
Jangan khawatir! Bawa saja ke Pura Pura Ponsel
Kami terima Tukar Tambah semua kondisi dan series!

✅ Series Terlama? Bisa!
✅ Android ke iPhone? Bisa Banget!
✅ KREDIT DP & BUNGA 0% (S&K Berlaku)
✅ BISA SPLIT PAYMENT
✅ BANYAK BENEFIT eksklusif lainnya!

Stop galau, saatnya ganti gadget baru tanpa ribet dan untung maksimal!
10 ribu ulasan bintang 5 di Google Maps!
Kunjungi Toko Kami Sekarang!

Toko Kroya: Jl. Kroya No. 3, Kesiman, Denpasar
Toko Munang Maning: Jl. Subur No. 4 Pemecutan Klod, Denpasar Barat
Jam Buka: Setiap Hari 09:00 - 22:00 WITA
Admin WA: 081237200400 (Klik Link di Bio!)
Tokopedia/Shopee/TikTok Shop: Pura Pura Ponsel

Kualitas Tidak Pernah Pura Pura - Solusi tukar tambah HP terbaik di Bali.",32,"05/04/2026 21:01",https://www.instagram.com/reel/DX8Vs4nDKiP/,"IG reel",,Lifetime,16218,11166,86,42,1,4,6
18120006805632859,17841414051683694,purapura.ponsel,"Pura Pura Ponsel","Hampir aja blunder! 😱 

Untung jawabannya bener semua. Dari Poster sampai Konser, mana nih yang paling sering kalian temuin di Bali?

Btw, yang nggak bikin blunder itu cuma belanja di Pura Pura Ponsel! Cek promo 3 orang tercepat skrng jugaa 🔥

Bingung mau Upgrade HP tapi HP lama gak terpakai?
Jangan khawatir! Bawa saja ke Pura Pura Ponsel
Kami terima Tukar Tambah semua kondisi dan series!

✅ Series Terlama? Bisa!
✅ Android ke iPhone? Bisa Banget!
✅ KREDIT DP & BUNGA 0% (S&K Berlaku)
✅ BISA SPLIT PAYMENT
✅ BANYAK BENEFIT eksklusif lainnya!

Stop galau, saatnya ganti gadget baru tanpa ribet dan untung maksimal!
10 ribu ulasan bintang 5 di Google Maps!
Kunjungi Toko Kami Sekarang!

Toko Kroya: Jl. Kroya No. 3, Kesiman, Denpasar
Toko Munang Maning: Jl. Subur No. 4 Pemecutan Klod, Denpasar Barat
Jam Buka: Setiap Hari 09:00 - 22:00 WITA
Admin WA: 081237200400 (Klik Link di Bio!)
Tokopedia/Shopee/TikTok Shop: Pura Pura Ponsel

Kualitas Tidak Pernah Pura Pura - Solusi tukar tambah HP terbaik di Bali.",96,"05/04/2026 18:01",https://www.instagram.com/reel/DX8BIZojg7T/,"IG reel",,Lifetime,110699,82153,6190,3310,55,162,310
18120136759569993,17841414051683694,purapura.ponsel,"Pura Pura Ponsel","Pengen Upgrade HP Tapi Dompet Lagi ""Diet""? 😆

Jangan dipaksa nabung sampai setahun kalau ada cara yang lebih asik! Di Pura Pura Ponsel, kita punya banyak pilihan cicilan yang nggak bikin kantong bolong dan bisa pengajuan online dari rumah! 😊

🔹 Tanpa Kartu Kredit? Bisa!
🔹 Cicilan 0%? Ada!
🔹 FREE 2x cicilan? Bisa!
🔹 DP 0 Rupiah? Cek syaratnya yuk!

Bestie bisa KREDIT dengan berbagai pilihan finance :
✅ Indodana
✅ Home Credit
✅ Akulaku
✅ Kredivo
✅ Samsung Finance+
✅ Gopaylater
✅ Spaylater limit X-tra
✅ Spectra
✅ YesssCredit
✅ Kreditplus

Cukup dengan KTP saja. Yuk cek ke toko sekarang 🥳

Toko Kroya: Jl. Kroya No. 3, Kesiman, Denpasar
Toko Munang Maning: Jl. Subur No. 4 Pemecutan Klod, Denpasar Barat
Jam Buka: Setiap Hari 09:00 - 22:00 WITA
Admin WA: 081237200400 (Klik Link di Bio!)
Tokopedia/Shopee/TikTok Shop: Pura Pura Ponsel

Kualitas Tidak Pernah Pura Pura - Solusi tukar tambah HP terbaik di Bali.",56,"05/04/2026 03:02",https://www.instagram.com/reel/DX6aP90lwSO/,"IG reel",,Lifetime,9636,33267,75,0,4,0,1
18310410055278720,17841414051683694,purapura.ponsel,"Pura Pura Ponsel","iPhone Naik Dimana-Mana, CUMA DISINI HARGA PROMO ! 🥳

Promo Mei: Harga Saudara Kandung khusus buat 3 orang tercepat!

Daftar Harga Gila-Gilaan: 
iPhone 13: Cuma 7.299k
iPhone 14: Cuma 7.999k 
iPhone 15: Cuma 10.999k (Store lain 13jt-an) 
iPhone 16: Cuma 13.799k (Store lain 15jt-an) 
iPhone 16 Pro Max: Cuma 19.499k
iPhone Air: Drop ke 15.999k
iPhone 17: Cuma 16.999k
iPhone 17 Pro Max: Turun ke 24.999k
Bukan Cuma iPhone:
iPad 11: 6.599k
MacBook M2: 12.999k
Apple Watch SE Terbaru: 3.399k
Airpods Gen 4 Terbaru: 1.299k

Solusi kredit 💳: Tanpa survey & bisa dari rumah!

🛒Buat yang diluar Bali, juga bisa order melalui akun official resmi Shopee, Tokopedia, Tiktok Pura Pura Ponsel. 

Gasss! Amankan sebelum kehabisan! 😊

Toko Kroya: Jl. Kroya No. 3, Kesiman, Denpasar
Toko Munang Maning: Jl. Subur No. 4 Pemecutan Klod, Denpasar Barat
Jam Buka: Setiap Hari 09:00 - 22:00 WITA
Admin WA: 081237200400 (Klik Link di Bio!)
Tokopedia/Shopee/TikTok Shop: Pura Pura Ponsel

Kualitas Tidak Pernah Pura Pura - Solusi tukar tambah HP terbaik di Bali.",66,"05/03/2026 22:01",https://www.instagram.com/reel/DX53zCfDWUB/,"IG reel",,Lifetime,188416,586029,229,16,6,3,12
17859945507632016,17841414051683694,purapura.ponsel,"Pura Pura Ponsel","Lagi nyari HP atau nyari jodoh? Kalau HP jelas ke Pura Pura Ponsel aja yang pasti-pasti!
Promo khusus Android dapet minyak goreng, cicilan bunga 0% bikin dompet tetap senyum.
Buruan datang ke outlet terdekat sebelum promonya habis!

Bingung mau Upgrade HP tapi HP lama gak terpakai?
Jangan khawatir! Bawa saja ke Pura Pura Ponsel
Kami terima Tukar Tambah semua kondisi dan series!

✅ Series Terlama? Bisa!
✅ Android ke iPhone? Bisa Banget!
✅ KREDIT DP & BUNGA 0% (S&K Berlaku)
✅ BISA SPLIT PAYMENT
✅ BANYAK BENEFIT eksklusif lainnya!

Stop galau, saatnya ganti gadget baru tanpa ribet dan untung maksimal!
10 ribu ulasan bintang 5 di Google Maps!
Kunjungi Toko Kami Sekarang!

Toko Kroya: Jl. Kroya No. 3, Kesiman, Denpasar
Toko Munang Maning: Jl. Subur No. 4 Pemecutan Klod, Denpasar Barat
Jam Buka: Setiap Hari 09:00 - 22:00 WITA
Admin WA: 081237200400 (Klik Link di Bio!)
Tokopedia/Shopee/TikTok Shop: Pura Pura Ponsel

Kualitas Tidak Pernah Pura Pura - Solusi tukar tambah HP terbaik di Bali.",57,"05/03/2026 18:01",https://www.instagram.com/reel/DX5cWsBjs77/,"IG reel",,Lifetime,5515,3324,31,1,0,2,0
18089364617202475,17841414051683694,purapura.ponsel,"Pura Pura Ponsel","Nasib hubungan boleh tamat, tapi masa depan HP baru jangan sampai lewat! 😭💸
Cek promo iPhone , MacBook dan Airpods di Pura Pura Ponsel sekarang sebelum stok ikut tamat! 🏃💨

Bingung mau Upgrade HP tapi HP lama gak terpakai?
Jangan khawatir! Bawa saja ke Pura Pura Ponsel
Kami terima Tukar Tambah semua kondisi dan series!

✅ Series Terlama? Bisa!
✅ Android ke iPhone? Bisa Banget!
✅ KREDIT DP & BUNGA 0% (S&K Berlaku)
✅ BISA SPLIT PAYMENT
✅ BANYAK BENEFIT eksklusif lainnya!

Stop galau, saatnya ganti gadget baru tanpa ribet dan untung maksimal!
10 ribu ulasan bintang 5 di Google Maps!
Kunjungi Toko Kami Sekarang!

Toko Kroya: Jl. Kroya No. 3, Kesiman, Denpasar
Toko Munang Maning: Jl. Subur No. 4 Pemecutan Klod, Denpasar Barat
Jam Buka: Setiap Hari 09:00 - 22:00 WITA
Admin WA: 081237200400 (Klik Link di Bio!)
Tokopedia/Shopee/TikTok Shop: Pura Pura Ponsel

Kualitas Tidak Pernah Pura Pura - Solusi tukar tambah HP terbaik di Bali.",17,"05/03/2026 06:02",https://www.instagram.com/reel/DX4KCtYFZEw/,"IG reel",,Lifetime,22341,12516,111,5,0,7,2
18018342740834472,17841414051683694,purapura.ponsel,"Pura Pura Ponsel","HANDPHONEMU KE BLOCKIR ? TUKAR TAMBAH AJA ‼️

Bestie mau ganti Handphone tapi kasihan Handphone lama tidak terpakai ? Tukar Tambah saja di Pura Pura Ponsel 🤩

Kenapa harus di Pura Pura Ponsel ? 
✅ Bisa Tukar Tambah dari series terlama sekalipun
✅ Bisa Tukar Tambah dari imei TERBLOCKIR
✅ Android ke iPhone ? bisa banget dong 🥰
✅ Tukar Tambah dan Kredit ? Bisa banget dong 🥰 dapatkan Promo Bunga dan DP 0%
✅ Bisa SPLIT PAYMENT
✅ After Sales ( yang pastinya fast response dan dibantu jika terjadi kendala )
✅ DAN MASIH BANYAK BENEFIT LAINNYA ‼️

Dan tentunya Handphone lama kalian akan diambil dengan harga tinggi 🤩
Jadi tunggu apalagi ? Yuk Segera datang ke toko yaa 🥰

Toko Kroya: Jl. Kroya No. 3, Kesiman, Denpasar
Toko Munang Maning: Jl. Subur No. 4 Pemecutan Klod, Denpasar Barat
Jam Buka: Setiap Hari 09:00 - 22:00 WITA
Admin WA: 081237200400 (Klik Link di Bio!)
Tokopedia/Shopee/TikTok Shop: Pura Pura Ponsel

Kualitas Tidak Pernah Pura Pura - Solusi tukar tambah HP terbaik di Bali.",59,"05/03/2026 03:02",https://www.instagram.com/reel/DX31Z3bDW3r/,"IG reel",,Lifetime,25898,491076,55,0,5,0,0
17996004134948919,17841414051683694,purapura.ponsel,"Pura Pura Ponsel","SEMUA PROMO ‼️
PROMO UGAL-UGALAN IPHONE HINGGA MACBOOK AIR 😆

Upgrade yang gaakan buat kantong kalian jebol dan pastinya PROMO UGAL-UGALAN hanya ada di Pura Pura Ponsel 

Kenapa harus di Pura Pura Ponsel ? 
✅ Bergaransi resmi
✅ Kualitas barang sama
✅ Bisa kredit, dapatkan PROMO Bunga dan DP 0%
✅ Bisa TUKAR TAMBAH, bahkan dari series terlama sekalipun
✅ Bisa SPLIT PAYMENT
✅ Dibantu pemindahan data dari handphone lama ke handphone baru
✅ After Sales ( yang pastinya fast response dan dibantu jika terjadi kendala )

🥘 FREE Minyak Goreng disetiap pembelian android Tipe apapun 🍟

Dan berkesempatan Lucky Draw disetiap pembelian Android Brand New! Hadiahnya berupa Voucher belanja jutaan rupiah hingga Handphone! 📱

Yuk DM atau langsung datang ke toko ya 💨

Toko Kroya: Jl. Kroya No. 3, Kesiman, Denpasar
Toko Munang Maning: Jl. Subur No. 4 Pemecutan Klod, Denpasar Barat
Jam Buka: Setiap Hari 09:00 - 22:00 WITA
Admin WA: 081237200400 (Klik Link di Bio!)
Tokopedia/Shopee/TikTok Shop: Pura Pura Ponsel

Kualitas Tidak Pernah Pura Pura - Solusi tukar tambah HP terbaik di Bali.",59,"05/02/2026 03:02",https://www.instagram.com/reel/DX1QmntCFJ7/,"IG reel",,Lifetime,42542,466646,107,4,4,2,0
18580236946048670,17841401356087722,ogohogohdenpasar,"Ogoh Ogoh Denpasar, Bali","SIAPA BILANG OGOH-OGOH HANYA DI BULAN MARET? SAMPAI AKHIR TAHUN INI BAKAL ADA EVENT OGOH-OGOH YANG WAJIB KALIAN DATENGIN👹🔥
@purapura.ponsel 

#ogohogoh #ogohogohdenpasar #ogohogoh2026 #ogohogohbali #ogohogohmini",48,"05/01/2026 07:01",https://www.instagram.com/reel/DXzGpODBFI4/,"IG reel",,Lifetime,28181,16751,461,4,3,5,0
18075401306634699,17841414051683694,purapura.ponsel,"Pura Pura Ponsel","HP Mati Total Bukan Berarti Kiamat! ⚡️

Jangan buru-buru ganti baru kalau mesinnya masih bisa diselamatkan. Di Pura Pura Ponsel, kami spesialis menangani kerusakan mesin handphone:
✅ Mati Total (Matot)
✅ Short/Konslet
✅ Overheat (Cepat Panas)

Dikerjakan teknisi berpengalaman dengan peralatan yang presisi. Konsultasikan dulu kerusakannya, siapa tahu cuma masalah kecil!

Toko Kroya: Jl. Kroya No. 3, Kesiman, Denpasar
Toko Munang Maning: Jl. Subur No. 4 Pemecutan Klod, Denpasar Barat
Jam Buka: Setiap Hari 09:00 - 22:00 WITA
Admin WA: 081237200400 (Klik Link di Bio!)
Tokopedia/Shopee/TikTok Shop: Pura Pura Ponsel

Kualitas Tidak Pernah Pura Pura - Solusi tukar tambah HP terbaik di Bali.",60,"05/01/2026 03:01",https://www.instagram.com/reel/DXyrttXjfUX/,"IG reel",,Lifetime,21422,690293,96,1,0,0,1
18066837437483256,17841414051683694,purapura.ponsel,"Pura Pura Ponsel","MAY PROMO IS COMING 😆‼️

Belum lengkap kalau belum koleksi Apple Product lainnya . Transfer data yang mudah, sinkronisasi antar perangkat, serta pengalaman pengguna yang konsisten disemua perangkat 🤩

Kenapa harus di Pura Pura Ponsel ? 
✅ Bergaransi resmi
✅ Kualitas barang sama
✅ Bisa kredit, dapatkan PROMO Bunga dan DP 0%
✅ Bisa SPLIT PAYMENT
✅ After Sales ( yang pastinya fast response dan dibantu jika terjadi kendala )
✅ DAN MASIH BENEFIT LAINNYA ‼️

Buat kalian yang nggak bisa datang ke toko bisa checkout di toko online Minpur yaa. Pengiriman cepat, tepat, dan aman sampai tujuan! 💨

Toko Kroya: Jl. Kroya No. 3, Kesiman, Denpasar
Toko Munang Maning: Jl. Subur No. 4 Pemecutan Klod, Denpasar Barat
Jam Buka: Setiap Hari 09:00 - 22:00 WITA
Admin WA: 081237200400 (Klik Link di Bio!)
Tokopedia/Shopee/TikTok Shop: Pura Pura Ponsel

Kualitas Tidak Pernah Pura Pura - Solusi tukar tambah HP terbaik di Bali.",0,"05/01/2026 01:37",https://www.instagram.com/p/DXyiJfgEh1I/,"IG carousel",,Lifetime,69558,194002,87,25,1,9,16
17967877176053252,17841414051683694,purapura.ponsel,"Pura Pura Ponsel","IPHONE HARGA GROSIR 😆‼️

Buat bestie yang lagi cari iPhone Brand New Garansi Indonesia atau Second Terdaftar ?
Pura Pura Ponsel hadir dengan berbagai series iPhone Brand New dan second dengan Promo yang menarik! 🤑

Kenapa harus di Pura Pura Ponsel ? 
✅ Bergaransi resmi
✅ Garansi imei seumur hidup
✅ Kualitas barang sama
✅ Bisa kredit, dapatkan PROMO Bunga dan DP 0%
✅ Bisa TUKAR TAMBAH, bahkan dari series terlama sekalipun
✅ Bisa SPLIT PAYMENT
✅ Dibantu pemindahan data dari handphone lama ke handphone baru
✅ After Sales ( yang pastinya fast response dan dibantu jika terjadi kendala )
✅ Jika terjadi kendala, akan dibantu claim garansi resmi dan dapatkan unit pinjaman selama proses berlangsung
✅ DAN MASIH BANYAK BENEFIT LAINNYA ‼️

Buat kalian yang nggak bisa datang ke toko bisa checkout di toko online Minpur yaa. Ada CASHBACK hingga jutaan rupiah 🤩 pengiriman cepat, dijamin aman sampai tujuan! 💨

Toko Kroya: Jl. Kroya No. 3, Kesiman, Denpasar
Toko Munang Maning: Jl. Subur No. 4 Pemecutan Klod, Denpasar Barat
Jam Buka: Setiap Hari 09:00 - 22:00 WITA
Admin WA: 081237200400 (Klik Link di Bio!)
Tokopedia/Shopee/TikTok Shop: Pura Pura Ponsel

Kualitas Tidak Pernah Pura Pura - Solusi tukar tambah HP terbaik di Bali.",0,"05/01/2026 01:31",https://www.instagram.com/p/DXyhch9DpDu/,"IG carousel",,Lifetime,90888,148764,415,142,52,30,116
18128382022586199,17841414051683694,purapura.ponsel,"Pura Pura Ponsel","MACET - MACETAN ATAU MATI TOTAL ?  SERVICE DISINI SAJA BESTIE 🤩

Punya keluhan atau kendala dengan handphone bestie ? bawa saja ke Pura Pura Ponsel yaa. Kami menyediakan layanan Service dengan Teknisi yang terpercaya dan kompeten! 🤩

Kenapa harus Service di Pura Pura Ponsel ? 
✅ Service bisa ditunggu
✅ Bisa lihat prosesnya atau dilakukan secara Face To Face
✅ Free tempared glass dan case 
✅ Dapatkan potongan up to 50%

Yuk konsultasikan keluhanmu sekarang! 😊

Toko Kroya: Jl. Kroya No. 3, Kesiman, Denpasar
Toko Munang Maning: Jl. Subur No. 4 Pemecutan Klod, Denpasar Barat
Jam Buka: Setiap Hari 09:00 - 22:00 WITA
Admin WA: 081237200400 (Klik Link di Bio!)
Tokopedia/Shopee/TikTok Shop: Pura Pura Ponsel

Kualitas Tidak Pernah Pura Pura - Solusi tukar tambah HP terbaik di Bali.",0,"04/30/2026 18:04",https://www.instagram.com/p/DXxuTNuj4G_/,"IG carousel",,Lifetime,16591,252862,26,1,1,0,4
17907469362220808,17841414051683694,purapura.ponsel,"Pura Pura Ponsel","MAU UPGRADE HANDPHONE TAPI GAMAU UANG BERKURANG ? YUK MINPUR BANTU 😍

Khusus untuk bestie yang kaum mendang mending atau budget menipis. Tenang Minpur punya solusinya yaa 🥳

Bestie bisa KREDIT dengan berbagai pilihan finance :
✅ Indodana
✅ Home Credit
✅ Akulaku
✅ Kredivo
✅ Samsung Finance+
✅ Gopaylater
✅ Spaylater limit X-tra
✅ Spectra

Dapatkan PROMO BUNGA dan DP 0% hingga FREE 2 kali cicilan 🥳
Yuk langsung datang ke toko dengan bawa KTP dan Handphone saja ya! 😊

Toko Kroya: Jl. Kroya No. 3, Kesiman, Denpasar
Toko Munang Maning: Jl. Subur No. 4 Pemecutan Klod, Denpasar Barat
Jam Buka: Setiap Hari 09:00 - 22:00 WITA
Admin WA: 081237200400 (Klik Link di Bio!)
Tokopedia/Shopee/TikTok Shop: Pura Pura Ponsel

Kualitas Tidak Pernah Pura Pura - Solusi tukar tambah HP terbaik di Bali.",0,"04/30/2026 18:03",https://www.instagram.com/p/DXxuL_1jsNf/,"IG carousel",,Lifetime,23398,400548,36,4,3,0,1
18167763931419662,17841414051683694,purapura.ponsel,"Pura Pura Ponsel","ANDROID HARGA GROSIR😆‼️

Buat bestie yang lagi cari Android Brand New  ataupun Second 🥳 
Jangan bingung karena Pura Pura Ponsel hadir dengan berbagai series Android Brand New dan Second yang tentunya lengkap dan HARGA RAMAH DIKANTONG 😆

Kenapa harus di Pura Pura Ponsel ? 
✅ Bergaransi resmi
✅ Kualitas barang sama
✅ Bisa kredit, dapatkan PROMO Bunga dan DP 0%
✅ Bisa TUKAR TAMBAH, bahkan dari series terlama sekalipun
✅ Bisa SPLIT PAYMENT
✅ After Sales ( yang pastinya fast response dan dibantu jika terjadi kendala )
✅ DAN MASIH BENEFIT LAINNYA ‼️

Dan tentunya BERKESEMPATAN LUCKY DRAW di setiap pembelian Android Brand New yang hadiahnya berupa VOUCHER BELANJA JUTAAN rupiah hingga HANDPHONE 🤩

Buat kalian yang nggak bisa datang ke toko bisa checkout di toko online Minpur yaa. Ada CASHBACK hingga jutaan rupiah 🤩 pengiriman cepat, dijamin aman sampai tujuan! 💨

Toko Kroya: Jl. Kroya No. 3, Kesiman, Denpasar
Toko Munang Maning: Jl. Subur No. 4 Pemecutan Klod, Denpasar Barat
Jam Buka: Setiap Hari 09:00 - 22:00 WITA
Admin WA: 081237200400 (Klik Link di Bio!)
Tokopedia/Shopee/TikTok Shop: Pura Pura Ponsel

Kualitas Tidak Pernah Pura Pura - Solusi tukar tambah HP terbaik di Bali.",0,"04/30/2026 18:01",https://www.instagram.com/p/DXxt-xeiKB-/,"IG carousel",,Lifetime,46141,227771,160,22,7,14,28
18064990316377479,17841401356087722,ogohogohdenpasar,"Ogoh Ogoh Denpasar, Bali","YANG MANA PALING REALISTIS GERAKAN MATANYA TON?👀

Next bahas apa lagi ya semeton? 

YUK FOLLOW @purapura.ponsel BAKAL BANYAK PROMO DAN BENEFITS BUAT SEMETON!!!

#ogohogoh #ogohogohdenpasar #ogohogoh2026 #ogohogohbali #nominasiogohogoh",78,"04/29/2026 23:37",https://www.instagram.com/reel/DXvunMihSWp/,"IG reel",,Lifetime,32772,19255,663,10,2,7,0
17908150341401130,17841442251754246,sibliwira,"BLI WIRA","TAMBAH KOLEKSI OREN NIH SEMESTA😭🤘

#sibliwira #reelsvideo #reelsinstagram #reels",21,"04/29/2026 03:37",https://www.instagram.com/reel/DXtmAXWiqh7/,"IG reel",,Lifetime,153873,77346,5052,77,32,155,0
18063812459698105,17841401356087722,ogohogohdenpasar,"Ogoh Ogoh Denpasar, Bali","OGOH-OGOH TAHUN INI DITEMANI DENGAN BERBAGAI JENIS BINATANG🐶🐱🦊🐰🐻‍❄️🐮🙈🐔🐽🐸🦁

Next bahas apa lagi ya semeton? 

#ogohogoh #ogohogohdenpasar #ogohogoh2026 #ogohogohbali #nominasiogohogoh",54,"04/27/2026 03:35",https://www.instagram.com/reel/DXocKjXAUUp/,"IG reel",,Lifetime,36188,21424,838,18,3,3,0
18103778995941262,17841414051683694,purapura.ponsel,"Pura Pura Ponsel","KEJUJURAN ADALAH MODAL UTAMA! 🚫📱

Bekerja bukan cuma soal cari uang, tapi soal menjaga kepercayaan. Di dunia teknisi, kejujuran itu nomor satu. Sekali main curang, bukan cuma karir yang hancur, tapi nama baik juga taruhannya.

Ingat, sistem di toko dibuat untuk melindungi customer dan juga kenyamanan kita bekerja. Jangan sampai karena ""kebutuhan tambahan"" sesaat, kita malah kehilangan masa depan

Kenapa harus Service di Pura Pura Ponsel ?

✅ Service bisa ditunggu
✅ Bisa lihat prosesnya atau dilakukan secara Face To Face
✅ Free tempared glass dan case
✅ Dapatkan potongan up to 50%",250,"04/25/2026 07:17",https://www.instagram.com/reel/DXjsJF8kYYL/,"IG reel",,Lifetime,18406,10545,146,7,1,3,5
17932808880238724,17841442251754246,sibliwira,"BLI WIRA","AYOLAH PUR 

#sibliwira #reelsvideo #reelsinstagram #reels",39,"04/23/2026 03:41",https://www.instagram.com/reel/DXeJ0hQKxn-/,"IG reel",,Lifetime,238308,128957,8948,140,136,101,0
18052511042721698,17841414051683694,purapura.ponsel,"Pura Pura Ponsel","Ekspresi ketika hampir ketahuan istri/pacar lagi cek harga HP baru di purapuraponsel😅 🏃‍♂️💨

Tenang, mending ketahuan beli HP baru daripada ketahuan yang lain, kan? Apalagi kalau belinya pas lagi promo gede-gedean! Daripada sembunyi-sembunyi, mending ajak si doi ke toko biar sama-sama senang🤩

Bingung mau Upgrade HP tapi HP lama gak terpakai?
Jangan khawatir! Bawa saja ke Pura Pura Ponsel
Kami terima Tukar Tambah semua kondisi dan series!

✅ Series Terlama? Bisa!
✅ Android ke iPhone? Bisa Banget!
✅ KREDIT DP & BUNGA 0% (S&K Berlaku)
✅ BISA SPLIT PAYMENT
✅ BANYAK BENEFIT eksklusif lainnya!

Stop galau, saatnya ganti gadget baru tanpa ribet dan untung maksimal!
10 ribu ulasan bintang 5 di Google Maps!
Kunjungi Toko Kami Sekarang!

Toko Kroya: Jl. Kroya No. 3, Kesiman, Denpasar
Toko Munang Maning: Jl. Subur No. 4 Pemecutan Klod, Denpasar Barat
Jam Buka: Setiap Hari 09:00 - 22:00 WITA
Admin WA: 081237200400 (Klik Link di Bio!)
Tokopedia/Shopee/TikTok Shop: Pura Pura Ponsel

Kualitas Tidak Pernah Pura Pura - Solusi tukar tambah HP terbaik di Bali",15,"04/23/2026 00:00",https://www.instagram.com/reel/DXdwvD8j-yn/,"IG reel",,Lifetime,21695,13617,63,4,0,1,14
18113256280698928,17841414051683694,purapura.ponsel,"Pura Pura Ponsel","""Mebayuh"" ini bukan sekadar karya, tapi bentuk semangat pemuda Bali untuk terus berkarya🤩

Bangga banget bisa mewakili STT Eka Dharma (Banjar Busung Yeh Kauh) meraih Juara Favorit III di Lomba Foto Ogoh-Ogoh Pura Pura Ponsel! 🏆

Seni bukan cuma soal apa yang dilihat mata, tapi tentang rasa dan pesan yang disampaikan🫶🏻

Yuk, tingkatkan kualitas karyamu dengan gadget terbaik dari Pura Pura Ponsel. Lagi ada promo spesial buat kalian iPhone 16 Pro Max dengan harga promo! Cuma 19.699.000, udah dapet adaptor original lagi. Cek promonya sekarang sebelum kehabisan!‼️

Bingung mau Upgrade HP tapi HP lama gak terpakai?
Jangan khawatir! Bawa saja ke Pura Pura Ponsel
Kami terima Tukar Tambah semua kondisi dan series!

✅ Series Terlama? Bisa!
✅ Android ke iPhone? Bisa Banget!
✅ KREDIT DP & BUNGA 0% (S&K Berlaku)
✅ BISA SPLIT PAYMENT
✅ BANYAK BENEFIT eksklusif lainnya!

Stop galau, saatnya ganti gadget baru tanpa ribet dan untung maksimal!
10 ribu ulasan bintang 5 di Google Maps!
Kunjungi Toko Kami Sekarang!

Toko Kroya: Jl. Kroya No. 3, Kesiman, Denpasar
Toko Munang Maning: Jl. Subur No. 4 Pemecutan Klod, Denpasar Barat
Jam Buka: Setiap Hari 09:00 - 22:00 WITA
Admin WA: 081237200400 (Klik Link di Bio!)
Tokopedia/Shopee/TikTok Shop: Pura Pura Ponsel

Kualitas Tidak Pernah Pura Pura - Solusi tukar tambah HP terbaik di Bali",65,"04/22/2026 07:03",https://www.instagram.com/reel/DXb8QKGjaH1/,"IG reel",,Lifetime,6914,4827,33,1,0,3,0
17999303591923321,17841414051683694,purapura.ponsel,"Pura Pura Ponsel","KALA BENDU: Antara Seni, Tradisi, dan Apresiasi! 🎭🔥

Bangga banget perwakilan dari ST Bakti Dharma (Banjar Adat Kangin Pecatu) berhasil mendapat gelar Juara Favorit II di Lomba Foto Ogoh-Ogoh Pura Pura Ponsel 2026! 🏆

Berawal dari ""iseng-iseng berhadiah"", ternyata karya bertema Kala Bendu ini sukses mencuri perhatian🤩

Mau hasil foto ogoh-ogoh makin tajam dan estetik kayak gini? Yuk, upgrade gadget kamu di Pura Pura Ponsel! 📱✨ Lagi ada promo spesial buat kalian iPhone 16 Pro Max dengan harga promo! Cuma 19.699.000, udah dapet adaptor original lagi Sikat sebelum kehabisan! 🔥

Bingung mau Upgrade HP tapi HP lama gak terpakai?
Jangan khawatir! Bawa saja ke Pura Pura Ponsel
Kami terima Tukar Tambah semua kondisi dan series!

✅ Series Terlama? Bisa!
✅ Android ke iPhone? Bisa Banget!
✅ KREDIT DP & BUNGA 0% (S&K Berlaku)
✅ BISA SPLIT PAYMENT
✅ BANYAK BENEFIT eksklusif lainnya!

Stop galau, saatnya ganti gadget baru tanpa ribet dan untung maksimal!
10 ribu ulasan bintang 5 di Google Maps!
Kunjungi Toko Kami Sekarang!

Toko Kroya: Jl. Kroya No. 3, Kesiman, Denpasar
Toko Munang Maning: Jl. Subur No. 4 Pemecutan Klod, Denpasar Barat
Jam Buka: Setiap Hari 09:00 - 22:00 WITA
Admin WA: 081237200400 (Klik Link di Bio!)
Tokopedia/Shopee/TikTok Shop: Pura Pura Ponsel

Kualitas Tidak Pernah Pura Pura - Solusi tukar tambah HP terbaik di Bali",75,"04/22/2026 05:01",https://www.instagram.com/reel/DXbuW35DAIt/,"IG reel",,Lifetime,7223,4597,60,3,0,0,1
18084486479069610,17841414051683694,purapura.ponsel,"Pura Pura Ponsel","""Witala"" bukan sekedar karya, tapi pesan dari hati untuk memuliakan alam🙏🏻

Selamat kepada STT Bineka, Banjar Binoh Kelod, yang berhasil meraih Juara Favorit 1 Lomba Foto Ogoh-Ogoh Pura Pura Ponsel! 🏆

Kreativitas anak muda Bali emang gak ada lawan! Nah, biar konten ogoh-ogoh kalian makin jernih dan makin viral, saatnya upgrade di Pura Pura Ponsel iPhone 16 Pro Max dengan harga promo! Cuma 19.699.000, udah dapet adaptor original lagi Sikat sebelum kehabisan! 🔥

Bingung mau Upgrade HP tapi HP lama gak terpakai?
Jangan khawatir! Bawa saja ke Pura Pura Ponsel
Kami terima Tukar Tambah semua kondisi dan series!

✅ Series Terlama? Bisa!
✅ Android ke iPhone? Bisa Banget!
✅ KREDIT DP & BUNGA 0% (S&K Berlaku)
✅ BISA SPLIT PAYMENT
✅ BANYAK BENEFIT eksklusif lainnya!

Stop galau, saatnya ganti gadget baru tanpa ribet dan untung maksimal!
10 ribu ulasan bintang 5 di Google Maps!
Kunjungi Toko Kami Sekarang!

Toko Kroya: Jl. Kroya No. 3, Kesiman, Denpasar
Toko Munang Maning: Jl. Subur No. 4 Pemecutan Klod, Denpasar Barat
Jam Buka: Setiap Hari 09:00 - 22:00 WITA
Admin WA: 081237200400 (Klik Link di Bio!)
Tokopedia/Shopee/TikTok Shop: Pura Pura Ponsel

Kualitas Tidak Pernah Pura Pura - Solusi tukar tambah HP terbaik di Bali",135,"04/22/2026 03:03",https://www.instagram.com/reel/DXbgwoajcAY/,"IG reel",,Lifetime,7600,4382,90,15,1,0,3
17875153149591568,17841414051683694,purapura.ponsel,"Pura Pura Ponsel","POV: Kamu merasakan physical damage lewat layar HP. 🥊💥

Daripada nahan sakit liatin yang begituan, mending 'nyiksa' dompet sedikit buat dapet iPhone 16 Pro Max dengan harga promo! Cuma 19.699.000, udah dapet adaptor original lagi. Sikat sebelum kehabisan! 🔥

Bingung mau Upgrade HP tapi HP lama gak terpakai?
Jangan khawatir! Bawa saja ke Pura Pura Ponsel
Kami terima Tukar Tambah semua kondisi dan series!

✅ Series Terlama? Bisa!
✅ Android ke iPhone? Bisa Banget!
✅ KREDIT DP & BUNGA 0% (S&K Berlaku)
✅ BISA SPLIT PAYMENT
✅ BANYAK BENEFIT eksklusif lainnya!

Stop galau, saatnya ganti gadget baru tanpa ribet dan untung maksimal!
10 ribu ulasan bintang 5 di Google Maps!
Kunjungi Toko Kami Sekarang!

Toko Kroya: Jl. Kroya No. 3, Kesiman, Denpasar
Toko Munang Maning: Jl. Subur No. 4 Pemecutan Klod, Denpasar Barat
Jam Buka: Setiap Hari 09:00 - 22:00 WITA
Admin WA: 081237200400 (Klik Link di Bio!)
Tokopedia/Shopee/TikTok Shop: Pura Pura Ponsel

Kualitas Tidak Pernah Pura Pura - Solusi tukar tambah HP terbaik di Bali",18,"04/22/2026 00:02",https://www.instagram.com/reel/DXbMEtrESqM/,"IG reel",,Lifetime,24901,14031,46,10,0,0,8
17936725365198612,17841414051683694,purapura.ponsel,"Pura Pura Ponsel","Daripada pusing mikirin typo, mending pusing pilih Apple Watch SE 3! Cek promo spesial di Pura Pura Ponsel buat 3 orang tercepat. Jangan sampai kehabisan!🤩

Bingung mau Upgrade HP tapi HP lama gak terpakai?
Jangan khawatir! Bawa saja ke Pura Pura Ponsel
Kami terima Tukar Tambah semua kondisi dan series!

✅ Series Terlama? Bisa!
✅ Android ke iPhone? Bisa Banget!
✅ KREDIT DP & BUNGA 0% (S&K Berlaku)
✅ BISA SPLIT PAYMENT
✅ BANYAK BENEFIT eksklusif lainnya!

Stop galau, saatnya ganti gadget baru tanpa ribet dan untung maksimal!
10 ribu ulasan bintang 5 di Google Maps!
Kunjungi Toko Kami Sekarang!

Toko Kroya: Jl. Kroya No. 3, Kesiman, Denpasar
Toko Munang Maning: Jl. Subur No. 4 Pemecutan Klod, Denpasar Barat
Jam Buka: Setiap Hari 09:00 - 22:00 WITA
Admin WA: 081237200400 (Klik Link di Bio!)
Tokopedia/Shopee/TikTok Shop: Pura Pura Ponsel

Kualitas Tidak Pernah Pura Pura - Solusi tukar tambah HP terbaik di Bali.",14,"04/21/2026 18:36",https://www.instagram.com/reel/DXamyEzDeO3/,"IG reel",,Lifetime,7542,4694,31,0,0,2,0
18412102714182568,17841414051683694,purapura.ponsel,"Pura Pura Ponsel","Teknisi mikir terlalu jauh? Tenang, itu tandanya kita super teliti! 🛠️

✅ Pengerjaan 100% Aman
✅ Kualitas dijamin 100% Original
✅ Teknisi Berpengalaman

Apapun masalahnya, langsung bawa ke Pura Pura Ponsel aja🤝

Bingung mau Upgrade HP tapi HP lama gak terpakai?
Jangan khawatir! Bawa saja ke Pura Pura Ponsel
Kami terima Tukar Tambah semua kondisi dan series!

✅ Series Terlama? Bisa!
✅ Android ke iPhone? Bisa Banget!
✅ KREDIT DP & BUNGA 0% (S&K Berlaku)
✅ BISA SPLIT PAYMENT
✅ BANYAK BENEFIT eksklusif lainnya!

Stop galau, saatnya ganti gadget baru tanpa ribet dan untung maksimal!
10 ribu ulasan bintang 5 di Google Maps!
Kunjungi Toko Kami Sekarang!

Toko Kroya: Jl. Kroya No. 3, Kesiman, Denpasar
Toko Munang Maning: Jl. Subur No. 4 Pemecutan Klod, Denpasar Barat
Jam Buka: Setiap Hari 09:00 - 22:00 WITA
Admin WA: 081237200400 (Klik Link di Bio!)
Tokopedia/Shopee/TikTok Shop: Pura Pura Ponsel

Kualitas Tidak Pernah Pura Pura - Solusi tukar tambah HP terbaik di Bali.",26,"04/21/2026 03:01",https://www.instagram.com/reel/DXY7zGiDWKA/,"IG reel",,Lifetime,5519,3583,33,1,0,0,1
18086992109592871,17841414051683694,purapura.ponsel,"Pura Pura Ponsel","Hampir baku hantam gara-gara parkir, eh ternyata malah nemu tempat belanja yang bikin adem! 😱💸

Ngapain ribut-ribut kalau di Pura Pura Ponsel kamu bisa dapet Android kualitas juara dengan HARGA GROSIR? Gak perlu emosi, cukup bawa pulang HP baru biar hati tenang!😍

Yuk, serbu promonya sekarang sebelum kehabisan! 🏃💨

Bingung mau Upgrade HP tapi HP lama gak terpakai?
Jangan khawatir! Bawa saja ke Pura Pura Ponsel
Kami terima Tukar Tambah semua kondisi dan series!

✅ Series Terlama? Bisa!
✅ Android ke iPhone? Bisa Banget!
✅ KREDIT DP & BUNGA 0% (S&K Berlaku)
✅ BISA SPLIT PAYMENT
✅ BANYAK BENEFIT eksklusif lainnya!

Stop galau, saatnya ganti gadget baru tanpa ribet dan untung maksimal!
10 ribu ulasan bintang 5 di Google Maps!
Kunjungi Toko Kami Sekarang!

Toko Kroya: Jl. Kroya No. 3, Kesiman, Denpasar
Toko Munang Maning: Jl. Subur No. 4 Pemecutan Klod, Denpasar Barat
Jam Buka: Setiap Hari 09:00 - 22:00 WITA
Admin WA: 081237200400 (Klik Link di Bio!)
Tokopedia/Shopee/TikTok Shop: Pura Pura Ponsel

Kualitas Tidak Pernah Pura Pura - Solusi tukar tambah HP terbaik di Bali.",70,"04/21/2026 00:01",https://www.instagram.com/reel/DXYnIwBgal_/,"IG reel",,Lifetime,325155,188502,2451,41,22,121,119
18054620189706643,17841414051683694,purapura.ponsel,"Pura Pura Ponsel","ONE STOP SOLUTION BUAT HP KAMU! 📱✨

Lagi cari Android tipe terbaru? Ada! Mau ganti ke iPhone boba? Lengkap banget! Atau HP lagi rewel dan butuh servis kilat? Tenang, di Pura Pura Ponsel semua bisa beres dalam sekejap! ✅

Kenapa harus ke Pura Pura Ponsel?
🔹 Koleksi Android & iPhone (New/Second) super lengkap.
🔹 Servis bisa ditunggu, hasil rapi & profesional.
🔹 Ada cermin estetik buat kamu yang mau langsung mirror selfie bareng HP baru! 📸

Yuk, langsung mampir ke store dan buktiin sendiri serunya belanja di sini! 🏃‍♂️💨

Bingung mau Upgrade HP tapi HP lama gak terpakai?
Jangan khawatir! Bawa saja ke Pura Pura Ponsel
Kami terima Tukar Tambah semua kondisi dan series!

✅ Series Terlama? Bisa!
✅ Android ke iPhone? Bisa Banget!
✅ KREDIT DP & BUNGA 0% (S&K Berlaku)
✅ BISA SPLIT PAYMENT
✅ BANYAK BENEFIT eksklusif lainnya!

Stop galau, saatnya ganti gadget baru tanpa ribet dan untung maksimal!
10 ribu ulasan bintang 5 di Google Maps!
Kunjungi Toko Kami Sekarang!

Toko Kroya: Jl. Kroya No. 3, Kesiman, Denpasar
Toko Munang Maning: Jl. Subur No. 4 Pemecutan Klod, Denpasar Barat
Jam Buka: Setiap Hari 09:00 - 22:00 WITA
Admin WA: 081237200400 (Klik Link di Bio!)
Tokopedia/Shopee/TikTok Shop: Pura Pura Ponsel

Kualitas Tidak Pernah Pura Pura - Solusi tukar tambah HP terbaik di Bali.",37,"04/20/2026 21:01",https://www.instagram.com/reel/DXYSpWtCKY3/,"IG reel",,Lifetime,39977,20788,245,2,0,46,4
17912380476180805,17841414051683694,purapura.ponsel,"Pura Pura Ponsel","Nggak usah repot-repot ngintip, mending langsung bungkus Apple Watch-nya! 🏃💨
Promo Apple Watch SE 3: (40mm) 3.3jt & (44mm) 3.9jt. Stok Terbatas!
Hayo ngaku, kalian tadi udah mikir yang aneh-aneh ya pas di awal video? 😜

Bingung mau Upgrade HP tapi HP lama gak terpakai?
Jangan khawatir! Bawa saja ke Pura Pura Ponsel
Kami terima Tukar Tambah semua kondisi dan series!

✅ Series Terlama? Bisa!
✅ Android ke iPhone? Bisa Banget!
✅ KREDIT DP & BUNGA 0% (S&K Berlaku)
✅ BISA SPLIT PAYMENT
✅ BANYAK BENEFIT eksklusif lainnya!

Stop galau, saatnya ganti gadget baru tanpa ribet dan untung maksimal!
10 ribu ulasan bintang 5 di Google Maps!
Kunjungi Toko Kami Sekarang!

Toko Kroya: Jl. Kroya No. 3, Kesiman, Denpasar
Toko Munang Maning: Jl. Subur No. 4 Pemecutan Klod, Denpasar Barat
Jam Buka: Setiap Hari 09:00 - 22:00 WITA
Admin WA: 081237200400 (Klik Link di Bio!)
Tokopedia/Shopee/TikTok Shop: Pura Pura Ponsel

Kualitas Tidak Pernah Pura Pura - Solusi tukar tambah HP terbaik di Bali.",19,"04/20/2026 18:01",https://www.instagram.com/reel/DXX-CE3jYLr/,"IG reel",,Lifetime,122547,60567,659,261,1,29,74
18088636424365469,17841442251754246,sibliwira,"BLI WIRA","NGOREN BANGET

#sibliwira #reelsvideo #reelsinstagram #reels",37,"04/20/2026 04:03",https://www.instagram.com/reel/DXWd9OYq8rG/,"IG reel",,Lifetime,265653,147121,11128,251,98,196,0
18114659878763476,17841414051683694,purapura.ponsel,"Pura Pura Ponsel","Siapa nih yang pernah ngerasain ""api cemburu"" gara-gara mantan? 

Dapatkan Apple Watch SE 3 mulai dari Rp3.399.000 hanya untuk 3 orang tercepat! Garansi Resmi Indonesia. ⌚️✨
Buruan DM sekarang sebelum kehabisan promonya!

Bingung mau Upgrade HP tapi HP lama gak terpakai?
Jangan khawatir! Bawa saja ke Pura Pura Ponsel
Kami terima Tukar Tambah semua kondisi dan series!

✅ Series Terlama? Bisa!
✅ Android ke iPhone? Bisa Banget!
✅ KREDIT DP & BUNGA 0% (S&K Berlaku)
✅ BISA SPLIT PAYMENT
✅ BANYAK BENEFIT eksklusif lainnya!

Stop galau, saatnya ganti gadget baru tanpa ribet dan untung maksimal!
10 ribu ulasan bintang 5 di Google Maps!
Kunjungi Toko Kami Sekarang!

Toko Kroya: Jl. Kroya No. 3, Kesiman, Denpasar
Toko Munang Maning: Jl. Subur No. 4 Pemecutan Klod, Denpasar Barat
Jam Buka: Setiap Hari 09:00 - 22:00 WITA
Admin WA: 081237200400 (Klik Link di Bio!)
Tokopedia/Shopee/TikTok Shop: Pura Pura Ponsel

Kualitas Tidak Pernah Pura Pura - Solusi tukar tambah HP terbaik di Bali.",25,"04/20/2026 03:02",https://www.instagram.com/reel/DXWXGcRjCmZ/,"IG reel",,Lifetime,8769,5913,55,2,0,2,3
17921080458315436,17841414051683694,purapura.ponsel,"Pura Pura Ponsel","Lagi asik nunggu chat doi, eh isinya malah ajakan kerja bakti. Langsung lemes bestie! 🫠
Mending kita cek promo iPhone aja yuk biar gak stres? 🤩
sedang promo iPhone 16 Pro Max 256GB , free Adaptor Original. segera ke store sebelum kehabisan🥰

Bingung mau Upgrade HP tapi HP lama gak terpakai?
Jangan khawatir! Bawa saja ke Pura Pura Ponsel
Kami terima Tukar Tambah semua kondisi dan series!

✅ Series Terlama? Bisa!
✅ Android ke iPhone? Bisa Banget!
✅ KREDIT DP & BUNGA 0% (S&K Berlaku)
✅ BISA SPLIT PAYMENT
✅ BANYAK BENEFIT eksklusif lainnya!

Stop galau, saatnya ganti gadget baru tanpa ribet dan untung maksimal!
10 ribu ulasan bintang 5 di Google Maps!
Kunjungi Toko Kami Sekarang!

Toko Kroya: Jl. Kroya No. 3, Kesiman, Denpasar
Toko Munang Maning: Jl. Subur No. 4 Pemecutan Klod, Denpasar Barat
Jam Buka: Setiap Hari 09:00 - 22:00 WITA
Admin WA: 081237200400 (Klik Link di Bio!)
Tokopedia/Shopee/TikTok Shop: Pura Pura Ponsel

Kualitas Tidak Pernah Pura Pura - Solusi tukar tambah HP terbaik di Bali.",13,"04/19/2026 18:01",https://www.instagram.com/reel/DXVZKfklb6h/,"IG reel",,Lifetime,6295,4082,25,0,0,0,0
18052695488532276,17841414051683694,purapura.ponsel,"Pura Pura Ponsel","Bener kata pepatah, naik Mio emang bikin getar... tapi mending getar karena notifikasi iPhone 16 Pro Max baru nggak sih? 😂🤟

Daripada getar-getar nggak jelas, mending upgrade ke yang pasti-pasti aja di Pura Pura Ponsel! Gasss lah! 🏍️💨📱

Bingung mau Upgrade HP tapi HP lama gak terpakai?
Jangan khawatir! Bawa saja ke Pura Pura Ponsel
Kami terima Tukar Tambah semua kondisi dan series!

✅ Series Terlama? Bisa!
✅ Android ke iPhone? Bisa Banget!
✅ KREDIT DP & BUNGA 0% (S&K Berlaku)
✅ BISA SPLIT PAYMENT
✅ BANYAK BENEFIT eksklusif lainnya!

Stop galau, saatnya ganti gadget baru tanpa ribet dan untung maksimal!
10 ribu ulasan bintang 5 di Google Maps!
Kunjungi Toko Kami Sekarang!

Toko Kroya: Jl. Kroya No. 3, Kesiman, Denpasar
Toko Munang Maning: Jl. Subur No. 4 Pemecutan Klod, Denpasar Barat
Jam Buka: Setiap Hari 09:00 - 22:00 WITA
Admin WA: 081237200400 (Klik Link di Bio!)
Tokopedia/Shopee/TikTok Shop: Pura Pura Ponsel

Kualitas Tidak Pernah Pura Pura - Solusi tukar tambah HP terbaik di Bali.",34,"04/19/2026 03:01",https://www.instagram.com/reel/DXTyQN7jWgN/,"IG reel",,Lifetime,14139,8954,71,0,0,0,4
18096932315277081,17841414051683694,purapura.ponsel,"Pura Pura Ponsel","Ekspektasi: Konten estetik. 📱✨
Realita: Dilihatin orang satu toko

Dari Samsung Galaxy Z Fold 7 sampai iPhone 16 Pro Max, semuanya lagi hujan bonus di Pura Pura Ponsel

Apa pun pilihannya, belinya harus di Pura Pura Ponsel karena lagi ada promo THR Lebaran yang dapet free item melimpah! Coba komen di bawah, kamu lagi ngincer HP apa tahun ini? 👇

Bingung mau Upgrade HP tapi HP lama gak terpakai?
Jangan khawatir! Bawa saja ke Pura Pura Ponsel
Kami terima Tukar Tambah semua kondisi dan series!

✅ Series Terlama? Bisa!
✅ Android ke iPhone? Bisa Banget!
✅ KREDIT DP & BUNGA 0% (S&K Berlaku)
✅ BISA SPLIT PAYMENT
✅ BANYAK BENEFIT eksklusif lainnya!

Stop galau, saatnya ganti gadget baru tanpa ribet dan untung maksimal!
10 ribu ulasan bintang 5 di Google Maps!
Kunjungi Toko Kami Sekarang!

Toko Kroya: Jl. Kroya No. 3, Kesiman, Denpasar
Toko Munang Maning: Jl. Subur No. 4 Pemecutan Klod, Denpasar Barat
Jam Buka: Setiap Hari 09:00 - 22:00 WITA
Admin WA: 081237200400 (Klik Link di Bio!)
Tokopedia/Shopee/TikTok Shop: Pura Pura Ponsel

Kualitas Tidak Pernah Pura Pura - Solusi tukar tambah HP terbaik di Bali.",18,"04/19/2026 00:02",https://www.instagram.com/reel/DXTdrpxjX1u/,"IG reel",,Lifetime,8487,5214,23,1,1,0,0
17943944946174986,17841414051683694,purapura.ponsel,"Pura Pura Ponsel","POV: Punya sepatu yang hobi cari perhatian di depan umum. 👟🔊

Jujur, siapa yang pernah ngalamin momen ""sepatu sirkus"" kayak gini? Udah mah pelan-pelan, tetep aja bunyinya bikin seisi ruangan nengok! Daripada malu karena sepatu berisik, mending fokus ke promo Tecno Camon 50 di Pura Pura Ponsel yang nggak berisik tapi promo nyata! 😎✨

Bingung mau Upgrade HP tapi HP lama gak terpakai?
Jangan khawatir! Bawa saja ke Pura Pura Ponsel
Kami terima Tukar Tambah semua kondisi dan series!

✅ Series Terlama? Bisa!
✅ Android ke iPhone? Bisa Banget!
✅ KREDIT DP & BUNGA 0% (S&K Berlaku)
✅ BISA SPLIT PAYMENT
✅ BANYAK BENEFIT eksklusif lainnya!

Stop galau, saatnya ganti gadget baru tanpa ribet dan untung maksimal!
10 ribu ulasan bintang 5 di Google Maps!
Kunjungi Toko Kami Sekarang!

Toko Kroya: Jl. Kroya No. 3, Kesiman, Denpasar
Toko Munang Maning: Jl. Subur No. 4 Pemecutan Klod, Denpasar Barat
Jam Buka: Setiap Hari 09:00 - 22:00 WITA
Admin WA: 081237200400 (Klik Link di Bio!)
Tokopedia/Shopee/TikTok Shop: Pura Pura Ponsel

Kualitas Tidak Pernah Pura Pura - Solusi tukar tambah HP terbaik di Bali.",9,"04/18/2026 21:01",https://www.instagram.com/reel/DXTJARlD-VC/,"IG reel",,Lifetime,4696,2704,16,0,0,0,1
18260044705293412,17841414051683694,purapura.ponsel,"Pura Pura Ponsel","Definisi beda server yang sesungguhnya! 😂

Si ayang nanya BH (Battery Health), eh jawabannya malah ukuran 'anu'. Makanya, sebelum makin parah dan bikin salah paham, mending langsung ganti unit baru aja di Pura Pura Ponsel!

Dapatkan iPhone 16 Pro Max 256GB cuma 19.699.000 plus FREE Adaptor Original Apple. Jangan sampai salah kode lagi ya! 🍏✨

Bingung mau Upgrade HP tapi HP lama gak terpakai?
Jangan khawatir! Bawa saja ke Pura Pura Ponsel
Kami terima Tukar Tambah semua kondisi dan series!

✅ Series Terlama? Bisa!
✅ Android ke iPhone? Bisa Banget!
✅ KREDIT DP & BUNGA 0% (S&K Berlaku)
✅ BISA SPLIT PAYMENT
✅ BANYAK BENEFIT eksklusif lainnya!

Stop galau, saatnya ganti gadget baru tanpa ribet dan untung maksimal!
10 ribu ulasan bintang 5 di Google Maps!
Kunjungi Toko Kami Sekarang!

Toko Kroya: Jl. Kroya No. 3, Kesiman, Denpasar
Toko Munang Maning: Jl. Subur No. 4 Pemecutan Klod, Denpasar Barat
Jam Buka: Setiap Hari 09:00 - 22:00 WITA
Admin WA: 081237200400 (Klik Link di Bio!)
Tokopedia/Shopee/TikTok Shop: Pura Pura Ponsel

Kualitas Tidak Pernah Pura Pura - Solusi tukar tambah HP terbaik di Bali.",13,"04/18/2026 18:01",https://www.instagram.com/reel/DXS0c6uH8xY/,"IG reel",,Lifetime,29273,13703,95,3,1,0,3
18521366926073404,17841414051683694,purapura.ponsel,"Pura Pura Ponsel","Gak perlu drama tarik-tarikan kado! ✋📱

Dapatkan iPhone 16 Pro Max 256GB dengan harga spesial Rp 19.699.000 Bonus Adaptor Original Apple biar kado kamu makin lengkap dan aman🥰

Yuk, serbu promonya sekarang sebelum kehabisan! 🏃💨

Bingung mau Upgrade HP tapi HP lama gak terpakai?
Jangan khawatir! Bawa saja ke Pura Pura Ponsel
Kami terima Tukar Tambah semua kondisi dan series!

✅ Series Terlama? Bisa!
✅ Android ke iPhone? Bisa Banget!
✅ KREDIT DP & BUNGA 0% (S&K Berlaku)
✅ BISA SPLIT PAYMENT
✅ BANYAK BENEFIT eksklusif lainnya!

Stop galau, saatnya ganti gadget baru tanpa ribet dan untung maksimal!
10 ribu ulasan bintang 5 di Google Maps!
Kunjungi Toko Kami Sekarang!

Toko Kroya: Jl. Kroya No. 3, Kesiman, Denpasar
Toko Munang Maning: Jl. Subur No. 4 Pemecutan Klod, Denpasar Barat
Jam Buka: Setiap Hari 09:00 - 22:00 WITA
Admin WA: 081237200400 (Klik Link di Bio!)
Tokopedia/Shopee/TikTok Shop: Pura Pura Ponsel

Kualitas Tidak Pernah Pura Pura - Solusi tukar tambah HP terbaik di Bali.",23,"04/18/2026 05:01",https://www.instagram.com/reel/DXRbMsKAp4N/,"IG reel",,Lifetime,50168,25042,138,12,0,4,2
17865754380670936,17841414051683694,purapura.ponsel,"Pura Pura Ponsel","KLARIFIKASI: PROMO APPLE WATCH TERGILA! 🚨

Mohon maaf banget buat kalian yang kehabisan kalau telat! Pura Pura Ponsel lagi ada promo besar-besaran khusus buat 3 ORANG TERCEPAT setiap harinya! 🏃‍♂️💨

🔥 Apple Watch SE Gen 3 40mm cuma Rp 3.399.000
🔥 Apple Watch SE Gen 3 44mm cuma Rp 3.999.000

Cek harga di toko sebelah, pasti masih jauh di atas ini! Jadi, jangan sampai keduluan yang lain. Langsung gaskeun ke Pura Pura Ponsel sekarang sebelum stok habis! ⌚✨

Bingung mau Upgrade HP tapi HP lama gak terpakai?
Jangan khawatir! Bawa saja ke Pura Pura Ponsel
Kami terima Tukar Tambah semua kondisi dan series!

✅ Series Terlama? Bisa!
✅ Android ke iPhone? Bisa Banget!
✅ KREDIT DP & BUNGA 0% (S&K Berlaku)
✅ BISA SPLIT PAYMENT
✅ BANYAK BENEFIT eksklusif lainnya!

Stop galau, saatnya ganti gadget baru tanpa ribet dan untung maksimal!
10 ribu ulasan bintang 5 di Google Maps!
Kunjungi Toko Kami Sekarang!

Toko Kroya: Jl. Kroya No. 3, Kesiman, Denpasar
Toko Munang Maning: Jl. Subur No. 4 Pemecutan Klod, Denpasar Barat
Jam Buka: Setiap Hari 09:00 - 22:00 WITA
Admin WA: 081237200400 (Klik Link di Bio!)
Tokopedia/Shopee/TikTok Shop: Pura Pura Ponsel

Kualitas Tidak Pernah Pura Pura - Solusi tukar tambah HP terbaik di Bali.",40,"04/18/2026 03:05",https://www.instagram.com/reel/DXRN57Zj6wZ/,"IG reel",,Lifetime,16886,322232,21,2,2,0,0
17947626042153261,17841414051683694,purapura.ponsel,"Pura Pura Ponsel","Lagi asik nyelam nyari ketenangan, eh malah nemu Tecno Camon 50! 😱 Memang bener ya, barang bagus itu suka dateng tiba-tiba.

Gak cuma kameranya yang jernih 50MP, desainnya juga ramping banget, se-smooth gerakan pas lagi renang! Yuk, mumpung ada promo FREE TWS di Pura Pura Ponsel! 🔥

Bingung mau Upgrade HP tapi HP lama gak terpakai?
Jangan khawatir! Bawa saja ke Pura Pura Ponsel
Kami terima Tukar Tambah semua kondisi dan series!

✅ Series Terlama? Bisa!
✅ Android ke iPhone? Bisa Banget!
✅ KREDIT DP & BUNGA 0% (S&K Berlaku)
✅ BISA SPLIT PAYMENT
✅ BANYAK BENEFIT eksklusif lainnya!

Stop galau, saatnya ganti gadget baru tanpa ribet dan untung maksimal!
10 ribu ulasan bintang 5 di Google Maps!
Kunjungi Toko Kami Sekarang!

Toko Kroya: Jl. Kroya No. 3, Kesiman, Denpasar
Toko Munang Maning: Jl. Subur No. 4 Pemecutan Klod, Denpasar Barat
Jam Buka: Setiap Hari 09:00 - 22:00 WITA
Admin WA: 081237200400 (Klik Link di Bio!)
Tokopedia/Shopee/TikTok Shop: Pura Pura Ponsel

Kualitas Tidak Pernah Pura Pura - Solusi tukar tambah HP terbaik di Bali.",18,"04/18/2026 00:01",https://www.instagram.com/reel/DXQ43V9j68X/,"IG reel",,Lifetime,49870,27747,161,42,1,1,25
18345884599245830,17841414051683694,purapura.ponsel,"Pura Pura Ponsel","Hati boleh kena prank, tapi urusan HP jangan mau kena tipu! 💔 Daripada galau gara-gara chat 'Tapi Boong', mending self-reward pakai Tecno Camon 50 yang fiturnya beneran nyata, bukan drama🔥

Bingung mau Upgrade HP tapi HP lama gak terpakai?
Jangan khawatir! Bawa saja ke Pura Pura Ponsel
Kami terima Tukar Tambah semua kondisi dan series!

✅ Series Terlama? Bisa!
✅ Android ke iPhone? Bisa Banget!
✅ KREDIT DP & BUNGA 0% (S&K Berlaku)
✅ BISA SPLIT PAYMENT
✅ BANYAK BENEFIT eksklusif lainnya!

Stop galau, saatnya ganti gadget baru tanpa ribet dan untung maksimal!
10 ribu ulasan bintang 5 di Google Maps!
Kunjungi Toko Kami Sekarang!

Toko Kroya: Jl. Kroya No. 3, Kesiman, Denpasar
Toko Munang Maning: Jl. Subur No. 4 Pemecutan Klod, Denpasar Barat
Jam Buka: Setiap Hari 09:00 - 22:00 WITA
Admin WA: 081237200400 (Klik Link di Bio!)
Tokopedia/Shopee/TikTok Shop: Pura Pura Ponsel

Kualitas Tidak Pernah Pura Pura - Solusi tukar tambah HP terbaik di Bali.",22,"04/17/2026 21:01",https://www.instagram.com/reel/DXQkPNkAZGt/,"IG reel",,Lifetime,6255,3720,52,0,0,0,1
17956353099120032,17841414051683694,purapura.ponsel,"Pura Pura Ponsel","Jangan mau kalah sama tren 'Cancut LED', mending upgrade ke Redmi Note 15 5G! ⚡️

Cuma 3 Jutaan aja di Pura Pura Ponsel, udah dapet HP paling tipis dengan performa gila dari Snapdragon 8 Gen 3. Mampir yuk ke Pura Pura Ponsel sekarang! 📍

Bingung mau Upgrade HP tapi HP lama gak terpakai?
Jangan khawatir! Bawa saja ke Pura Pura Ponsel
Kami terima Tukar Tambah semua kondisi dan series!

✅ Series Terlama? Bisa!
✅ Android ke iPhone? Bisa Banget!
✅ KREDIT DP & BUNGA 0% (S&K Berlaku)
✅ BISA SPLIT PAYMENT
✅ BANYAK BENEFIT eksklusif lainnya!

Stop galau, saatnya ganti gadget baru tanpa ribet dan untung maksimal!
10 ribu ulasan bintang 5 di Google Maps!
Kunjungi Toko Kami Sekarang!

Toko Kroya: Jl. Kroya No. 3, Kesiman, Denpasar
Toko Munang Maning: Jl. Subur No. 4 Pemecutan Klod, Denpasar Barat
Jam Buka: Setiap Hari 09:00 - 22:00 WITA
Admin WA: 081237200400 (Klik Link di Bio!)
Tokopedia/Shopee/TikTok Shop: Pura Pura Ponsel

Kualitas Tidak Pernah Pura Pura - Solusi tukar tambah HP terbaik di Bali.",15,"04/17/2026 18:01",https://www.instagram.com/reel/DXQPpLZGnuv/,"IG reel",,Lifetime,13941,8272,70,13,0,4,4
18098662241080765,17841414051683694,purapura.ponsel,"Pura Pura Ponsel","Daripada lari malam banyak godaan, mending 'lari' ke Pura Pura Ponsel! Dapetin iPhone 16 Pro Max dengan harga promo yang bikin kamu nggak mau lari lagi🔥

Bingung mau Upgrade HP tapi HP lama gak terpakai?
Jangan khawatir! Bawa saja ke Pura Pura Ponsel
Kami terima Tukar Tambah semua kondisi dan series!

✅ Series Terlama? Bisa!
✅ Android ke iPhone? Bisa Banget!
✅ KREDIT DP & BUNGA 0% (S&K Berlaku)
✅ BISA SPLIT PAYMENT
✅ BANYAK BENEFIT eksklusif lainnya!

Stop galau, saatnya ganti gadget baru tanpa ribet dan untung maksimal!
10 ribu ulasan bintang 5 di Google Maps!
Kunjungi Toko Kami Sekarang!

Toko Kroya: Jl. Kroya No. 3, Kesiman, Denpasar
Toko Munang Maning: Jl. Subur No. 4 Pemecutan Klod, Denpasar Barat
Jam Buka: Setiap Hari 09:00 - 22:00 WITA
Admin WA: 081237200400 (Klik Link di Bio!)
Tokopedia/Shopee/TikTok Shop: Pura Pura Ponsel

Kualitas Tidak Pernah Pura Pura - Solusi tukar tambah HP terbaik di Bali.",17,"04/17/2026 03:02",https://www.instagram.com/reel/DXOovD8irRo/,"IG reel",,Lifetime,15155,8621,73,72,0,0,3
17929740036256688,17841414051683694,purapura.ponsel,"Pura Pura Ponsel","Tonton sampai habis kalau nggak mau ketemuan kalian berakhir tragis! 💀⚠️

Emang ya, ekspektasi ketemu ayang itu manis banget, tapi realitanya suka di luar nurul! Ternyata ini alasan kenapa banyak orang lebih milih scroll HP daripada ketemu ayang. Apalagi kalau HP-nya iPhone 16 Pro Max dari Pura Pura Ponsel, mau scroll seharian juga tetep asik! 📱

Ketik ""HADIR"" yang pernah ngalamin momen absurd pas mau ketemu doi! 👇

Bingung mau Upgrade HP tapi HP lama gak terpakai?
Jangan khawatir! Bawa saja ke Pura Pura Ponsel
Kami terima Tukar Tambah semua kondisi dan series!

✅ Series Terlama? Bisa!
✅ Android ke iPhone? Bisa Banget!
✅ KREDIT DP & BUNGA 0% (S&K Berlaku)
✅ BISA SPLIT PAYMENT
✅ BANYAK BENEFIT eksklusif lainnya!

Stop galau, saatnya ganti gadget baru tanpa ribet dan untung maksimal!
10 ribu ulasan bintang 5 di Google Maps!
Kunjungi Toko Kami Sekarang!

Toko Kroya: Jl. Kroya No. 3, Kesiman, Denpasar
Toko Munang Maning: Jl. Subur No. 4 Pemecutan Klod, Denpasar Barat
Jam Buka: Setiap Hari 09:00 - 22:00 WITA
Admin WA: 081237200400 (Klik Link di Bio!)
Tokopedia/Shopee/TikTok Shop: Pura Pura Ponsel

Kualitas Tidak Pernah Pura Pura - Solusi tukar tambah HP terbaik di Bali.",12,"04/16/2026 18:01",https://www.instagram.com/reel/DXNq0I2l7hw/,"IG reel",,Lifetime,18834,10879,96,28,0,0,4
18346356784215891,17841414051683694,purapura.ponsel,"Pura Pura Ponsel","KEJADIAN KEMARIN SORE PADA HARI KAMIS TGL 16 APRIL 2026
DI TEMUKAN BENDA MISTIS MENYERUPAI SANTET DI SALAH SATU TOKO HP TERBAIK DI BALI (PURA PURA PONSEL)

#santet #bendamisterius #berita",72,"04/16/2026 06:03",https://www.instagram.com/reel/DXMYl5_Dbh8/,"IG reel",,Lifetime,136864,85940,763,17,9,29,31
18114745999707813,17841414051683694,purapura.ponsel,"Pura Pura Ponsel","Jangan panik, ini bukan sarang ular tapi sarang PROMO menarik!
Khusus 3 pembeli Android pertama hari ini, FREE minyak goreng menantimu.
Buruan serbu ke cabang terdekat sebelum didahului yang lain!
Mau dapet promo ini juga? Ketik ""MAU"" di kolom komentar ya!

Bingung mau Upgrade HP tapi HP lama gak terpakai?
Jangan khawatir! Bawa saja ke Pura Pura Ponsel
Kami terima Tukar Tambah semua kondisi dan series!

✅ Series Terlama? Bisa!
✅ Android ke iPhone? Bisa Banget!
✅ KREDIT DP & BUNGA 0% (S&K Berlaku)
✅ BISA SPLIT PAYMENT
✅ BANYAK BENEFIT eksklusif lainnya!

Stop galau, saatnya ganti gadget baru tanpa ribet dan untung maksimal!
10 ribu ulasan bintang 5 di Google Maps!
Kunjungi Toko Kami Sekarang!

Toko Kroya: Jl. Kroya No. 3, Kesiman, Denpasar
Toko Munang Maning: Jl. Subur No. 4 Pemecutan Klod, Denpasar Barat
Jam Buka: Setiap Hari 09:00 - 22:00 WITA
Admin WA: 081237200400 (Klik Link di Bio!)
Tokopedia/Shopee/TikTok Shop: Pura Pura Ponsel

Kualitas Tidak Pernah Pura Pura - Solusi tukar tambah HP terbaik di Bali.",24,"04/16/2026 03:07",https://www.instagram.com/reel/DXMEar8k_Kz/,"IG reel",,Lifetime,40159,24847,172,9,0,2,3
18099950746791889,17841414051683694,purapura.ponsel,"Pura Pura Ponsel","Rumor iPhone 18 Fold udah bertebaran di mana-mana, sementara iPhone XR-ku udah bisa buat goreng telur karena panasnya! 🔥🍳

Daripada nunggu yang belum pasti, mending upgrade ke yang pasti-pasti aja di Pura Pura Ponsel. iPhone 16 Pro Max lagi promo gila-gilaan Yuk, mampir sebelum XR kamu beneran jadi setrikaan! 🏃💨

Bingung mau Upgrade HP tapi HP lama gak terpakai?
Jangan khawatir! Bawa saja ke Pura Pura Ponsel
Kami terima Tukar Tambah semua kondisi dan series!

✅ Series Terlama? Bisa!
✅ Android ke iPhone? Bisa Banget!
✅ KREDIT DP & BUNGA 0% (S&K Berlaku)
✅ BISA SPLIT PAYMENT
✅ BANYAK BENEFIT eksklusif lainnya!

Stop galau, saatnya ganti gadget baru tanpa ribet dan untung maksimal!
10 ribu ulasan bintang 5 di Google Maps!
Kunjungi Toko Kami Sekarang!

Toko Kroya: Jl. Kroya No. 3, Kesiman, Denpasar
Toko Munang Maning: Jl. Subur No. 4 Pemecutan Klod, Denpasar Barat
Jam Buka: Setiap Hari 09:00 - 22:00 WITA
Admin WA: 081237200400 (Klik Link di Bio!)
Tokopedia/Shopee/TikTok Shop: Pura Pura Ponsel

Kualitas Tidak Pernah Pura Pura - Solusi tukar tambah HP terbaik di Bali.",16,"04/16/2026 00:02",https://www.instagram.com/reel/DXLvS_oiZCL/,"IG reel",,Lifetime,13342,8082,81,9,1,0,2
18217764595317651,17841401356087722,ogohogohdenpasar,"Ogoh Ogoh Denpasar, Bali","SETELAH NYEPI MASIH BISA NONTON OGOH-OGOH LHO, YUK DATENG KE PEKAN BUDAYA GIANYAR TAHUN 2026
@purapura.ponsel 

#ogohogoh #ogohogohdenpasar #ogohogoh2026 #ogohogohbali #ogohogohgianyar",40,"04/15/2026 21:14",https://www.instagram.com/reel/DXLb7JjgbSA/,"IG reel",,Lifetime,44169,25816,966,53,1,7,0
18069073193317706,17841414051683694,purapura.ponsel,"Pura Pura Ponsel","Niatnya mau meditasi biar sabar, eh malah dapet kejutan di luar nalar manusia! 🔊 (Volume Up!) 💀🤣

Ternyata bener kata orang, ketenangan batin itu bukan dari meditasi, tapi dari notifikasi ""Pesanan Anda Sedang Dikirim"". Udah bener mending healing beli HP baru di Pura Pura Ponsel, hati tenang, mentalpun aman! 📱✨

Bingung mau Upgrade HP tapi HP lama gak terpakai?
Jangan khawatir! Bawa saja ke Pura Pura Ponsel
Kami terima Tukar Tambah semua kondisi dan series!

✅ Series Terlama? Bisa!
✅ Android ke iPhone? Bisa Banget!
✅ KREDIT DP & BUNGA 0% (S&K Berlaku)
✅ BISA SPLIT PAYMENT
✅ BANYAK BENEFIT eksklusif lainnya!

Stop galau, saatnya ganti gadget baru tanpa ribet dan untung maksimal!
10 ribu ulasan bintang 5 di Google Maps!
Kunjungi Toko Kami Sekarang!

Toko Kroya: Jl. Kroya No. 3, Kesiman, Denpasar
Toko Munang Maning: Jl. Subur No. 4 Pemecutan Klod, Denpasar Barat
Jam Buka: Setiap Hari 09:00 - 22:00 WITA
Admin WA: 081237200400 (Klik Link di Bio!)
Tokopedia/Shopee/TikTok Shop: Pura Pura Ponsel

Kualitas Tidak Pernah Pura Pura - Solusi tukar tambah HP terbaik di Bali.",18,"04/15/2026 21:01",https://www.instagram.com/reel/DXLalJBDRob/,"IG reel",,Lifetime,7857,5061,54,5,0,4,4
17921464266327278,17841414051683694,purapura.ponsel,"Pura Pura Ponsel","GAK PERLU JUAL GINJAL BUAT IPHONE 16 PRO MAX! 🚫🔋

Siapa bilang mau punya iPhone terbaru harus nekat? Di Pura Pura Ponsel, kamu bisa bawa pulang iPhone 16 Pro Max 256GB dengan harga yang lebih masuk akal dan bonus yang gak main-main!

Kenapa harus beli sekarang?
✅ Desain Titanium yang mewah & kokoh.
✅ Chip A18 Pro—performa paling ngebut!
✅ Kamera sinematik 4K 120 FPS.
✅ BONUS: Adaptor Original Apple (Gak perlu beli terpisah lagi!).

💰 Harga Promo: Rp 19.699.000 (Hemat dari Rp 20.455.000!)

Tunggu apalagi? Langsung gas ke store🤩

Bingung mau Upgrade HP tapi HP lama gak terpakai?
Jangan khawatir! Bawa saja ke Pura Pura Ponsel
Kami terima Tukar Tambah semua kondisi dan series!

✅ Series Terlama? Bisa!
✅ Android ke iPhone? Bisa Banget!
✅ KREDIT DP & BUNGA 0% (S&K Berlaku)
✅ BISA SPLIT PAYMENT
✅ BANYAK BENEFIT eksklusif lainnya!

Stop galau, saatnya ganti gadget baru tanpa ribet dan untung maksimal!
10 ribu ulasan bintang 5 di Google Maps!
Kunjungi Toko Kami Sekarang!

Toko Kroya: Jl. Kroya No. 3, Kesiman, Denpasar
Toko Munang Maning: Jl. Subur No. 4 Pemecutan Klod, Denpasar Barat
Jam Buka: Setiap Hari 09:00 - 22:00 WITA
Admin WA: 081237200400 (Klik Link di Bio!)
Tokopedia/Shopee/TikTok Shop: Pura Pura Ponsel

Kualitas Tidak Pernah Pura Pura - Solusi tukar tambah HP terbaik di Bali.",16,"04/15/2026 18:01",https://www.instagram.com/reel/DXLGAFGkRSU/,"IG reel",,Lifetime,6370,3751,40,6,0,6,2
18428783944138245,17841414051683694,purapura.ponsel,"Pura Pura Ponsel","BUKAN STROKE BENERAN, TAPI PROMONYA BIKIN JANTUNGAN! 😱

Waduh, kalau liat promo ini emang bawaannya pengen pingsan! Kapan lagi beli OPPO A6S udah dapet FREE Enco Buds3 Pro? 🎧✨

Udah dapet HP yang tahan air dan baterainya badak, dapet TWS kualitas premium pula. Cuma di Pura Pura Ponsel yang berani kasih ""serangan"" promo kayak gini!

📍 Langsung gas ke Pura Pura Ponsel sebelum kehabisan!

Bingung mau Upgrade HP tapi HP lama gak terpakai?
Jangan khawatir! Bawa saja ke Pura Pura Ponsel
Kami terima Tukar Tambah semua kondisi dan series!

✅ Series Terlama? Bisa!
✅ Android ke iPhone? Bisa Banget!
✅ KREDIT DP & BUNGA 0% (S&K Berlaku)
✅ BISA SPLIT PAYMENT
✅ BANYAK BENEFIT eksklusif lainnya!

Stop galau, saatnya ganti gadget baru tanpa ribet dan untung maksimal!
10 ribu ulasan bintang 5 di Google Maps!
Kunjungi Toko Kami Sekarang!

Toko Kroya: Jl. Kroya No. 3, Kesiman, Denpasar
Toko Munang Maning: Jl. Subur No. 4 Pemecutan Klod, Denpasar Barat
Jam Buka: Setiap Hari 09:00 - 22:00 WITA
Admin WA: 081237200400 (Klik Link di Bio!)
Tokopedia/Shopee/TikTok Shop: Pura Pura Ponsel

Kualitas Tidak Pernah Pura Pura - Solusi tukar tambah HP terbaik di Bali.",24,"04/15/2026 03:02",https://www.instagram.com/reel/DXJfHd-kjuc/,"IG reel",,Lifetime,31185,17924,119,7,1,2,4
18159534040435173,17841414051683694,purapura.ponsel,"Pura Pura Ponsel","Daripada malu gara-gara salah kostum pas interview, mending fokus ke yang pasti-pasti aja kayak Promo iPhone 16 Pro Max di Pura Pura Ponsel! ✨

Dapatkan harga spesial cuma Rp 19.699.000 (sudah termasuk Adaptor Original Apple!). Kamera jernih, performa kencang, dijamin bikin interview kerja makin pede! 📱🔥

Bingung mau Upgrade HP tapi HP lama gak terpakai?
Jangan khawatir! Bawa saja ke Pura Pura Ponsel
Kami terima Tukar Tambah semua kondisi dan series!

✅ Series Terlama? Bisa!
✅ Android ke iPhone? Bisa Banget!
✅ KREDIT DP & BUNGA 0% (S&K Berlaku)
✅ BISA SPLIT PAYMENT
✅ BANYAK BENEFIT eksklusif lainnya!

Stop galau, saatnya ganti gadget baru tanpa ribet dan untung maksimal!
10 ribu ulasan bintang 5 di Google Maps!
Kunjungi Toko Kami Sekarang!

Toko Kroya: Jl. Kroya No. 3, Kesiman, Denpasar
Toko Munang Maning: Jl. Subur No. 4 Pemecutan Klod, Denpasar Barat
Jam Buka: Setiap Hari 09:00 - 22:00 WITA
Admin WA: 081237200400 (Klik Link di Bio!)
Tokopedia/Shopee/TikTok Shop: Pura Pura Ponsel

Kualitas Tidak Pernah Pura Pura - Solusi tukar tambah HP terbaik di Bali.",13,"04/15/2026 00:01",https://www.instagram.com/reel/DXJKfIFDUgI/,"IG reel",,Lifetime,109929,55547,574,125,2,3,38
18089794325224678,17841414051683694,purapura.ponsel,"Pura Pura Ponsel","Apple Capek Sama iOS yang Ribet? 🤔

Denger-denger iOS 27 bakal disebut sebagai ""Snow Leopard""-nya iPhone. Artinya? Apple bakal fokus beresin bugs dan bikin performa makin ringan dibanding cuma pamer fitur baru yang berat.

Cek slide 2 & 3 buat liat bocoran fitur satelit dan desain Liquid Glass-nya yang makin cakep! 😍

Mau ganti iPhone biar siap ngerasain iOS 27? Mampir aja ke Pura Pura Ponsel. Bisa tukar tambah atau kredit dengan bunga ringan lho! 🤝

Bingung mau Upgrade HP tapi HP lama gak terpakai?
Jangan khawatir! Bawa saja ke Pura Pura Ponsel
Kami terima Tukar Tambah semua kondisi dan series!

✅ Series Terlama? Bisa!
✅ Android ke iPhone? Bisa Banget!
✅ KREDIT DP & BUNGA 0% (S&K Berlaku)
✅ BISA SPLIT PAYMENT
✅ BANYAK BENEFIT eksklusif lainnya!

Stop galau, saatnya ganti gadget baru tanpa ribet dan untung maksimal!
10 ribu ulasan bintang 5 di Google Maps!
Kunjungi Toko Kami Sekarang!

Toko Kroya: Jl. Kroya No. 3, Kesiman, Denpasar
Toko Munang Maning: Jl. Subur No. 4 Pemecutan Klod, Denpasar Barat
Jam Buka: Setiap Hari 09:00 - 22:00 WITA
Admin WA: 081237200400 (Klik Link di Bio!)
Tokopedia/Shopee/TikTok Shop: Pura Pura Ponsel

Kualitas Tidak Pernah Pura Pura - Solusi tukar tambah HP terbaik di Bali.",0,"04/14/2026 21:00",https://www.instagram.com/p/DXI1zLwE-1R/,"IG carousel",,Lifetime,15732,5265,58,2,1,1,5
18064752518349435,17841414051683694,purapura.ponsel,"Pura Pura Ponsel","Melamun dikit, eh malah kebawa ke luar angkasa gara-gara promo Redmi Note 15 5G! 🚀✨

Cuma di Pura Pura Ponsel, beli Redmi Note 15 5G yang tipis & bertenaga ini, kamu bisa dapet FREE Redmi Buds 6 Play! Gak perlu mikir dua kali, spesifikasi bintang lima tapi harga tetep membumi.

Buruan serbu sebelum promonya terbang ke planet lain! 👽🔥

Bingung mau Upgrade HP tapi HP lama gak terpakai?
Jangan khawatir! Bawa saja ke Pura Pura Ponsel
Kami terima Tukar Tambah semua kondisi dan series!

✅ Series Terlama? Bisa!
✅ Android ke iPhone? Bisa Banget!
✅ KREDIT DP & BUNGA 0% (S&K Berlaku)
✅ BISA SPLIT PAYMENT
✅ BANYAK BENEFIT eksklusif lainnya!

Stop galau, saatnya ganti gadget baru tanpa ribet dan untung maksimal!
10 ribu ulasan bintang 5 di Google Maps!
Kunjungi Toko Kami Sekarang!

Toko Kroya: Jl. Kroya No. 3, Kesiman, Denpasar
Toko Munang Maning: Jl. Subur No. 4 Pemecutan Klod, Denpasar Barat
Jam Buka: Setiap Hari 09:00 - 22:00 WITA
Admin WA: 081237200400 (Klik Link di Bio!)
Tokopedia/Shopee/TikTok Shop: Pura Pura Ponsel

Kualitas Tidak Pernah Pura Pura - Solusi tukar tambah HP terbaik di Bali.",26,"04/14/2026 18:01",https://www.instagram.com/reel/DXIhQ_rD62L/,"IG reel",,Lifetime,12165,7905,54,7,0,0,2
18134281516531347,17841414051683694,purapura.ponsel,"Pura Pura Ponsel","Cacar monyet nggak menghalangi buat tetap update stok iPhone terbaru di Pura Pura Ponsel. 📱✨
Kalian lebih pilih istirahat di rumah atau tetap masuk demi cuan?

Bingung mau Upgrade HP tapi HP lama gak terpakai?
Jangan khawatir! Bawa saja ke Pura Pura Ponsel
Kami terima Tukar Tambah semua kondisi dan series!

✅ Series Terlama? Bisa!
✅ Android ke iPhone? Bisa Banget!
✅ KREDIT DP & BUNGA 0% (S&K Berlaku)
✅ BISA SPLIT PAYMENT
✅ BANYAK BENEFIT eksklusif lainnya!

Stop galau, saatnya ganti gadget baru tanpa ribet dan untung maksimal!
10 ribu ulasan bintang 5 di Google Maps!
Kunjungi Toko Kami Sekarang!

Toko Kroya: Jl. Kroya No. 3, Kesiman, Denpasar
Toko Munang Maning: Jl. Subur No. 4 Pemecutan Klod, Denpasar Barat
Jam Buka: Setiap Hari 09:00 - 22:00 WITA
Admin WA: 081237200400 (Klik Link di Bio!)
Tokopedia/Shopee/TikTok Shop: Pura Pura Ponsel

Kualitas Tidak Pernah Pura Pura - Solusi tukar tambah HP terbaik di Bali.",11,"04/14/2026 05:01",https://www.instagram.com/reel/DXHH-fHEUcw/,"IG reel",,Lifetime,5613,3255,23,1,0,6,0
18400774294144114,17841414051683694,purapura.ponsel,"Pura Pura Ponsel","POV: Ngerusak lampu demi dapet iPhone 16 Pro Max 📱✨

Bingung mau Upgrade HP tapi HP lama gak terpakai?
Jangan khawatir! Bawa saja ke Pura Pura Ponsel
Kami terima Tukar Tambah semua kondisi dan series!

✅ Series Terlama? Bisa!
✅ Android ke iPhone? Bisa Banget!
✅ KREDIT DP & BUNGA 0% (S&K Berlaku)
✅ BISA SPLIT PAYMENT
✅ BANYAK BENEFIT eksklusif lainnya!

Stop galau, saatnya ganti gadget baru tanpa ribet dan untung maksimal!
10 ribu ulasan bintang 5 di Google Maps!
Kunjungi Toko Kami Sekarang!

Toko Kroya: Jl. Kroya No. 3, Kesiman, Denpasar
Toko Munang Maning: Jl. Subur No. 4 Pemecutan Klod, Denpasar Barat
Jam Buka: Setiap Hari 09:00 - 22:00 WITA
Admin WA: 081237200400 (Klik Link di Bio!)
Tokopedia/Shopee/TikTok Shop: Pura Pura Ponsel

Kualitas Tidak Pernah Pura Pura - Solusi tukar tambah HP terbaik di Bali.",20,"04/14/2026 03:02",https://www.instagram.com/reel/DXG6W1IgC4C/,"IG reel",,Lifetime,41035,21061,162,53,2,0,20
17866777542524184,17841414051683694,purapura.ponsel,"Pura Pura Ponsel","Terima kasih Pura Pura Ponsel sudah melengkapi puzzle hidup saya🤏🏻

Hidup itu simpel, yang susah itu nahan diri buat nggak mampir ke Pura Pura Ponsel. Akhirnya checklist fase ke-3 selesai juga. Sekarang tinggal nunggu fase ke-4 dengan tenang yang penting kamera boba dulu, 🤙

Bingung mau Upgrade HP tapi HP lama gak terpakai?
Jangan khawatir! Bawa saja ke Pura Pura Ponsel
Kami terima Tukar Tambah semua kondisi dan series!

✅ Series Terlama? Bisa!
✅ Android ke iPhone? Bisa Banget!
✅ KREDIT DP & BUNGA 0% (S&K Berlaku)
✅ BISA SPLIT PAYMENT
✅ BANYAK BENEFIT eksklusif lainnya!

Stop galau, saatnya ganti gadget baru tanpa ribet dan untung maksimal!
10 ribu ulasan bintang 5 di Google Maps!
Kunjungi Toko Kami Sekarang!

Toko Kroya: Jl. Kroya No. 3, Kesiman, Denpasar
Toko Munang Maning: Jl. Subur No. 4 Pemecutan Klod, Denpasar Barat
Jam Buka: Setiap Hari 09:00 - 22:00 WITA
Admin WA: 081237200400 (Klik Link di Bio!)
Tokopedia/Shopee/TikTok Shop: Pura Pura Ponsel

Kualitas Tidak Pernah Pura Pura - Solusi tukar tambah HP terbaik di Bali.",0,"04/13/2026 18:00",https://www.instagram.com/p/DXF8XM4k8e4/,"IG image",,Lifetime,15248,7648,48,0,0,2,1
18578029432001353,17841414051683694,purapura.ponsel,"Pura Pura Ponsel","Mungkin dia memang bukan jodohmu, Siapa yang pernah ada di posisi ini? Udah berjuang, eh ujung-ujungnya cuma jadi tamu undangan... 🥀💔
Tenang, kalau urusan hati memang di luar kendali kita, tapi kalau urusan HP, Pura Pura Ponsel jagonya! Ganti suasana hati kamu dengan iPhone 16 Pro Max seri terbaru.

Harga promo:
🔥 Rp 19.699.000 (Dapat Adaptor Original!)

Yuk, mampir ke toko. Siapa tahu jodoh kamu sebenernya bukan dia, tapi salah satu staf di pura pura ponsel? Eh! 🙊👇

Bingung mau Upgrade HP tapi HP lama gak terpakai?
Jangan khawatir! Bawa saja ke Pura Pura Ponsel
Kami terima Tukar Tambah semua kondisi dan series!

✅ Series Terlama? Bisa!
✅ Android ke iPhone? Bisa Banget!
✅ KREDIT DP & BUNGA 0% (S&K Berlaku)
✅ BISA SPLIT PAYMENT
✅ BANYAK BENEFIT eksklusif lainnya!

Stop galau, saatnya ganti gadget baru tanpa ribet dan untung maksimal!
10 ribu ulasan bintang 5 di Google Maps!
Kunjungi Toko Kami Sekarang!

Toko Kroya: Jl. Kroya No. 3, Kesiman, Denpasar
Toko Munang Maning: Jl. Subur No. 4 Pemecutan Klod, Denpasar Barat
Jam Buka: Setiap Hari 09:00 - 22:00 WITA
Admin WA: 081237200400 (Klik Link di Bio!)
Tokopedia/Shopee/TikTok Shop: Pura Pura Ponsel

Kualitas Tidak Pernah Pura Pura - Solusi tukar tambah HP terbaik di Bali.",14,"04/13/2026 05:01",https://www.instagram.com/reel/DXEjIj7FQFe/,"IG reel",,Lifetime,21762,11842,124,1,0,5,6
18000853196866185,17841414051683694,purapura.ponsel,"Pura Pura Ponsel","Pijit dikit, langsung plong! ✨

Sama kayak pake Samsung Galaxy Z Fold 7, semua urusan multitasking jadi makin plong dan sat-set berkat fitur Galaxy AI-nya. Apalagi kalau belinya pas lagi promo lebaran gini, hati jadi makin tenang!

Pembelian Samsung Galaxy Z Fold 7
FREE: Galaxy Buds Core😍

Cek unitnya sekarang di Pura Pura Ponsel. Stok terbatas, jangan sampai nyesel yaa‼️

Bingung mau Upgrade HP tapi HP lama gak terpakai?
Jangan khawatir! Bawa saja ke Pura Pura Ponsel
Kami terima Tukar Tambah semua kondisi dan series!

✅ Series Terlama? Bisa!
✅ Android ke iPhone? Bisa Banget!
✅ KREDIT DP & BUNGA 0% (S&K Berlaku)
✅ BISA SPLIT PAYMENT
✅ BANYAK BENEFIT eksklusif lainnya!

Stop galau, saatnya ganti gadget baru tanpa ribet dan untung maksimal!
10 ribu ulasan bintang 5 di Google Maps!
Kunjungi Toko Kami Sekarang!

Toko Kroya: Jl. Kroya No. 3, Kesiman, Denpasar
Toko Munang Maning: Jl. Subur No. 4 Pemecutan Klod, Denpasar Barat
Jam Buka: Setiap Hari 09:00 - 22:00 WITA
Admin WA: 081237200400 (Klik Link di Bio!)
Tokopedia/Shopee/TikTok Shop: Pura Pura Ponsel

Kualitas Tidak Pernah Pura Pura - Solusi tukar tambah HP terbaik di Bali.",27,"04/13/2026 03:01",https://www.instagram.com/reel/DXEVcfPFUBn/,"IG reel",,Lifetime,7301,3648,42,74,0,0,6
17902781292247486,17841414051683694,purapura.ponsel,"Pura Pura Ponsel","Pura Pura Ponsel Berbagi lagi ☺️
HP baru pun rilis! 📱💥

Lagi lewat Munang Maning tiba-tiba dapet bakso gratis? Gak cuma fokus sama gadget, kita juga mau sedikit berbagi kebahagiaan,  jangan lupa cek PROMO THR LEBARAN kita!

Dapatkan Samsung Galaxy Z Fold 7 dengan harga spesial dan bonus Galaxy Buds Core GRATIS! 🎁 Kapan lagi bisa upgrade gadget sambil dapet banyak keuntungan?

Bingung mau Upgrade HP tapi HP lama gak terpakai?
Jangan khawatir! Bawa saja ke Pura Pura Ponsel
Kami terima Tukar Tambah semua kondisi dan series!

✅ Series Terlama? Bisa!
✅ Android ke iPhone? Bisa Banget!
✅ KREDIT DP & BUNGA 0% (S&K Berlaku)
✅ BISA SPLIT PAYMENT
✅ BANYAK BENEFIT eksklusif lainnya!

Stop galau, saatnya ganti gadget baru tanpa ribet dan untung maksimal!
10 ribu ulasan bintang 5 di Google Maps!
Kunjungi Toko Kami Sekarang!

Toko Kroya: Jl. Kroya No. 3, Kesiman, Denpasar
Toko Munang Maning: Jl. Subur No. 4 Pemecutan Klod, Denpasar Barat
Jam Buka: Setiap Hari 09:00 - 22:00 WITA
Admin WA: 081237200400 (Klik Link di Bio!)
Tokopedia/Shopee/TikTok Shop: Pura Pura Ponsel

Kualitas Tidak Pernah Pura Pura - Solusi tukar tambah HP terbaik di Bali.",71,"04/13/2026 00:02",https://www.instagram.com/reel/DXEA5AojCbY/,"IG reel",,Lifetime,6240,4025,45,0,1,0,0
17860271430624024,17841414051683694,purapura.ponsel,"Pura Pura Ponsel","BENTUKAN BEGINI MINTA 500 JUTA?! 🤐, Gak butuh 500 juta buat dapet iPhone 16 Pro Max! Cuma 19 jutaan aja di Pura Pura Ponsel. 📱✨

Spek dewa, harga miring:
📍 iPhone 16 Pro Max 256GB New
📍 Bonus Adaptor Original Apple
📍 Desain Titanium yang mewah
Yuk langsung ke store sekarang aja, agar tidak kehabisan handphone 16 pro maxnya💖

Bingung mau Upgrade HP tapi HP lama gak terpakai?
Jangan khawatir! Bawa saja ke Pura Pura Ponsel
Kami terima Tukar Tambah semua kondisi dan series!

✅ Series Terlama? Bisa!
✅ Android ke iPhone? Bisa Banget!
✅ KREDIT DP & BUNGA 0% (S&K Berlaku)
✅ BISA SPLIT PAYMENT
✅ BANYAK BENEFIT eksklusif lainnya!

Stop galau, saatnya ganti gadget baru tanpa ribet dan untung maksimal!
10 ribu ulasan bintang 5 di Google Maps!
Kunjungi Toko Kami Sekarang!

Toko Kroya: Jl. Kroya No. 3, Kesiman, Denpasar
Toko Munang Maning: Jl. Subur No. 4 Pemecutan Klod, Denpasar Barat
Jam Buka: Setiap Hari 09:00 - 22:00 WITA
Admin WA: 081237200400 (Klik Link di Bio!)
Tokopedia/Shopee/TikTok Shop: Pura Pura Ponsel

Kualitas Tidak Pernah Pura Pura - Solusi tukar tambah HP terbaik di Bali.",30,"04/12/2026 21:01",https://www.instagram.com/reel/DXDsMcij6Gn/,"IG reel",,Lifetime,14429,8372,73,1,0,2,1
17903369472242923,17841414051683694,purapura.ponsel,"Pura Pura Ponsel","Bosan nungguin dia yang akhirnya prank? Mending main game di iPhone 17 Pro Max aja! Layarnya gede, speknya gahar, dijamin gak bakal ngerasa 'kacang' lagi deh.  Yuk buruan ke Pura Pura Ponsel, sebelum stoknya habis!"" 😜

Bingung mau Upgrade HP tapi HP lama gak terpakai?
Jangan khawatir! Bawa saja ke Pura Pura Ponsel
Kami terima Tukar Tambah semua kondisi dan series!

✅ Series Terlama? Bisa!
✅ Android ke iPhone? Bisa Banget!
✅ KREDIT DP & BUNGA 0% (S&K Berlaku)
✅ BISA SPLIT PAYMENT
✅ BANYAK BENEFIT eksklusif lainnya!

Stop galau, saatnya ganti gadget baru tanpa ribet dan untung maksimal!
10 ribu ulasan bintang 5 di Google Maps!
Kunjungi Toko Kami Sekarang!

Toko Kroya: Jl. Kroya No. 3, Kesiman, Denpasar
Toko Munang Maning: Jl. Subur No. 4 Pemecutan Klod, Denpasar Barat
Jam Buka: Setiap Hari 09:00 - 22:00 WITA
Admin WA: 081237200400 (Klik Link di Bio!)
Tokopedia/Shopee/TikTok Shop: Pura Pura Ponsel

Kualitas Tidak Pernah Pura Pura - Solusi tukar tambah HP terbaik di Bali.",13,"04/12/2026 18:01",https://www.instagram.com/reel/DXDXq9gAQeX/,"IG reel",,Lifetime,19401,9114,77,6,1,2,0
18090153155463700,17841414051683694,purapura.ponsel,"Pura Pura Ponsel","Katanya sih duit bukan segalanya, tapi kalau HP-nya baterainya boros + kamera burik, ya tetep aja ditinggal pas lagi sayang-sayangnya🥲

Mending 'investasi' ke OPPO A6s. Tahan air, tahan banting, baterainya super besar (7600 mAh!), sekuat mental kamu nungguin chat dia yang nggak dibales-bales.
Dapet hadiah gratis lagi! Langsung mampir ke Pura Pura Ponsel ya! ✨

Bingung mau Upgrade HP tapi HP lama gak terpakai?
Jangan khawatir! Bawa saja ke Pura Pura Ponsel
Kami terima Tukar Tambah semua kondisi dan series!

✅ Series Terlama? Bisa!
✅ Android ke iPhone? Bisa Banget!
✅ KREDIT DP & BUNGA 0% (S&K Berlaku)
✅ BISA SPLIT PAYMENT
✅ BANYAK BENEFIT eksklusif lainnya!

Stop galau, saatnya ganti gadget baru tanpa ribet dan untung maksimal!
10 ribu ulasan bintang 5 di Google Maps!
Kunjungi Toko Kami Sekarang!

Toko Kroya: Jl. Kroya No. 3, Kesiman, Denpasar
Toko Munang Maning: Jl. Subur No. 4 Pemecutan Klod, Denpasar Barat
Jam Buka: Setiap Hari 09:00 - 22:00 WITA
Admin WA: 081237200400 (Klik Link di Bio!)
Tokopedia/Shopee/TikTok Shop: Pura Pura Ponsel

Kualitas Tidak Pernah Pura Pura - Solusi tukar tambah HP terbaik di Bali.",14,"04/12/2026 03:01",https://www.instagram.com/reel/DXBwrP2k1DX/,"IG reel",,Lifetime,6152,3827,37,0,0,0,2
18117223627656295,17841414051683694,purapura.ponsel,"Pura Pura Ponsel","Cari 7 kucing itu sulit, tapi dapat HP baru itu MUDAH! 📱🔥

Cukup 4 Jutaan sudah bisa bawa pulang Oppo A6s terbaru PLUS hadiah langsung TWS Enco Buds3 Pro. Spesifikasi gahar, baterai awet🌟
Yuk, mampir ke Pura Pura Ponsel hari ini! Stok tidak banyak, siapa cepat dia dapat. 💸

Bingung mau Upgrade HP tapi HP lama gak terpakai?
Jangan khawatir! Bawa saja ke Pura Pura Ponsel
Kami terima Tukar Tambah semua kondisi dan series!

✅ Series Terlama? Bisa!
✅ Android ke iPhone? Bisa Banget!
✅ KREDIT DP & BUNGA 0% (S&K Berlaku)
✅ BISA SPLIT PAYMENT
✅ BANYAK BENEFIT eksklusif lainnya!

Stop galau, saatnya ganti gadget baru tanpa ribet dan untung maksimal!
10 ribu ulasan bintang 5 di Google Maps!
Kunjungi Toko Kami Sekarang!

Toko Kroya: Jl. Kroya No. 3, Kesiman, Denpasar
Toko Munang Maning: Jl. Subur No. 4 Pemecutan Klod, Denpasar Barat
Jam Buka: Setiap Hari 09:00 - 22:00 WITA
Admin WA: 081237200400 (Klik Link di Bio!)
Tokopedia/Shopee/TikTok Shop: Pura Pura Ponsel

Kualitas Tidak Pernah Pura Pura - Solusi tukar tambah HP terbaik di Bali.",10,"04/11/2026 18:01",https://www.instagram.com/reel/DXAy2uMFGXC/,"IG reel",,Lifetime,13184,6830,45,0,0,2,1
17935671450207105,17841414051683694,purapura.ponsel,"Pura Pura Ponsel","Isi pikiran boleh berisik, tapi gadget harus tetap asik! 📱✨ 

Daripada pusing mikirin doi yang nggak jelas, mending fokus ke promo Samsung Galaxy Z Fold 7 yang udah jelas-jelas bikin untung.

Kapan lagi dapet promo THR Lebaran plus Galaxy Buds Core FREE? Buruan serbu ke Pura Pura Ponsel🤩

Bingung mau Upgrade HP tapi HP lama gak terpakai?
Jangan khawatir! Bawa saja ke Pura Pura Ponsel
Kami terima Tukar Tambah semua kondisi dan series!

✅ Series Terlama? Bisa!
✅ Android ke iPhone? Bisa Banget!
✅ KREDIT DP & BUNGA 0% (S&K Berlaku)
✅ BISA SPLIT PAYMENT
✅ BANYAK BENEFIT eksklusif lainnya!

Stop galau, saatnya ganti gadget baru tanpa ribet dan untung maksimal!
10 ribu ulasan bintang 5 di Google Maps!
Kunjungi Toko Kami Sekarang!

Toko Kroya: Jl. Kroya No. 3, Kesiman, Denpasar
Toko Munang Maning: Jl. Subur No. 4 Pemecutan Klod, Denpasar Barat
Jam Buka: Setiap Hari 09:00 - 22:00 WITA
Admin WA: 081237200400 (Klik Link di Bio!)
Tokopedia/Shopee/TikTok Shop: Pura Pura Ponsel

Kualitas Tidak Pernah Pura Pura - Solusi tukar tambah HP terbaik di Bali.",19,"04/11/2026 03:01",https://www.instagram.com/reel/DW_L33ZEdDb/,"IG reel",,Lifetime,105885,57323,766,92,1,4,90
18061961759397699,17841414051683694,purapura.ponsel,"Pura Pura Ponsel","Cinta boleh bertepuk sebelah tangan, tapi promo THR Lebaran jangan sampai kelewatan! 🚫💔

Mending dapetin Samsung Galaxy Z Fold 7 dengan harga super hemat di Pura Pura Ponsel. 🎧 Bonus: Galaxy Buds Core FREE!

Siapa cepat, dia dapat! Jangan sampai kamu nyesel dua kali kayak mas yang di video ya. 😜

Bingung mau Upgrade HP tapi HP lama gak terpakai?
Jangan khawatir! Bawa saja ke Pura Pura Ponsel
Kami terima Tukar Tambah semua kondisi dan series!

✅ Series Terlama? Bisa!
✅ Android ke iPhone? Bisa Banget!
✅ KREDIT DP & BUNGA 0% (S&K Berlaku)
✅ BISA SPLIT PAYMENT
✅ BANYAK BENEFIT eksklusif lainnya!

Stop galau, saatnya ganti gadget baru tanpa ribet dan untung maksimal!
10 ribu ulasan bintang 5 di Google Maps!
Kunjungi Toko Kami Sekarang!

Toko Kroya: Jl. Kroya No. 3, Kesiman, Denpasar
Toko Munang Maning: Jl. Subur No. 4 Pemecutan Klod, Denpasar Barat
Jam Buka: Setiap Hari 09:00 - 22:00 WITA
Admin WA: 081237200400 (Klik Link di Bio!)
Tokopedia/Shopee/TikTok Shop: Pura Pura Ponsel",34,"04/11/2026 00:01",https://www.instagram.com/reel/DW-3QtND7TY/,"IG reel",,Lifetime,8611,5415,33,0,0,2,0
18110409727840641,17841414051683694,purapura.ponsel,"Pura Pura Ponsel","Angka di video emang bikin pusing, tapi promo ini mah bikin happy! 😍

Lagi ada PROMO gila-gilaan:
✅ Oppo A6s: Spek gahar, tahan air, baterai awet.
✅ Harga Promo: Rp 4.899.000
✅ BONUS: Oppo Enco Buds3 Pro (FREE!)

Stok terbatas banget! Daripada nyesel karena kehabisan, mending langsung amankan unit kamu sekarang di Pura Pura Ponsel. 🏃💨

Bingung mau Upgrade HP tapi HP lama gak terpakai?
Jangan khawatir! Bawa saja ke Pura Pura Ponsel
Kami terima Tukar Tambah semua kondisi dan series!

✅ Series Terlama? Bisa!
✅ Android ke iPhone? Bisa Banget!
✅ KREDIT DP & BUNGA 0% (S&K Berlaku)
✅ BISA SPLIT PAYMENT
✅ BANYAK BENEFIT eksklusif lainnya!

Stop galau, saatnya ganti gadget baru tanpa ribet dan untung maksimal!
10 ribu ulasan bintang 5 di Google Maps!
Kunjungi Toko Kami Sekarang!

Toko Kroya: Jl. Kroya No. 3, Kesiman, Denpasar
Toko Munang Maning: Jl. Subur No. 4 Pemecutan Klod, Denpasar Barat
Jam Buka: Setiap Hari 09:00 - 22:00 WITA
Admin WA: 081237200400 (Klik Link di Bio!)
Tokopedia/Shopee/TikTok Shop: Pura Pura Ponsel

Kualitas Tidak Pernah Pura Pura - Solusi tukar tambah HP terbaik di Bali.",12,"04/10/2026 18:02",https://www.instagram.com/reel/DW-OKjWgfZx/,"IG reel",,Lifetime,49517,22343,172,8,0,139,5
18549575086064475,17841414051683694,purapura.ponsel,"Pura Pura Ponsel","Dibalik video yang keren, ada tim yang... 

ya gitu deh! 😂 Yuk, upgrade gadget kamu di Pura Pura Ponsel biar konten makin maksimal👍🏻

Dapatkan FREE samsung buds core setiap pembelian samsung galaxy z fold 7, cuma di pura pura ponsel, PROMO DAN STOCK TERBATAS ‼️ buruan ke store sekarang 🥰

Bingung mau Upgrade HP tapi HP lama gak terpakai?
Jangan khawatir! Bawa saja ke Pura Pura Ponsel
Kami terima Tukar Tambah semua kondisi dan series!

✅ Series Terlama? Bisa!
✅ Android ke iPhone? Bisa Banget!
✅ KREDIT DP & BUNGA 0% (S&K Berlaku)
✅ BISA SPLIT PAYMENT
✅ BANYAK BENEFIT eksklusif lainnya!

Stop galau, saatnya ganti gadget baru tanpa ribet dan untung maksimal!
10 ribu ulasan bintang 5 di Google Maps!
Kunjungi Toko Kami Sekarang!

Toko Kroya: Jl. Kroya No. 3, Kesiman, Denpasar
Toko Munang Maning: Jl. Subur No. 4 Pemecutan Klod, Denpasar Barat
Jam Buka: Setiap Hari 09:00 - 22:00 WITA
Admin WA: 081237200400 (Klik Link di Bio!)
Tokopedia/Shopee/TikTok Shop: Pura Pura Ponsel

Kualitas Tidak Pernah Pura Pura - Solusi tukar tambah HP terbaik di Bali.",20,"04/10/2026 03:02",https://www.instagram.com/reel/DW8nJgGj1Fb/,"IG reel",,Lifetime,108501,52966,721,294,8,18,98
18072533273559724,17841414051683694,purapura.ponsel,"Pura Pura Ponsel","STOP! Jangan tunda beli Android kalau nggak mau nyesel! ⚠️

Tren AI lagi meledak, penggunaan perak di chip generasi baru bikin biaya produksi HP ikutan naik. Artinya? Harga Android bakal makin mahal di mana-mana!

Mumpung di Pura Pura Ponsel stoknya masih lengkap dan harga masih START 1 JUTAAN, yuk amankan Android impian kamu sekarang juga.
Langsung mampir ke Pura Pura Ponsel sebelum kehabisan!

Bingung mau Upgrade HP tapi HP lama gak terpakai?
Jangan khawatir! Bawa saja ke Pura Pura Ponsel
Kami terima Tukar Tambah semua kondisi dan series!

✅ Series Terlama? Bisa!
✅ Android ke iPhone? Bisa Banget!
✅ KREDIT DP & BUNGA 0% (S&K Berlaku)
✅ BISA SPLIT PAYMENT
✅ BANYAK BENEFIT eksklusif lainnya!

Stop galau, saatnya ganti gadget baru tanpa ribet dan untung maksimal!
10 ribu ulasan bintang 5 di Google Maps!
Kunjungi Toko Kami Sekarang!

Toko Kroya: Jl. Kroya No. 3, Kesiman, Denpasar
Toko Munang Maning: Jl. Subur No. 4 Pemecutan Klod, Denpasar Barat
Jam Buka: Setiap Hari 09:00 - 22:00 WITA
Admin WA: 081237200400 (Klik Link di Bio!)
Tokopedia/Shopee/TikTok Shop: Pura Pura Ponsel

Kualitas Tidak Pernah Pura Pura - Solusi tukar tambah HP terbaik di Bali.",71,"04/09/2026 18:01",https://www.instagram.com/reel/DW7pQsFDEXQ/,"IG reel",,Lifetime,5004,3355,27,8,0,4,0
17937840105034594,17841414051683694,purapura.ponsel,"Pura Pura Ponsel","Udah ketemu jawabannya?
Sambil mikir, mending cek promo bulan ini di Pura Pura Ponsel!
Kapan lagi iPhone 16 Pro Max + Adaptor harganya dipangkas!
❌ Harga Normal: ~~Rp 19.999.000~~
✅ Harga Promo: Rp 19.699.000
Hemat 300rb lumayan banget buat beli case baru🤩  STOK TERBATAS ‼️ , buruan ke store sekarang💖

Bingung mau Upgrade HP tapi HP lama gak terpakai?
Jangan khawatir! Bawa saja ke Pura Pura Ponsel
Kami terima Tukar Tambah semua kondisi dan series!

✅ Series Terlama? Bisa!
✅ Android ke iPhone? Bisa Banget!
✅ KREDIT DP & BUNGA 0% (S&K Berlaku)
✅ BISA SPLIT PAYMENT
✅ BANYAK BENEFIT eksklusif lainnya!

Stop galau, saatnya ganti gadget baru tanpa ribet dan untung maksimal!
10 ribu ulasan bintang 5 di Google Maps!
Kunjungi Toko Kami Sekarang!

Toko Kroya: Jl. Kroya No. 3, Kesiman, Denpasar
Toko Munang Maning: Jl. Subur No. 4 Pemecutan Klod, Denpasar Barat
Jam Buka: Setiap Hari 09:00 - 22:00 WITA
Admin WA: 081237200400 (Klik Link di Bio!)
Tokopedia/Shopee/TikTok Shop: Pura Pura Ponsel

Kualitas Tidak Pernah Pura Pura - Solusi tukar tambah HP terbaik di Bali.",12,"04/09/2026 03:01",https://www.instagram.com/reel/DW6CSawCFie/,"IG reel",,Lifetime,6405,3880,42,4,0,24,0
17971071354013153,17841403237713917,telagabagus,"TELAGA BAGUS","kalah saing dari segala arah🥹

Biar gak kalah saing perbaiki penampilan
Busana adat terlengkap beli di @telagabagus dan upgrade gadget kalian, gadget paling lengkap dan terjangkau beli di @purapura.ponsel 

By : @arthadashing_ 

#telagabagus #busanabali #arthadashing #purapuraponsel",102,"04/09/2026 02:10",https://www.instagram.com/reel/DW58PBtij2R/,"IG reel",,Lifetime,83257,56384,1423,24,9,21,0
18096189227043516,17841414051683694,purapura.ponsel,"Pura Pura Ponsel","DEFINISI KENYANG SEBELUM MAKAN😭

Daripada lihat yang bikin mual, mending lihat stok iPhone kita yang bening-bening. Mumpung lagi ada kuota khusus buat 3 ORANG TERCEPAT hari ini! PROMO DAN STOK TERBATAS ‼️
Buruan ke store sekarang🫶🏻

Bingung mau Upgrade HP tapi HP lama gak terpakai?
Jangan khawatir! Bawa saja ke Pura Pura Ponsel
Kami terima Tukar Tambah semua kondisi dan series!

✅ Series Terlama? Bisa!
✅ Android ke iPhone? Bisa Banget!
✅ KREDIT DP & BUNGA 0% (S&K Berlaku)
✅ BISA SPLIT PAYMENT
✅ BANYAK BENEFIT eksklusif lainnya!

Stop galau, saatnya ganti gadget baru tanpa ribet dan untung maksimal!
10 ribu ulasan bintang 5 di Google Maps!
Kunjungi Toko Kami Sekarang!

Toko Kroya: Jl. Kroya No. 3, Kesiman, Denpasar
Toko Munang Maning: Jl. Subur No. 4 Pemecutan Klod, Denpasar Barat
Jam Buka: Setiap Hari 09:00 - 22:00 WITA
Admin WA: 081237200400 (Klik Link di Bio!)
Tokopedia/Shopee/TikTok Shop: Pura Pura Ponsel

Kualitas Tidak Pernah Pura Pura - Solusi tukar tambah HP terbaik di Bali.",19,"04/08/2026 18:00",https://www.instagram.com/reel/DW5EaaSiTmn/,"IG reel",,Lifetime,52914,28244,336,1165,0,41,29
18113531548743291,17841414051683694,purapura.ponsel,"Pura Pura Ponsel","Sayang, apa sih yang enggak buat kamu? Jangankan jual biji... biji salak juga aku jualin demi beliin kamu iPhone 16 Pro Max di Pura Pura Ponsel! 😭😂

Mumpung lagi ada promo gila cuma 19.499K buat 3 orang tercepat setiap harinya! Yuk buruan chat admin sebelum stok (dan kesabaran aku) habis! 🏃‍♂️💨

Bingung mau Upgrade HP tapi HP lama gak terpakai?
Jangan khawatir! Bawa saja ke Pura Pura Ponsel
Kami terima Tukar Tambah semua kondisi dan series!

✅ Series Terlama? Bisa!
✅ Android ke iPhone? Bisa Banget!
✅ KREDIT DP & BUNGA 0% (S&K Berlaku)
✅ BISA SPLIT PAYMENT
✅ BANYAK BENEFIT eksklusif lainnya!

Stop galau, saatnya ganti gadget baru tanpa ribet dan untung maksimal!
10 ribu ulasan bintang 5 di Google Maps!
Kunjungi Toko Kami Sekarang!

Toko Kroya: Jl. Kroya No. 3, Kesiman, Denpasar
Toko Munang Maning: Jl. Subur No. 4 Pemecutan Klod, Denpasar Barat
Jam Buka: Setiap Hari 09:00 - 22:00 WITA
Admin WA: 081237200400 (Klik Link di Bio!)
Tokopedia/Shopee/TikTok Shop: Pura Pura Ponsel

Kualitas Tidak Pernah Pura Pura - Solusi tukar tambah HP terbaik di Bali.",12,"04/08/2026 03:01",https://www.instagram.com/reel/DW3dg5RgX7T/,"IG reel",,Lifetime,23176,11573,105,6,0,12,3
18383682190093594,17841414051683694,purapura.ponsel,"Pura Pura Ponsel","15 juta cuma buat nongkrong? Itu mau nongkrong apa mau bayar DP kontrakan se-kecamatan? 😂 Mending mampir ke Pura Pura Ponsel buat cek promo iPhone-nya! 🏃‍♂️💨

Bingung mau Upgrade HP tapi HP lama gak terpakai?
Jangan khawatir! Bawa saja ke Pura Pura Ponsel
Kami terima Tukar Tambah semua kondisi dan series!

✅ Series Terlama? Bisa!
✅ Android ke iPhone? Bisa Banget!
✅ KREDIT DP & BUNGA 0% (S&K Berlaku)
✅ BISA SPLIT PAYMENT
✅ BANYAK BENEFIT eksklusif lainnya!

Stop galau, saatnya ganti gadget baru tanpa ribet dan untung maksimal!
10 ribu ulasan bintang 5 di Google Maps!
Kunjungi Toko Kami Sekarang!

Toko Kroya: Jl. Kroya No. 3, Kesiman, Denpasar
Toko Munang Maning: Jl. Subur No. 4 Pemecutan Klod, Denpasar Barat
Jam Buka: Setiap Hari 09:00 - 22:00 WITA
Admin WA: 081237200400 (Klik Link di Bio!)
Tokopedia/Shopee/TikTok Shop: Pura Pura Ponsel

Kualitas Tidak Pernah Pura Pura - Solusi tukar tambah HP terbaik di Bali.",24,"04/07/2026 21:01",https://www.instagram.com/reel/DW20RbXAbGA/,"IG reel",,Lifetime,12814,7972,88,7,0,16,3
18574902643062083,17841454723932412,bangnendi15,"PRINCE NENDI SPEED ⚡️","izin kalau udah pacaran ngapain? 🫣",52,"04/07/2026 03:54",https://www.instagram.com/reel/DW0-OOLCaGo/,"IG reel",,Lifetime,43337,24107,597,22,4,7,0
17874905886573375,17841414051683694,purapura.ponsel,"Pura Pura Ponsel","NIATNYA MAU GOMBAL, MALAH KENA SEMPROT! 😭💔

Pentingnya milih guru les yang bener! 😭 Pelajaran pertama: Jangan langsung percaya kalau diajarin bahasa 'gaul' yang ternyata bahasa kasar. Kasihan si abang, niatnya mau gombal malah kena semprot! Tag temen kalian yang suka ngerjain temennya pakai bahasa daerah!😭

Bingung mau Upgrade HP tapi HP lama gak terpakai?
Jangan khawatir! Bawa saja ke Pura Pura Ponsel
Kami terima Tukar Tambah semua kondisi dan series!

✅ Series Terlama? Bisa!
✅ Android ke iPhone? Bisa Banget!
✅ KREDIT DP & BUNGA 0% (S&K Berlaku)
✅ BISA SPLIT PAYMENT
✅ BANYAK BENEFIT eksklusif lainnya!

Stop galau, saatnya ganti gadget baru tanpa ribet dan untung maksimal!
10 ribu ulasan bintang 5 di Google Maps!
Kunjungi Toko Kami Sekarang!

Toko Kroya: Jl. Kroya No. 3, Kesiman, Denpasar
Toko Munang Maning: Jl. Subur No. 4 Pemecutan Klod, Denpasar Barat
Jam Buka: Setiap Hari 09:00 - 22:00 WITA
Admin WA: 081237200400 (Klik Link di Bio!)
Tokopedia/Shopee/TikTok Shop: Pura Pura Ponsel

Kualitas Tidak Pernah Pura Pura - Solusi tukar tambah HP terbaik di Bali.",146,"04/07/2026 03:02",https://www.instagram.com/reel/DW0xXhDEwtz/,"IG reel",,Lifetime,54029,33456,906,42,1,23,31
18099497986812889,17841454723932412,bangnendi15,"PRINCE NENDI SPEED ⚡️","di bawa kemana nih 🫣",55,"04/07/2026 00:46",https://www.instagram.com/reel/DW0hHMvCaaY/,"IG reel",,Lifetime,65544,37884,1073,12,17,26,0
18216411880317898,17841414051683694,purapura.ponsel,"Pura Pura Ponsel","Udah siap COD, udah nunggu, eh malah gagal 😭 Tapi masa HP baru juga ikut gagal? 😏📱

Sekarang Vivo start dari 1 jutaan aja di Pura Pura Ponsel🥰Daripada HP lama ngelag bikin emosi, mending upgrade sekarang aja 🔥

Bingung mau Upgrade HP tapi HP lama gak terpakai?
Jangan khawatir! Bawa saja ke Pura Pura Ponsel
Kami terima Tukar Tambah semua kondisi dan series!

✅ Series Terlama? Bisa!
✅ Android ke iPhone? Bisa Banget!
✅ KREDIT DP & BUNGA 0% (S&K Berlaku)
✅ BISA SPLIT PAYMENT
✅ BANYAK BENEFIT eksklusif lainnya!

Stop galau, saatnya ganti gadget baru tanpa ribet dan untung maksimal!
10 ribu ulasan bintang 5 di Google Maps!
Kunjungi Toko Kami Sekarang!

Toko Kroya: Jl. Kroya No. 3, Kesiman, Denpasar
Toko Munang Maning: Jl. Subur No. 4 Pemecutan Klod, Denpasar Barat
Jam Buka: Setiap Hari 09:00 - 22:00 WITA
Admin WA: 081237200400 (Klik Link di Bio!)
Tokopedia/Shopee/TikTok Shop: Pura Pura Ponsel

Kualitas Tidak Pernah Pura Pura - Solusi tukar tambah HP terbaik di Bali.",49,"04/07/2026 00:02",https://www.instagram.com/reel/DW0kIOHiK9y/,"IG reel",,Lifetime,5704,3648,24,0,1,0,0
18084926945603617,17841454723932412,bangnendi15,"PRINCE NENDI SPEED ⚡️","day 2 cari pacar di bali #part1 #izin",74,"04/06/2026 23:26",https://www.instagram.com/reel/DW0fpVZiTWJ/,"IG reel",,Lifetime,78983,47118,1934,44,36,30,0
17891156637328076,17841414051683694,purapura.ponsel,"Pura Pura Ponsel","Kena mental nggak tuh? 😂 Dikira butuh bantuan, ternyata isinya modal masa depan🔥 

Daripada penasaran sama dusnya, mending langsung kepoin iPhone 16 Series di Pura Pura Ponsel! Stok terbatas, harga bersahabat, plot twist-nya nyata! DM minpur sekarang👍🏻

Bingung mau Upgrade HP tapi HP lama gak terpakai?
Jangan khawatir! Bawa saja ke Pura Pura Ponsel
Kami terima Tukar Tambah semua kondisi dan series!

✅ Series Terlama? Bisa!
✅ Android ke iPhone? Bisa Banget!
✅ KREDIT DP & BUNGA 0% (S&K Berlaku)
✅ BISA SPLIT PAYMENT
✅ BANYAK BENEFIT eksklusif lainnya!

Stop galau, saatnya ganti gadget baru tanpa ribet dan untung maksimal!
10 ribu ulasan bintang 5 di Google Maps!
Kunjungi Toko Kami Sekarang!

Toko Kroya: Jl. Kroya No. 3, Kesiman, Denpasar
Toko Munang Maning: Jl. Subur No. 4 Pemecutan Klod, Denpasar Barat
Jam Buka: Setiap Hari 09:00 - 22:00 WITA
Admin WA: 081237200400 (Klik Link di Bio!)
Tokopedia/Shopee/TikTok Shop: Pura Pura Ponsel

Kualitas Tidak Pernah Pura Pura - Solusi tukar tambah HP terbaik di Bali.",34,"04/06/2026 03:01",https://www.instagram.com/reel/DWyT6i2jaA_/,"IG reel",,Lifetime,7433,4806,34,0,0,0,0
18388192738087210,17841414051683694,purapura.ponsel,"Pura Pura Ponsel","Bucin boleh, tapi kalau dibandingin sama Ibu ya jelas kalah telak! 😭 Daripada pusing dengerin jawaban doi, mending manjain diri sendiri pakai iPhone 17 Pro Max 1TB.

Beli di Pura Pura Ponsel dapet:
✅ Free asuransi up to 2 tahun
✅ Harga termurah dibanding toko lain
✅ Bisa kredit & tukar tambah!

Mending punya HP baru daripada sakit hati terus, kan? 😎✨

Bingung mau Upgrade HP tapi HP lama gak terpakai?
Jangan khawatir! Bawa saja ke Pura Pura Ponsel
Kami terima Tukar Tambah semua kondisi dan series!

✅ Series Terlama? Bisa!
✅ Android ke iPhone? Bisa Banget!
✅ KREDIT DP & BUNGA 0% (S&K Berlaku)
✅ BISA SPLIT PAYMENT
✅ BANYAK BENEFIT eksklusif lainnya!

Stop galau, saatnya ganti gadget baru tanpa ribet dan untung maksimal!
10 ribu ulasan bintang 5 di Google Maps!
Kunjungi Toko Kami Sekarang!

Toko Kroya: Jl. Kroya No. 3, Kesiman, Denpasar
Toko Munang Maning: Jl. Subur No. 4 Pemecutan Klod, Denpasar Barat
Jam Buka: Setiap Hari 09:00 - 22:00 WITA
Admin WA: 081237200400 (Klik Link di Bio!)
Tokopedia/Shopee/TikTok Shop: Pura Pura Ponsel

Kualitas Tidak Pernah Pura Pura - Solusi tukar tambah HP terbaik di Bali.",36,"04/05/2026 22:01",https://www.instagram.com/reel/DWxxjLQlNb4/,"IG reel",,Lifetime,4638,2784,24,0,0,2,0
17967781311042853,17841414051683694,purapura.ponsel,"Pura Pura Ponsel","SIAPA CEPAT, DIA DAPAT! 📢

INGAT! Harga spesial ini cuma buat 3 ORANG TERCEPAT per item. Tunggu apalagi? Buruan serbu ke store Pura Pura Ponsel sekarang sebelum kehabisan! 🏃💨

Bingung mau Upgrade HP tapi HP lama gak terpakai?
Jangan khawatir! Bawa saja ke Pura Pura Ponsel
Kami terima Tukar Tambah semua kondisi dan series!

✅ Series Terlama? Bisa!
✅ Android ke iPhone? Bisa Banget!
✅ KREDIT DP & BUNGA 0% (S&K Berlaku)
✅ BISA SPLIT PAYMENT
✅ BANYAK BENEFIT eksklusif lainnya!

Stop galau, saatnya ganti gadget baru tanpa ribet dan untung maksimal!
10 ribu ulasan bintang 5 di Google Maps!
Kunjungi Toko Kami Sekarang!

Toko Kroya: Jl. Kroya No. 3, Kesiman, Denpasar
Toko Munang Maning: Jl. Subur No. 4 Pemecutan Klod, Denpasar Barat
Jam Buka: Setiap Hari 09:00 - 22:00 WITA
Admin WA: 081237200400 (Klik Link di Bio!)
Tokopedia/Shopee/TikTok Shop: Pura Pura Ponsel

Kualitas Tidak Pernah Pura Pura - Solusi tukar tambah HP terbaik di Bali.",75,"04/05/2026 03:01",https://www.instagram.com/reel/DWvvG-WD9Rb/,"IG reel",,Lifetime,124081,477968,88,3,13,8,3
17859646863677753,17841401356087722,ogohogohdenpasar,"Ogoh Ogoh Denpasar, Bali","GLOW IN THE DARK😍😍😍
OGOH-OGOH BANJAR ABIANNANGKA KELOD, KESIMAN PETILAN - DENPASAR TIMUR TAHUN 2026
@st.tunjungmekarr 
“Kamandalu”

#ogohogoh #ogohogohbali #ogohogoh2026 #caka1948 #ogohogohdenpasar",39,"04/05/2026 02:25",https://www.instagram.com/reel/DWvqwygj2wB/,"IG reel",,Lifetime,42554,26815,1161,15,1,3,0
18405804274176178,17841414051683694,purapura.ponsel,"Pura Pura Ponsel","Liat yang bening emang bikin seger, tapi liat promo Oppo A6s di Pura Pura Ponsel ini jauh lebih bikin ngiler😂

Beli Oppo A6s dapet bonus Enco Buds3 Pro? Cuma ada di Pura Pura Ponsel! HP tangguh, baterai badak, dan pastinya bikin gaya kamu makin maksimal📱💪

🔥 Stok Terbatas!

Gas ke toko sekarang sebelum kehabisan🔥

Bingung mau Upgrade HP tapi HP lama gak terpakai?
Jangan khawatir! Bawa saja ke Pura Pura Ponsel
Kami terima Tukar Tambah semua kondisi dan series!

✅ Series Terlama? Bisa!
✅ Android ke iPhone? Bisa Banget!
✅ KREDIT DP & BUNGA 0% (S&K Berlaku)
✅ BISA SPLIT PAYMENT
✅ BANYAK BENEFIT eksklusif lainnya!

Stop galau, saatnya ganti gadget baru tanpa ribet dan untung maksimal!
10 ribu ulasan bintang 5 di Google Maps!
Kunjungi Toko Kami Sekarang!

Toko Kroya: Jl. Kroya No. 3, Kesiman, Denpasar
Toko Munang Maning: Jl. Subur No. 4 Pemecutan Klod, Denpasar Barat
Jam Buka: Setiap Hari 09:00 - 22:00 WITA
Admin WA: 081237200400 (Klik Link di Bio!)
Tokopedia/Shopee/TikTok Shop: Pura Pura Ponsel

Kualitas Tidak Pernah Pura Pura - Solusi tukar tambah HP terbaik di Bali.",32,"04/04/2026 18:01",https://www.instagram.com/reel/DWuxUi0gkCJ/,"IG reel",,Lifetime,59738,32243,383,144,0,1,49
18139573312508301,17841414051683694,purapura.ponsel,"Pura Pura Ponsel","Diputusin gara-gara Ajik nggak suka bau surya? 🚬

Tenang, meski hati hancur, HP baru harus tetap meluncur! Mending uangnya buat ambil promo di Pura Pura Ponsel. Dapet OPPO A6S plus FREE Enco Buds 3 Pro! Ajik pasti langsung luluh kalau dibawain ini😌

Bingung mau Upgrade HP tapi HP lama gak terpakai?
Jangan khawatir! Bawa saja ke Pura Pura Ponsel
Kami terima Tukar Tambah semua kondisi dan series!

✅ Series Terlama? Bisa!
✅ Android ke iPhone? Bisa Banget!
✅ KREDIT DP & BUNGA 0% (S&K Berlaku)
✅ BISA SPLIT PAYMENT
✅ BANYAK BENEFIT eksklusif lainnya!

Stop galau, saatnya ganti gadget baru tanpa ribet dan untung maksimal!
10 ribu ulasan bintang 5 di Google Maps!
Kunjungi Toko Kami Sekarang!

Toko Kroya: Jl. Kroya No. 3, Kesiman, Denpasar
Toko Munang Maning: Jl. Subur No. 4 Pemecutan Klod, Denpasar Barat
Jam Buka: Setiap Hari 09:00 - 22:00 WITA
Admin WA: 081237200400 (Klik Link di Bio!)
Tokopedia/Shopee/TikTok Shop: Pura Pura Ponsel

Kualitas Tidak Pernah Pura Pura - Solusi tukar tambah HP terbaik di Bali.",18,"04/04/2026 05:01",https://www.instagram.com/reel/DWtYDnLE68Z/,"IG reel",,Lifetime,6400,3968,27,0,0,0,0
17962779921069325,17841414051683694,purapura.ponsel,"Pura Pura Ponsel","Kelihatannya sih rasis, padahal aslinya bikin nangis🥹🤝

Siapa nih yang sering terbantu sama Warung Madura kalau lagi kehabisan bensin atau butuh sesuatu tengah malem? 🙋‍♂️ Di Bali atau di mana pun, kita semua bersaudara. Jangan mudah terprovokasi ya! 🤘🔥

Bingung mau Upgrade HP tapi HP lama gak terpakai?
Jangan khawatir! Bawa saja ke Pura Pura Ponsel
Kami terima Tukar Tambah semua kondisi dan series!

✅ Series Terlama? Bisa!
✅ Android ke iPhone? Bisa Banget!
✅ KREDIT DP & BUNGA 0% (S&K Berlaku)
✅ BISA SPLIT PAYMENT
✅ BANYAK BENEFIT eksklusif lainnya!

Stop galau, saatnya ganti gadget baru tanpa ribet dan untung maksimal!
10 ribu ulasan bintang 5 di Google Maps!
Kunjungi Toko Kami Sekarang!

Toko Kroya: Jl. Kroya No. 3, Kesiman, Denpasar
Toko Munang Maning: Jl. Subur No. 4 Pemecutan Klod, Denpasar Barat
Jam Buka: Setiap Hari 09:00 - 22:00 WITA
Admin WA: 081237200400 (Klik Link di Bio!)
Tokopedia/Shopee/TikTok Shop: Pura Pura Ponsel

Kualitas Tidak Pernah Pura Pura - Solusi tukar tambah HP terbaik di Bali.",84,"04/04/2026 03:01",https://www.instagram.com/reel/DWtKRYBDzlR/,"IG reel",,Lifetime,26308,17884,229,19,0,2,9
18117924883654410,17841414051683694,purapura.ponsel,"Pura Pura Ponsel","Khusus buat kamu pelanggan FIF & SPEKTRA, ada akses jalur VIP nih! Gak perlu capek antre di toko, gak perlu ribet nunggu survey.

1. Pilih barangnya.
2. Proses dari HP.
3. Duduk manis, barang diantar ke rumah!

Semudah itu? Iya, sesimpel itu! Cek limitmu sekarang dan bawa pulang barang incaranmu hari ini juga. 💳💨

Toko Kroya: Jl. Kroya No. 3, Kesiman, Denpasar
Toko Munang Maning: Jl. Subur No. 4 Pemecutan Klod, Denpasar Barat
Jam Buka: Setiap Hari 09:00 - 22:00 WITA
Admin WA: 081237200400 (Klik Link di Bio!)
Tokopedia/Shopee/TikTok Shop: Pura Pura Ponsel

Kualitas Tidak Pernah Pura Pura - Solusi tukar tambah HP terbaik di Bali.",58,"04/03/2026 03:02",https://www.instagram.com/reel/DWqln_IDKDQ/,"IG reel",,Lifetime,54454,36929,451,4,2,7,9
18115676482733310,17841414051683694,purapura.ponsel,"Pura Pura Ponsel","Lagi kena gempuran Furab? Tenang, penglihatan minpur tetep jernih kalau soal promo! 🤪💜

Gak usah rabun-rabun amat liat spek, mending liat promo THR di Pura Pura Ponsel. Udah dapet Samsung Galaxy Z Fold 7, dapet bonus Galaxy Buds Core pula. Siapa yang mau ikut lebaran pakai HP baru? Absen di komen! 👇

Bingung mau Upgrade HP tapi HP lama gak terpakai?
Jangan khawatir! Bawa saja ke Pura Pura Ponsel
Kami terima Tukar Tambah semua kondisi dan series!

✅ Series Terlama? Bisa!
✅ Android ke iPhone? Bisa Banget!
✅ KREDIT DP & BUNGA 0% (S&K Berlaku)
✅ BISA SPLIT PAYMENT
✅ BANYAK BENEFIT eksklusif lainnya!

Stop galau, saatnya ganti gadget baru tanpa ribet dan untung maksimal!
10 ribu ulasan bintang 5 di Google Maps!
Kunjungi Toko Kami Sekarang!

Toko Kroya: Jl. Kroya No. 3, Kesiman, Denpasar
Toko Munang Maning: Jl. Subur No. 4 Pemecutan Klod, Denpasar Barat
Jam Buka: Setiap Hari 09:00 - 22:00 WITA
Admin WA: 081237200400 (Klik Link di Bio!)
Tokopedia/Shopee/TikTok Shop: Pura Pura Ponsel

Kualitas Tidak Pernah Pura Pura - Solusi tukar tambah HP terbaik di Bali",19,"04/02/2026 03:02",https://www.instagram.com/reel/DWoA3pdDfAX/,"IG reel",,Lifetime,7201,4816,33,0,0,0,2
17890373922449765,17841414051683694,purapura.ponsel,"Pura Pura Ponsel","HANDPHONEMU KE BLOCKIR ? TUKAR TAMBAH AJA ‼️

Bestie mau ganti Handphone tapi kasihan Handphone lama tidak terpakai ? Tukar Tambah saja di Pura Pura Ponsel 🤩

Kenapa harus di Pura Pura Ponsel ? 
✅ Bisa Tukar Tambah dari series terlama sekalipun
✅ Bisa Tukar Tambah dari imei TERBLOCKIR
✅ Android ke iPhone ? bisa banget dong 🥰
✅ Tukar Tambah dan Kredit ? Bisa banget dong 🥰 dapatkan Promo Bunga dan DP 0%
✅ Bisa SPLIT PAYMENT
✅ After Sales ( yang pastinya fast response dan dibantu jika terjadi kendala )
✅ DAN MASIH BANYAK BENEFIT LAINNYA ‼️

Dan tentunya Handphone lama kalian akan diambil dengan harga tinggi 🤩
Jadi tunggu apalagi ? Yuk Segera datang ke toko yaa 🥰

Toko Kroya: Jl. Kroya No. 3, Kesiman, Denpasar
Toko Munang Maning: Jl. Subur No. 4 Pemecutan Klod, Denpasar Barat
Jam Buka: Setiap Hari 09:00 - 22:00 WITA
Admin WA: 081237200400 (Klik Link di Bio!)
Tokopedia/Shopee/TikTok Shop: Pura Pura Ponsel

Kualitas Tidak Pernah Pura Pura - Solusi tukar tambah HP terbaik di Bali.",59,"04/02/2026 03:02",https://www.instagram.com/reel/DWoA1U6D6aZ/,"IG reel",,Lifetime,21768,15384,164,9,3,0,2
18090794659900934,17841414051683694,purapura.ponsel,"Pura Pura Ponsel","MACET - MACETAN ATAU TIDAK BISA DISENTUH ?  SERVICE DISINI SAJA BESTIE 🤩

Punya keluhan atau kendala dengan handphone bestie ? bawa saja ke Pura Pura Ponsel yaa. Kami menyediakan layanan Service dengan Teknisi yang terpercaya dan kompeten! 🤩
Kenapa harus Service di Pura Pura Ponsel ? 
✅ Service bisa ditunggu
✅ Bisa lihat prosesnya atau dilakukan secara Face To Face
✅ Free tempared glass dan case 
✅ Dapatkan potongan up to 50%

Yuk konsultasikan keluhanmu sekarang 😊🚀

Toko Kroya: Jl. Kroya No. 3, Kesiman, Denpasar
Toko Munang Maning: Jl. Subur No. 4 Pemecutan Klod, Denpasar Barat
Jam Buka: Setiap Hari 09:00 - 22:00 WITA
Admin WA: 081237200400 (Klik Link di Bio!)
Tokopedia/Shopee/TikTok Shop: Pura Pura Ponsel

Kualitas Tidak Pernah Pura Pura - Solusi tukar tambah HP terbaik di Bali.",0,"04/01/2026 19:46",https://www.instagram.com/p/DWnPAzNjJx-/,"IG carousel",,Lifetime,27544,159511,66,9,4,0,11
17876270208557509,17841401870239980,depraz_,"Deka Pratama Satya Alam","iPhone Naik Dimana-Mana, CUMA DISINI TURUN HARGA!🔥

Promo April: Harga Saudara Kandung khusus buat 3 orang tercepat! 
Daftar Harga Gila-Gilaan:
iPhone 13: Cuma 7.2jt-an
iPhone 14: Cuma 7.9jt-an (Pasaran lagi naik!)
iPhone 15: Cuma 10.4jt-an (Store lain 13jt-an)
iPhone 16: Cuma 14.3jt-an (Store lain 15jt-an)
iPhone Air: Drop ke 15.9jt-an
iPhone 17: Cuma 16.4jt-an
iPhone 17 Pro: Cuma 22.4jt-an
iPhone 17 Pro Max: Turun ke 24.4jt-an
Bukan Cuma iPhone:
iPad 11: 5.9jt-an
MacBook M2: 12.9jt-an
Apple Watch SE Terbaru: 4.1jt-an

💳 Solusi Kredit (Spektra):
Tanpa ribet survey & gak perlu ke toko.
Bisa antar langsung ke rumah.
Khusus Pelanggan FIF: Langsung AUTO ACC!

🛒 Cara Order: Buat yang di luar Bali, langsung sikat via Shopee, Tokopedia, atau TikTok Shop Pura-Pura Ponsel.

Gasss! Amankan unitmu sebelum kehabisan stok promo ini. Info lengkap? Langsung follow & cek sosmed @purapura.ponsel ! 🔥",84,"04/01/2026 04:02",https://www.instagram.com/reel/DWlizDNEnEJ/,"IG reel",,Lifetime,28260,18788,250,10,1,10,0
18106526941895382,17841414051683694,purapura.ponsel,"Pura Pura Ponsel","SEMUA PROMO ‼️
PROMO UGAL-UGALAN IPHONE HINGGA MACBOOK AIR 😆

Upgrade yang gaakan buat kantong kalian jebol dan pastinya PROMO UGAL-UGALAN hanya ada di Pura Pura Ponsel 

Kenapa harus di Pura Pura Ponsel ? 
✅ Bergaransi resmi
✅ Kualitas barang sama
✅ Bisa kredit, dapatkan PROMO Bunga dan DP 0%
✅ Bisa TUKAR TAMBAH, bahkan dari series terlama sekalipun
✅ Bisa SPLIT PAYMENT
✅ Dibantu pemindahan data dari handphone lama ke handphone baru
✅ After Sales ( yang pastinya fast response dan dibantu jika terjadi kendala )
✅ DAN MASIH BENEFIT LAINNYA ‼️

Yuk DM atau langsung datang ke toko ya 😊🚀

Toko Kroya: Jl. Kroya No. 3, Kesiman, Denpasar
Toko Munang Maning: Jl. Subur No. 4 Pemecutan Klod, Denpasar Barat
Jam Buka: Setiap Hari 09:00 - 22:00 WITA
Admin WA: 081237200400 (Klik Link di Bio!)
Tokopedia/Shopee/TikTok Shop: Pura Pura Ponsel

Kualitas Tidak Pernah Pura Pura - Solusi tukar tambah HP terbaik di Bali.",59,"04/01/2026 03:02",https://www.instagram.com/reel/DWlcBd-kzzG/,"IG reel",,Lifetime,18298,12978,107,3,3,0,3
18138045442510975,17841414051683694,purapura.ponsel,"Pura Pura Ponsel","APPLE RESMI UMUMKAN RILIS IPHONE 18 APRIL INI

iPhone 18 Pro Max hadir dengan desain yang semakin elegan dan menawan😍. Penasaran sama fitur rahasianya? Pantau terus Pura Pura Ponsel di tanggal 31 April 2026😎

Tapi boong 🤪

Bingung mau Upgrade HP tapi HP lama gak terpakai?
Jangan khawatir! Bawa saja ke Pura Pura Ponsel
Kami terima Tukar Tambah semua kondisi dan series!

✅ Series Terlama? Bisa!
✅ Android ke iPhone? Bisa Banget!
✅ KREDIT DP & BUNGA 0% (S&K Berlaku)
✅ BISA SPLIT PAYMENT
✅ BANYAK BENEFIT eksklusif lainnya!

Stop galau, saatnya ganti gadget baru tanpa ribet dan untung maksimal!
10 ribu ulasan bintang 5 di Google Maps!
Kunjungi Toko Kami Sekarang!

Toko Kroya: Jl. Kroya No. 3, Kesiman, Denpasar
Toko Munang Maning: Jl. Subur No. 4 Pemecutan Klod, Denpasar Barat
Jam Buka: Setiap Hari 09:00 - 22:00 WITA
Admin WA: 081237200400 (Klik Link di Bio!)
Tokopedia/Shopee/TikTok Shop: Pura Pura Ponsel

Kualitas Tidak Pernah Pura Pura - Solusi tukar tambah HP terbaik di Bali",0,"03/31/2026 19:57",https://www.instagram.com/p/DWkrS6rk9E8/,"IG image",,Lifetime,107554,52944,756,324,16,39,56
18111724978750422,17841414051683694,purapura.ponsel,"Pura Pura Ponsel","MAU UPGRADE HANDPHONE TAPI GAMAU UANG BERKURANG ? BISA BANGET DONG 🤩

Khusus untuk bestie yang kaum mendang mending atau budget menipis. Tenang Minpur punya solusinya yaa 🥳
Bestie bisa KREDIT dengan berbagai pilihan finance :
✅ Indodana
✅ Home Credit
✅ Akulaku
✅ Kredivo
✅ Samsung Finance+
✅ Spaylater limit X-tra
✅ Spectra

Dapatkan PROMO BUNGA dan DP 0% hingga FREE 2 kali cicilan 🥳
Yuk langsung datang ke toko dengan bawa KTP dan Handphone saja ya bestie 🤩🚀

Toko Kroya: Jl. Kroya No. 3, Kesiman, Denpasar
Toko Munang Maning: Jl. Subur No. 4 Pemecutan Klod, Denpasar Barat
Jam Buka: Setiap Hari 09:00 - 22:00 WITA
Admin WA: 081237200400 (Klik Link di Bio!)
Tokopedia/Shopee/TikTok Shop: Pura Pura Ponsel

Kualitas Tidak Pernah Pura Pura - Solusi tukar tambah HP terbaik di Bali.",0,"03/31/2026 18:03",https://www.instagram.com/p/DWkeVzAEjtA/,"IG carousel",,Lifetime,109596,345744,85,1,33,0,17
18578312137035243,17841414051683694,purapura.ponsel,"Pura Pura Ponsel","APRIL PROMO IS COMING 😆‼️

Apple Lovers ? belum lengkap kalau belum koleksi Apple Product lainnya nih. Transfer data yang mudah, sinkronisasi antar perangkat, serta pengalaman pengguna yang konsisten disemua perangkat 🤩

Kenapa harus di Pura Pura Ponsel ? 
✅ Bergaransi resmi
✅ Kualitas barang sama
✅ Bisa kredit, dapatkan PROMO Bunga dan DP 0%
✅ Bisa SPLIT PAYMENT
✅ After Sales ( yang pastinya fast response dan dibantu jika terjadi kendala )
✅ DAN MASIH BENEFIT LAINNYA ‼️

Buat kalian yang nggak bisa datang ke toko bisa checkout di toko online Minpur yaa. Pengiriman cepat, tepat, dan aman sampai tujuan whoosh 💨

Toko Kroya: Jl. Kroya No. 3, Kesiman, Denpasar
Toko Munang Maning: Jl. Subur No. 4 Pemecutan Klod, Denpasar Barat
Jam Buka: Setiap Hari 09:00 - 22:00 WITA
Admin WA: 081237200400 (Klik Link di Bio!)
Tokopedia/Shopee/TikTok Shop: Pura Pura Ponsel

Kualitas Tidak Pernah Pura Pura - Solusi tukar tambah HP terbaik di Bali.",0,"03/31/2026 18:02",https://www.instagram.com/p/DWkeOm8kwQb/,"IG carousel",,Lifetime,45779,60029,121,21,3,14,18
18098800417821262,17841414051683694,purapura.ponsel,"Pura Pura Ponsel","ANDROID HARGA GROSIR😆‼️

Buat bestie yang lagi cari Android Brand New  ataupun Second 🥳 
Jangan bingung karena Pura Pura Ponsel hadir dengan berbagai series Android Brand New dan Second yang tentunya lengkap dan dengan HARGA RAMAH DIKANTONG 😆

Kenapa harus di Pura Pura Ponsel ? 
✅ Bergaransi resmi
✅ Kualitas barang sama
✅ Bisa kredit, dapatkan PROMO Bunga dan DP 0%
✅ Bisa TUKAR TAMBAH, bahkan dari series terlama sekalipun
✅ Bisa SPLIT PAYMENT
✅ After Sales ( yang pastinya fast response dan dibantu jika terjadi kendala )
✅ DAN MASIH BENEFIT LAINNYA ‼️

Dan tentunya BERKESEMPATAN LUCKY DRAW di setiap pembelian Android Brand New yang hadiahnya berupa VOUCHER BELANJA JUTAAN rupiah hingga HANDPHONE 🤩

Buat kalian yang nggak bisa datang ke toko bisa checkout di toko online Minpur yaa. Ada CASHBACK hingga jutaan rupiah 🤩 pengiriman cepat, dijamin aman sampai tujuan whoosh 💨

Toko Kroya: Jl. Kroya No. 3, Kesiman, Denpasar
Toko Munang Maning: Jl. Subur No. 4 Pemecutan Klod, Denpasar Barat
Jam Buka: Setiap Hari 09:00 - 22:00 WITA
Admin WA: 081237200400 (Klik Link di Bio!)
Tokopedia/Shopee/TikTok Shop: Pura Pura Ponsel

Kualitas Tidak Pernah Pura Pura - Solusi tukar tambah HP terbaik di Bali.",0,"03/31/2026 18:02",https://www.instagram.com/p/DWkeONVjflO/,"IG carousel",,Lifetime,129654,377366,275,19,47,29,45
18105410125762920,17841414051683694,purapura.ponsel,"Pura Pura Ponsel","Takjil emang juara✨🍡

Soal agama, toleransi tanpa batas 🤝 Tapi soal takjil? ENGGA DULU DULU YEAA! 😂Mau bagi-bagi atau cuma mau nikmatin sendiri, yang penting hati seneng dan puasa tetap lancar aja deh! Semangat menjalankan ibadah buat yang sedang berpuasa ya! ✨🙏

Bingung mau Upgrade HP tapi HP lama gak terpakai?
Jangan khawatir! Bawa saja ke Pura Pura Ponsel
Kami terima Tukar Tambah semua kondisi dan series!

✅ Series Terlama? Bisa!
✅ Android ke iPhone? Bisa Banget!
✅ KREDIT DP & BUNGA 0% (S&K Berlaku)
✅ BISA SPLIT PAYMENT
✅ BANYAK BENEFIT eksklusif lainnya!

Stop galau, saatnya ganti gadget baru tanpa ribet dan untung maksimal!
Kunjungi Toko Kami Sekarang!

Toko Kroya: Jl. Kroya No. 3, Kesiman, Denpasar
Toko Munang Maning: Jl. Subur No. 4 Pemecutan Klod, Denpasar Barat
Jam Buka: Setiap Hari 09:00 - 22:00 WITA
Admin WA: 081237200400 (Klik Link di Bio!)
Tokopedia/Shopee/TikTok Shop: Pura Pura Ponsel

Kualitas Tidak Pernah Pura Pura - Solusi tukar tambah HP terbaik di Bali.",17,"02/18/2026 17:01",https://www.instagram.com/reel/DU65gNTjvTX/,"IG reel",,Lifetime,10522,7643,139,4,1,0,2
18128460733499941,17841401356087722,ogohogohdenpasar,"Ogoh Ogoh Denpasar, Bali","ADA DUA BANJAR YANG HATRICK NOMINASI DI KOTA DENPASAR BERTURUT-TURUT YAITU DARI BANJAR ABIANTIMBUL PEMECUTAN KELOD, DENPASAR BARAT @st.yosa dan BANJAR KEPISAH PEDUNGAN, DENPASAR SELATAN @stt.sukarela 

MEREKA JOIN BERSAMA KING👑@st_werdhisesana 

Next bahas apa lagi ya semeton? 

#ogohogoh #ogohogohdenpasar #ogohogoh2026 #ogohogohbali #nominasiogohogoh",67,"03/31/2026 08:40",https://www.instagram.com/reel/DWjdk_3Ep3Q/,"IG reel",,Lifetime,67114,39233,1449,22,2,5,0
18085135670010019,17841414051683694,purapura.ponsel,"Pura Pura Ponsel","Pede dikit nggak ngaruh, yang penting Androidnya tetep juara✨

Kirain dipuji cantik karena skincarenya, eh ternyata karena HP Android baru dari Pura Pura Ponsel yang emang secantik itu🫣Mana harganya mulai 1 jutaan aja lagi☺️🫶🏻

Siapa nih yang pernah kepedean kayak gini juga? Coba absen di kolom komentar! 👇

Bingung mau Upgrade HP tapi HP lama gak terpakai?
Jangan khawatir! Bawa saja ke Pura Pura Ponsel
Kami terima Tukar Tambah semua kondisi dan series!

✅ Series Terlama? Bisa!
✅ Android ke iPhone? Bisa Banget!
✅ KREDIT DP & BUNGA 0% (S&K Berlaku)
✅ BISA SPLIT PAYMENT
✅ BANYAK BENEFIT eksklusif lainnya!

Stop galau, saatnya ganti gadget baru tanpa ribet dan untung maksimal!
10 ribu ulasan bintang 5 di Google Maps!
Kunjungi Toko Kami Sekarang!

Toko Kroya: Jl. Kroya No. 3, Kesiman, Denpasar
Toko Munang Maning: Jl. Subur No. 4 Pemecutan Klod, Denpasar Barat
Jam Buka: Setiap Hari 09:00 - 22:00 WITA
Admin WA: 081237200400 (Klik Link di Bio!)
Tokopedia/Shopee/TikTok Shop: Pura Pura Ponsel

Kualitas Tidak Pernah Pura Pura - Solusi tukar tambah HP terbaik di Bali",32,"03/31/2026 00:21",https://www.instagram.com/reel/DWik0ohAHr5/,"IG reel",,Lifetime,6588,4090,50,1,0,0,1
18087263408213744,17841401356087722,ogohogohdenpasar,"Ogoh Ogoh Denpasar, Bali","INI DIA PARA JUARA OGOH-OGOH DI DESA KESIMAN TAHUN 2026
Juara 1 - Banjar Ujung @st.binnayakadharma 
Juara 2 - Banjar Meranggi @st.yowanadharmalaksana 
Juara 3 - Banjar Batanbuah @styowanawerdhi 
Harapan 1 - Banjar Kertalangu @st_dharmabaktiyowana 
Harapan 2 - Banjar Pabean @st.yowanasantika 
Harapan 3 - Banjar Abiantubuh @st.jayasanthi 

#ogohogoh #ogohogoh2026 #ogohogohbali #ogohogohdenpasar #caka1948",50,"03/30/2026 05:33",https://www.instagram.com/reel/DWgi3HLD_sb/,"IG reel",,Lifetime,71465,41426,1924,37,2,12,0
18080219078435596,17841414051683694,purapura.ponsel,"Pura Pura Ponsel","Buset, iPhone 17 aja belum semua orang punya, ini bocoran iPhone 18 udah keluar aja! 😭 Om Roy emang paling gercep, tapi Apple jauh lebih gercep.

Siapa yang baru beli HP eh besoknya keluar rumor seri baru? Kita satu nasib! 🙋‍♀️

Bingung mau Upgrade HP tapi HP lama gak terpakai?
Jangan khawatir! Bawa saja ke Pura Pura Ponsel
Kami terima Tukar Tambah semua kondisi dan series!

✅ Series Terlama? Bisa!
✅ Android ke iPhone? Bisa Banget!
✅ KREDIT DP & BUNGA 0% (S&K Berlaku)
✅ BISA SPLIT PAYMENT
✅ BANYAK BENEFIT eksklusif lainnya!

Stop galau, saatnya ganti gadget baru tanpa ribet dan untung maksimal!
10 ribu ulasan bintang 5 di Google Maps!
Kunjungi Toko Kami Sekarang!

Toko Kroya: Jl. Kroya No. 3, Kesiman, Denpasar
Toko Munang Maning: Jl. Subur No. 4 Pemecutan Klod, Denpasar Barat
Jam Buka: Setiap Hari 09:00 - 22:00 WITA
Admin WA: 081237200400 (Klik Link di Bio!)
Tokopedia/Shopee/TikTok Shop: Pura Pura Ponsel

Kualitas Tidak Pernah Pura Pura - Solusi tukar tambah HP terbaik di Bali.",13,"03/29/2026 18:01",https://www.instagram.com/reel/DWfUkbIDY_k/,"IG reel",,Lifetime,20082,10516,101,3,0,0,3
17982667598812881,17841442251754246,sibliwira,"BLI WIRA","SEPANJANG JALAN BEDA BEDA VIBESNYA

#sibliwira #reelsvideo #reelsinstagram #reels",28,"03/29/2026 03:32",https://www.instagram.com/reel/DWdwo07qA9p/,"IG reel",,Lifetime,325310,214698,8429,383,45,134,0
18404438491180192,17841414051683694,purapura.ponsel,"Pura Pura Ponsel","STOK TERBATAS! 🔥 Upgrade Hidupmu dengan Samsung Galaxy A57 5G👍🏻

Capek sama HP lemot yang bikin emosi? Saatnya beralih ke Samsung Galaxy A57 5G! Desain makin fresh, performa makin ngebut. Gak ada lagi kata lag pas main game atau kerja rodi seharian☺️

Tunggu apa lagi? Langsung DM Mimin sekarang! Stok makin tipis, siapa cepat dia dapat! 🏃‍♂️💨

Bingung mau Upgrade HP tapi HP lama gak terpakai?
Jangan khawatir! Bawa saja ke Pura Pura Ponsel
Kami terima Tukar Tambah semua kondisi dan series!

✅ Series Terlama? Bisa!
✅ Android ke iPhone? Bisa Banget!
✅ KREDIT DP & BUNGA 0% (S&K Berlaku)
✅ BISA SPLIT PAYMENT
✅ BANYAK BENEFIT eksklusif lainnya!

Stop galau, saatnya ganti gadget baru tanpa ribet dan untung maksimal!
10 ribu ulasan bintang 5 di Google Maps!
Kunjungi Toko Kami Sekarang!

Toko Kroya: Jl. Kroya No. 3, Kesiman, Denpasar
Toko Munang Maning: Jl. Subur No. 4 Pemecutan Klod, Denpasar Barat
Jam Buka: Setiap Hari 09:00 - 22:00 WITA
Admin WA: 081237200400 (Klik Link di Bio!)
Tokopedia/Shopee/TikTok Shop: Pura Pura Ponsel

Kualitas Tidak Pernah Pura Pura - Solusi tukar tambah HP terbaik di Bali",61,"03/28/2026 18:01",https://www.instagram.com/reel/DWcvwf-ifQi/,"IG reel",,Lifetime,6815,4283,32,5,0,12,1
18051655016718231,17841414051683694,purapura.ponsel,"Pura Pura Ponsel","Lagi asik unboxing Samsung Galaxy A37 5G yang warnanya cakep banget ini, eh malah ada tragedi ""HP terbang"". Untung cuma konten ya, Sobat Pura Pura! 😂

Siapa nih yang kalau pegang HP baru suka grogi sampai licin kayak gini? Tulis di kolom komentar ya! 👇

Bingung mau Upgrade HP tapi HP lama gak terpakai?
Jangan khawatir! Bawa saja ke Pura Pura Ponsel
Kami terima Tukar Tambah semua kondisi dan series!

✅ Series Terlama? Bisa!
✅ Android ke iPhone? Bisa Banget!
✅ KREDIT DP & BUNGA 0% (S&K Berlaku)
✅ BISA SPLIT PAYMENT
✅ BANYAK BENEFIT eksklusif lainnya!

Stop galau, saatnya ganti gadget baru tanpa ribet dan untung maksimal!
10 ribu ulasan bintang 5 di Google Maps!
Kunjungi Toko Kami Sekarang!

Toko Kroya: Jl. Kroya No. 3, Kesiman, Denpasar
Toko Munang Maning: Jl. Subur No. 4 Pemecutan Klod, Denpasar Barat
Jam Buka: Setiap Hari 09:00 - 22:00 WITA
Admin WA: 081237200400 (Klik Link di Bio!)
Tokopedia/Shopee/TikTok Shop: Pura Pura Ponsel

Kualitas Tidak Pernah Pura Pura - Solusi tukar tambah HP terbaik di Bali",45,"03/28/2026 00:24",https://www.instagram.com/reel/DWa2sl5k-dT/,"IG reel",,Lifetime,8065,5202,39,17,0,9,2
18577908088006112,17841414051683694,purapura.ponsel,"Pura Pura Ponsel","Definisi jalan kaki di Bali: Mata nggak cuma liat depan, tapi harus scan bawah setiap detik biar canang tetap aman😅

Jalan kaki di Bali aja butuh fokus tinggi, apalagi milih HP buat Lebaran, mending langsung gercep ambil Promo THR Lebaran di Pura Pura Ponsel! Dapatkan Samsung Galaxy Z Fold 7 dengan harga spesial + FREE Galaxy Buds Core! 🔥

Bingung mau Upgrade HP tapi HP lama gak terpakai?
Jangan khawatir! Bawa saja ke Pura Pura Ponsel
Kami terima Tukar Tambah semua kondisi dan series!

✅ Series Terlama? Bisa!
✅ Android ke iPhone? Bisa Banget!
✅ KREDIT DP & BUNGA 0% (S&K Berlaku)
✅ BISA SPLIT PAYMENT
✅ BANYAK BENEFIT eksklusif lainnya!

Stop galau, saatnya ganti gadget baru tanpa ribet dan untung maksimal!
10 ribu ulasan bintang 5 di Google Maps!
Kunjungi Toko Kami Sekarang!

Toko Kroya: Jl. Kroya No. 3, Kesiman, Denpasar
Toko Munang Maning: Jl. Subur No. 4 Pemecutan Klod, Denpasar Barat
Jam Buka: Setiap Hari 09:00 - 22:00 WITA
Admin WA: 081237200400 (Klik Link di Bio!)
Tokopedia/Shopee/TikTok Shop: Pura Pura Ponsel

Kualitas Tidak Pernah Pura Pura - Solusi tukar tambah HP terbaik di Bali",21,"03/27/2026 21:01",https://www.instagram.com/reel/DWafi50iKK9/,"IG reel",,Lifetime,19506,12741,142,0,1,10,3
18108663334859859,17841414051683694,purapura.ponsel,"Pura Pura Ponsel","Definisi Close Friend menyayat mata dan hati🥲

Siapa nih yang ngerasa dunianya jungkir balik pas masuk ""Close Friend"" doi? Dari pose aesthetic sampe foto candid absurd, kasta tertinggi pertemanan di Instagram emang beda!

Tapi kasta tertinggi smartphone lipat cuma ada di Samsung Galaxy Z Fold 7! Promo THR Lebaran di Pura Pura Ponsel makin spesial, beli Galaxy Z Fold 7 GRATIS Galaxy Buds Core! Wow! 🎉

Bingung mau Upgrade HP tapi HP lama gak terpakai?
Jangan khawatir! Bawa saja ke Pura Pura Ponsel
Kami terima Tukar Tambah semua kondisi dan series!

✅ Series Terlama? Bisa!
✅ Android ke iPhone? Bisa Banget!
✅ KREDIT DP & BUNGA 0% (S&K Berlaku)
✅ BISA SPLIT PAYMENT
✅ BANYAK BENEFIT eksklusif lainnya!

Stop galau, saatnya ganti gadget baru tanpa ribet dan untung maksimal!
10 ribu ulasan bintang 5 di Google Maps!
Kunjungi Toko Kami Sekarang!

Toko Kroya: Jl. Kroya No. 3, Kesiman, Denpasar
Toko Munang Maning: Jl. Subur No. 4 Pemecutan Klod, Denpasar Barat
Jam Buka: Setiap Hari 09:00 - 22:00 WITA
Admin WA: 081237200400 (Klik Link di Bio!)
Tokopedia/Shopee/TikTok Shop: Pura Pura Ponsel

Kualitas Tidak Pernah Pura Pura - Solusi tukar tambah HP terbaik di Bali.",19,"03/27/2026 18:01",https://www.instagram.com/reel/DWaK8sQlMS3/,"IG reel",,Lifetime,23017,13846,276,74,0,0,22
18076414853160372,17841414051683694,purapura.ponsel,"Pura Pura Ponsel","Puncaknya malah main petak umpet sama kabut ☁️😂

Udah capek mendaki, pas sampai puncak malah dighosting sama pemandangan. eitsss tapi promo ini gak bakalan ngeghosting kamu, 

KESEMPATAN TERAKHIR AMANKAN HARGA PROMO THR🚨 Samsung Galaxy Z Fold 7 turun harga fantastis jadi Rp25.619.000! Hemat jutaan rupiah, masih ditambah bonus Galaxy Buds Core GRATIS🤩

Bingung mau Upgrade HP tapi HP lama gak terpakai?
Jangan khawatir! Bawa saja ke Pura Pura Ponsel
Kami terima Tukar Tambah semua kondisi dan series!

✅ Series Terlama? Bisa!
✅ Android ke iPhone? Bisa Banget!
✅ KREDIT DP & BUNGA 0% (S&K Berlaku)
✅ BISA SPLIT PAYMENT
✅ BANYAK BENEFIT eksklusif lainnya!

Stop galau, saatnya ganti gadget baru tanpa ribet dan untung maksimal!
10 ribu ulasan bintang 5 di Google Maps!
Kunjungi Toko Kami Sekarang!

Toko Kroya: Jl. Kroya No. 3, Kesiman, Denpasar
Toko Munang Maning: Jl. Subur No. 4 Pemecutan Klod, Denpasar Barat
Jam Buka: Setiap Hari 09:00 - 22:00 WITA
Admin WA: 081237200400 (Klik Link di Bio!)
Tokopedia/Shopee/TikTok Shop: Pura Pura Ponsel

Kualitas Tidak Pernah Pura Pura - Solusi tukar tambah HP terbaik di Bali.",18,"03/27/2026 03:01",https://www.instagram.com/reel/DWYj859jOrh/,"IG reel",,Lifetime,76414,40233,660,55,1,3,20
18089777354183483,17841414051683694,purapura.ponsel,"Pura Pura Ponsel","Definisi panik yang sesungguhnya😭

Bukan takut hantu, tapi takut nggak kebagian FREE TWS setiap pembelian Tecno Camon 50 di Pura Pura Ponsel. Stoknya terbatas banget, kalau sampai habis nangisnya nggak dapet bagian yang enak-enak🥲 Yuk, gas sekarang sebelum menyesal!

Bingung mau Upgrade HP tapi HP lama gak terpakai?
Jangan khawatir! Bawa saja ke Pura Pura Ponsel
Kami terima Tukar Tambah semua kondisi dan series!

✅ Series Terlama? Bisa!
✅ Android ke iPhone? Bisa Banget!
✅ KREDIT DP & BUNGA 0% (S&K Berlaku)
✅ BISA SPLIT PAYMENT
✅ BANYAK BENEFIT eksklusif lainnya!

Stop galau, saatnya ganti gadget baru tanpa ribet dan untung maksimal!
10 ribu ulasan bintang 5 di Google Maps!
Kunjungi Toko Kami Sekarang!

Toko Kroya: Jl. Kroya No. 3, Kesiman, Denpasar
Toko Munang Maning: Jl. Subur No. 4 Pemecutan Klod, Denpasar Barat
Jam Buka: Setiap Hari 09:00 - 22:00 WITA
Admin WA: 081237200400 (Klik Link di Bio!)
Tokopedia/Shopee/TikTok Shop: Pura Pura Ponsel

Kualitas Tidak Pernah Pura Pura - Solusi tukar tambah HP terbaik di Bali.",15,"03/26/2026 22:00",https://www.instagram.com/reel/DWYBhHKj4bc/,"IG reel",,Lifetime,7194,4764,58,0,0,0,0
18087130859252741,17841414051683694,purapura.ponsel,"Pura Pura Ponsel","Waktunya pensiun buat iPhone 11? 🤔 iOS 27 rumornya nggak akan dukung chip A13 lagi nih. Menurut kalian, mending upgrade sekarang atau tetap bertahan? Komen di bawah ya! 👇🔥

Bingung mau Upgrade HP tapi HP lama gak terpakai?
Jangan khawatir! Bawa saja ke Pura Pura Ponsel
Kami terima Tukar Tambah semua kondisi dan series!

✅ Series Terlama? Bisa!
✅ Android ke iPhone? Bisa Banget!
✅ KREDIT DP & BUNGA 0% (S&K Berlaku)
✅ BISA SPLIT PAYMENT
✅ BANYAK BENEFIT eksklusif lainnya!

Stop galau, saatnya ganti gadget baru tanpa ribet dan untung maksimal!
10 ribu ulasan bintang 5 di Google Maps!
Kunjungi Toko Kami Sekarang!

Toko Kroya: Jl. Kroya No. 3, Kesiman, Denpasar
Toko Munang Maning: Jl. Subur No. 4 Pemecutan Klod, Denpasar Barat
Jam Buka: Setiap Hari 09:00 - 22:00 WITA
Admin WA: 081237200400 (Klik Link di Bio!)
Tokopedia/Shopee/TikTok Shop: Pura Pura Ponsel

Kualitas Tidak Pernah Pura Pura - Solusi tukar tambah HP terbaik di Bali.",59,"03/26/2026 21:01",https://www.instagram.com/reel/DWX6quAj7cX/,"IG reel",,Lifetime,6205,3854,37,11,0,8,0
18098162113820481,17841414051683694,purapura.ponsel,"Pura Pura Ponsel","POV: Habis kena omel Bos, tapi tetep tenang karena iPhone baru di tangan. 😎

Mental boleh kena, tapi hasil foto tetep harus sinematik! Mending ""balas dendam"" dengan upgrade gadget di Pura Pura Ponsel.
⚡ Promo iPhone 17 Pro Max 1TB cuma 34 Jutaan! ⚡
Stok terbatas, jangan sampai keduluan rekan kerja yang lain! 🏃💨

Bingung mau Upgrade HP tapi HP lama gak terpakai?
Jangan khawatir! Bawa saja ke Pura Pura Ponsel
Kami terima Tukar Tambah semua kondisi dan series!

✅ Series Terlama? Bisa!
✅ Android ke iPhone? Bisa Banget!
✅ KREDIT DP & BUNGA 0% (S&K Berlaku)
✅ BISA SPLIT PAYMENT
✅ BANYAK BENEFIT eksklusif lainnya!

Stop galau, saatnya ganti gadget baru tanpa ribet dan untung maksimal!
10 ribu ulasan bintang 5 di Google Maps!
Kunjungi Toko Kami Sekarang!

Toko Kroya: Jl. Kroya No. 3, Kesiman, Denpasar
Toko Munang Maning: Jl. Subur No. 4 Pemecutan Klod, Denpasar Barat
Jam Buka: Setiap Hari 09:00 - 22:00 WITA
Admin WA: 081237200400 (Klik Link di Bio!)
Tokopedia/Shopee/TikTok Shop: Pura Pura Ponsel

Kualitas Tidak Pernah Pura Pura - Solusi tukar tambah HP terbaik di Bali.",19,"03/26/2026 18:00",https://www.instagram.com/reel/DWXmEvojyQZ/,"IG reel",,Lifetime,5160,3264,23,7,0,0,0
18043008893578663,17841442251754246,sibliwira,"BLI WIRA","UNDANGAN BERJILID-JILID🥹

#sibliwira #reelsvideo #reelsinstagram #reels",52,"03/26/2026 03:31",https://www.instagram.com/reel/DWWCZB0KXFR/,"IG reel",,Lifetime,247619,175983,9390,655,57,108,0
18087138569245654,17841414051683694,purapura.ponsel,"Pura Pura Ponsel","Lagi asik-asik ngintip eh malah ketemu jodoh, eh, maksudnya ketemu promo THR😂 

Fokus ya guys, jangan salfok sama yang lagi masak, mending salfok sama harga OPPO A6s yang lagi terjun bebas🔥

Bingung mau Upgrade HP tapi HP lama gak terpakai?
Jangan khawatir! Bawa saja ke Pura Pura Ponsel
Kami terima Tukar Tambah semua kondisi dan series!

✅ Series Terlama? Bisa!
✅ Android ke iPhone? Bisa Banget!
✅ KREDIT DP & BUNGA 0% (S&K Berlaku)
✅ BISA SPLIT PAYMENT
✅ BANYAK BENEFIT eksklusif lainnya!

Stop galau, saatnya ganti gadget baru tanpa ribet dan untung maksimal!
10 ribu ulasan bintang 5 di Google Maps!
Kunjungi Toko Kami Sekarang!

Toko Kroya: Jl. Kroya No. 3, Kesiman, Denpasar
Toko Munang Maning: Jl. Subur No. 4 Pemecutan Klod, Denpasar Barat
Jam Buka: Setiap Hari 09:00 - 22:00 WITA
Admin WA: 081237200400 (Klik Link di Bio!)
Tokopedia/Shopee/TikTok Shop: Pura Pura Ponsel

Kualitas Tidak Pernah Pura Pura - Solusi tukar tambah HP terbaik di Bali.",23,"03/26/2026 03:02",https://www.instagram.com/reel/DWV_QCKDZ8S/,"IG reel",,Lifetime,39807,23358,248,32,1,4,15
18075098840561153,17841414051683694,purapura.ponsel,"Pura Pura Ponsel","DETIK-DETIK KABEL HEADSET MELAYANG! 😱😭
Kasihan sih, tapi bener juga masa hari gini masih pakai kabel? Saatnya beralih ke yang wireless dan pasti ori.
Cuma di Pura Pura Ponsel
✅ AirPod Original
✅ FREE CASE cantik
✅ Garansi terjamin
Tag temen kamu yang kabel headset-nya udah miring-miring! 👇

Bingung mau Upgrade HP tapi HP lama gak terpakai?
Jangan khawatir! Bawa saja ke Pura Pura Ponsel
Kami terima Tukar Tambah semua kondisi dan series!

✅ Series Terlama? Bisa!
✅ Android ke iPhone? Bisa Banget!
✅ KREDIT DP & BUNGA 0% (S&K Berlaku)
✅ BISA SPLIT PAYMENT
✅ BANYAK BENEFIT eksklusif lainnya!

Stop galau, saatnya ganti gadget baru tanpa ribet dan untung maksimal!
10 ribu ulasan bintang 5 di Google Maps!
Kunjungi Toko Kami Sekarang!

Toko Kroya: Jl. Kroya No. 3, Kesiman, Denpasar
Toko Munang Maning: Jl. Subur No. 4 Pemecutan Klod, Denpasar Barat
Jam Buka: Setiap Hari 09:00 - 22:00 WITA
Admin WA: 081237200400 (Klik Link di Bio!)
Tokopedia/Shopee/TikTok Shop: Pura Pura Ponsel

Kualitas Tidak Pernah Pura Pura - Solusi tukar tambah HP terbaik di Bali.",18,"03/26/2026 01:07",https://www.instagram.com/reel/DWVyBD5E6u7/,"IG reel",,Lifetime,10164,6508,62,8,2,9,3
17937344118187529,17841414051683694,purapura.ponsel,"Pura Pura Ponsel","Jangan biarkan kecurigaan merusak harimu, tapi biarkan promo ini mencerahkan harimu! ✨

Lagi cari gadget yang bisa multitasking buat kerja sekaligus gaya? Samsung Galaxy Z Fold 7 jawabannya. Di Pura Pura Ponsel, harganya beneran bikin tenang di dompet:
✅ Dari Rp 31.700.000 ➡️ JADI Rp 25.619.000!
✅ FREE Galaxy Buds Core!

Definisi beli satu dapet semua. Yuk, mampir ke Pura Pura Ponsel sekarang!

Bingung mau Upgrade HP tapi HP lama gak terpakai?
Jangan khawatir! Bawa saja ke Pura Pura Ponsel
Kami terima Tukar Tambah semua kondisi dan series!

✅ Series Terlama? Bisa!
✅ Android ke iPhone? Bisa Banget!
✅ KREDIT DP & BUNGA 0% (S&K Berlaku)
✅ BISA SPLIT PAYMENT
✅ BANYAK BENEFIT eksklusif lainnya!

Stop galau, saatnya ganti gadget baru tanpa ribet dan untung maksimal!
10 ribu ulasan bintang 5 di Google Maps!
Kunjungi Toko Kami Sekarang!

Toko Kroya: Jl. Kroya No. 3, Kesiman, Denpasar
Toko Munang Maning: Jl. Subur No. 4 Pemecutan Klod, Denpasar Barat
Jam Buka: Setiap Hari 09:00 - 22:00 WITA
Admin WA: 081237200400 (Klik Link di Bio!)
Tokopedia/Shopee/TikTok Shop: Pura Pura Ponsel

Kualitas Tidak Pernah Pura Pura - Solusi tukar tambah HP terbaik di Bali.",0,"03/25/2026 03:00",https://www.instagram.com/p/DWTaSWQE24F/,"IG carousel",,Lifetime,27161,11467,95,4,0,0,6
17997898622747423,17841414051683694,purapura.ponsel,"Pura Pura Ponsel","Plot twist paling ngeri🫣

Daripada pusing mikirin hubungan yang nggak sehat, mending fokus upgrade gadget biar hidup makin mantap! Cek promo Pay Day Last Call di Pura Pura Ponsel. iPhone 11 sampai iPhone 15 lagi harga miring! 📱🔥

Bingung mau Upgrade HP tapi HP lama gak terpakai?
Jangan khawatir! Bawa saja ke Pura Pura Ponsel
Kami terima Tukar Tambah semua kondisi dan series!

✅ Series Terlama? Bisa!
✅ Android ke iPhone? Bisa Banget!
✅ KREDIT DP & BUNGA 0% (S&K Berlaku)
✅ BISA SPLIT PAYMENT
✅ BANYAK BENEFIT eksklusif lainnya!

Stop galau, saatnya ganti gadget baru tanpa ribet dan untung maksimal!
10 ribu ulasan bintang 5 di Google Maps!
Kunjungi Toko Kami Sekarang!

Toko Kroya: Jl. Kroya No. 3, Kesiman, Denpasar
Toko Munang Maning: Jl. Subur No. 4 Pemecutan Klod, Denpasar Barat
Jam Buka: Setiap Hari 09:00 - 22:00 WITA
Admin WA: 081237200400 (Klik Link di Bio!)
Tokopedia/Shopee/TikTok Shop: Pura Pura Ponsel

Kualitas Tidak Pernah Pura Pura - Solusi tukar tambah HP terbaik di Bali.",19,"03/24/2026 21:01",https://www.instagram.com/reel/DWSxJR_iMU3/,"IG reel",,Lifetime,15826,10019,157,7,0,4,5
17965484781048801,17841414051683694,purapura.ponsel,"Pura Pura Ponsel","Definisi terlalu banyak berharap🥹

Janji mau cerai cuma prank, eh istrinya malah hamil lagi🤭 Daripada nungguin yang nggak pasti dan bikin sakit hati, mending sikat Promo THR Lebaran di Pura Pura Ponsel! Beli OPPO A6s langsung dapet OPPO Enco Buds3 Pro secara GRATIS. Ini baru namanya harapan yang jadi kenyataan! ✨

Bingung mau Upgrade HP tapi HP lama gak terpakai?
Jangan khawatir! Bawa saja ke Pura Pura Ponsel
Kami terima Tukar Tambah semua kondisi dan series!

✅ Series Terlama? Bisa!
✅ Android ke iPhone? Bisa Banget!
✅ KREDIT DP & BUNGA 0% (S&K Berlaku)
✅ BISA SPLIT PAYMENT
✅ BANYAK BENEFIT eksklusif lainnya!

Stop galau, saatnya ganti gadget baru tanpa ribet dan untung maksimal!
10 ribu ulasan bintang 5 di Google Maps!
Kunjungi Toko Kami Sekarang!

Toko Kroya: Jl. Kroya No. 3, Kesiman, Denpasar
Toko Munang Maning: Jl. Subur No. 4 Pemecutan Klod, Denpasar Barat
Jam Buka: Setiap Hari 09:00 - 22:00 WITA
Admin WA: 081237200400 (Klik Link di Bio!)
Tokopedia/Shopee/TikTok Shop: Pura Pura Ponsel

Kualitas Tidak Pernah Pura Pura - Solusi tukar tambah HP terbaik di Bali.",9,"03/24/2026 18:02",https://www.instagram.com/reel/DWScm-RgQHG/,"IG reel",,Lifetime,8248,5307,43,2,0,0,1
18098461780792789,17841414051683694,purapura.ponsel,"Pura Pura Ponsel","PAYDAY LAST CALL: SAATNYA UPGRADE IPHONE IMPIAN 🔥

Gajian sudah tiba, tapi promo bakal segera berakhir! Jangan sampai nyesel karena melewatkan harga spesial di Pura Pura Ponsel. Dari iPhone 13 sampai iPhone 17, semuanya turun harga! 💸

✨ Highlight Promo:

iPhone 13: Mulai dari 7.499k
iPhone 14: Cuma 7.999k
iPhone 15: Turun jadi 10.499k
iPhone 16: Harga spesial 12.999k
iPhone 17: Flagship terbaru cuma 16.599k

Stok terbatas! Yuk, langsung sikat sebelum harganya balik normal. Hubungi kami sekarang atau langsung meluncur ke toko! 🏃‍♂️💨

Bingung mau Upgrade HP tapi HP lama gak terpakai?
Jangan khawatir! Bawa saja ke Pura Pura Ponsel
Kami terima Tukar Tambah semua kondisi dan series!

✅ Series Terlama? Bisa!
✅ Android ke iPhone? Bisa Banget!
✅ KREDIT DP & BUNGA 0% (S&K Berlaku)
✅ BISA SPLIT PAYMENT
✅ BANYAK BENEFIT eksklusif lainnya!

Stop galau, saatnya ganti gadget baru tanpa ribet dan untung maksimal!
10 ribu ulasan bintang 5 di Google Maps!
Kunjungi Toko Kami Sekarang!

Toko Kroya: Jl. Kroya No. 3, Kesiman, Denpasar
Toko Munang Maning: Jl. Subur No. 4 Pemecutan Klod, Denpasar Barat
Jam Buka: Setiap Hari 09:00 - 22:00 WITA
Admin WA: 081237200400 (Klik Link di Bio!)
Tokopedia/Shopee/TikTok Shop: Pura Pura Ponsel

Kualitas Tidak Pernah Pura Pura - Solusi tukar tambah HP terbaik di Bali.",6,"03/24/2026 04:53",https://www.instagram.com/reel/DWRCVd-kwc3/,"IG reel",,Lifetime,13694,6597,29,0,0,0,0
17906878845200624,17841414051683694,purapura.ponsel,"Pura Pura Ponsel","Maksud hati mau ngintip, apa daya kena sliding! 🦶🤕

Lagi nyari HP yang nggak cuma jago gaya tapi juga kuat? Oppo A6s jawabannya! Udah sertifikasi IP69 (Tahan Air & Banting). Pas banget buat kamu yang ceroboh atau sering kena 'tendangan' realita.
Cuma 4,8 Jutaan udah dapet paket lengkap sama TWS keren! Gas ke Pura Pura Ponsel sebelum kehabisan! 🏮✨

Bingung mau Upgrade HP tapi HP lama gak terpakai?
Jangan khawatir! Bawa saja ke Pura Pura Ponsel
Kami terima Tukar Tambah semua kondisi dan series!

✅ Series Terlama? Bisa!
✅ Android ke iPhone? Bisa Banget!
✅ KREDIT DP & BUNGA 0% (S&K Berlaku)
✅ BISA SPLIT PAYMENT
✅ BANYAK BENEFIT eksklusif lainnya!

Stop galau, saatnya ganti gadget baru tanpa ribet dan untung maksimal!
10 ribu ulasan bintang 5 di Google Maps!
Kunjungi Toko Kami Sekarang!

Toko Kroya: Jl. Kroya No. 3, Kesiman, Denpasar
Toko Munang Maning: Jl. Subur No. 4 Pemecutan Klod, Denpasar Barat
Jam Buka: Setiap Hari 09:00 - 22:00 WITA
Admin WA: 081237200400 (Klik Link di Bio!)
Tokopedia/Shopee/TikTok Shop: Pura Pura Ponsel

Kualitas Tidak Pernah Pura Pura - Solusi tukar tambah HP terbaik di Bali.",14,"03/24/2026 03:02",https://www.instagram.com/reel/DWQ1qeniGku/,"IG reel",,Lifetime,71203,36090,307,149,1,0,33
18009379376844342,17841401356087722,ogohogohdenpasar,"Ogoh Ogoh Denpasar, Bali","PENAMPILAN OGOH-OGOH BANJAR GEMEH DI CATUR MUKA TAHUN 2026 
@st.gemehindah 

“SAPA WARANG”
#ogohogoh #ogohogohdenpasar #ooghogoh2026 #ogohogohbali #caka1948",56,"03/23/2026 21:19",https://www.instagram.com/reel/DWQOU-JD8Dr/,"IG reel",,Lifetime,6049745,4984595,213152,63574,1195,952,0
18115583533591286,17841414051683694,purapura.ponsel,"Pura Pura Ponsel","Jangan Sampai iPhone-mu Berasap! 😱🔥
Mau iPhone awet? Hindari kebiasaan sepele ini
☀️ Kecerahan Layar Full (Bikin HP cepat panas!)
🔌 Pasang Kabel Dulu Baru Colok ke Listrik (Beresiko short circuit!)
🔋 Ngecas di Mode Hemat Daya (Beban kerja baterai jadi ganda!)

Upgrade ke OPPO A6S Sekarang!
Lagi ada PROMO THR LEBARAN di Pura Pura Ponsel!
💰 Harga spesial: Rp 4.899.000 (dari Rp 4.999.000)
🎁 FREE ITEM: OPPO Enco Buds3 Pro senilai Rp 349.000!

Dapatkan HP tahan air dengan baterai super besar sekarang juga! 🏃💨

Bingung mau Upgrade HP tapi HP lama gak terpakai?
Jangan khawatir! Bawa saja ke Pura Pura Ponsel
Kami terima Tukar Tambah semua kondisi dan series!

✅ Series Terlama? Bisa!
✅ Android ke iPhone? Bisa Banget!
✅ KREDIT DP & BUNGA 0% (S&K Berlaku)
✅ BISA SPLIT PAYMENT
✅ BANYAK BENEFIT eksklusif lainnya!

Stop galau, saatnya ganti gadget baru tanpa ribet dan untung maksimal!
10 ribu ulasan bintang 5 di Google Maps!
Kunjungi Toko Kami Sekarang!

Toko Kroya: Jl. Kroya No. 3, Kesiman, Denpasar
Toko Munang Maning: Jl. Subur No. 4 Pemecutan Klod, Denpasar Barat
Jam Buka: Setiap Hari 09:00 - 22:00 WITA
Admin WA: 081237200400 (Klik Link di Bio!)
Tokopedia/Shopee/TikTok Shop: Pura Pura Ponsel

Kualitas Tidak Pernah Pura Pura - Solusi tukar tambah HP terbaik di Bali.",40,"03/23/2026 21:01",https://www.instagram.com/reel/DWQMXBhjgvI/,"IG reel",,Lifetime,56466,31154,441,11,1,5,13
18092453521896536,17841414051683694,purapura.ponsel,"Pura Pura Ponsel","Pas lagi asik eksperimen bunyi, tiba-tiba inget ada promo THR Lebaran! 😱 Cek ke Pura Pura Ponsel yuk buat dapetin Redmi Note 15 5G dengan harga spesial dan bonus kece! 🎉

Bingung mau Upgrade HP tapi HP lama gak terpakai?
Jangan khawatir! Bawa saja ke Pura Pura Ponsel
Kami terima Tukar Tambah semua kondisi dan series!

✅ Series Terlama? Bisa!
✅ Android ke iPhone? Bisa Banget!
✅ KREDIT DP & BUNGA 0% (S&K Berlaku)
✅ BISA SPLIT PAYMENT
✅ BANYAK BENEFIT eksklusif lainnya!

Stop galau, saatnya ganti gadget baru tanpa ribet dan untung maksimal!
10 ribu ulasan bintang 5 di Google Maps!
Kunjungi Toko Kami Sekarang!

Toko Kroya: Jl. Kroya No. 3, Kesiman, Denpasar
Toko Munang Maning: Jl. Subur No. 4 Pemecutan Klod, Denpasar Barat
Jam Buka: Setiap Hari 09:00 - 22:00 WITA
Admin WA: 081237200400 (Klik Link di Bio!)
Tokopedia/Shopee/TikTok Shop: Pura Pura Ponsel

Kualitas Tidak Pernah Pura Pura - Solusi tukar tambah HP terbaik di Bali.",12,"03/23/2026 18:00",https://www.instagram.com/reel/DWP3rBlmt-W/,"IG reel",,Lifetime,9171,6131,37,0,0,2,0
17932787310215477,17841414051683694,purapura.ponsel,"Pura Pura Ponsel","Awalnya deg-degan dikira mau diajak jalan sama Tante Ernie, eh ternyata malah disuruh jajan iPhone 14! 😭💔
Tapi ya gimana, promonya lebih menggoda daripada janji manis si dia. iPhone 14 128GB Midnight cuma 7.999rb di Pura Pura Ponsel! Gas gak sih?

Bingung mau Upgrade HP tapi HP lama gak terpakai?
Jangan khawatir! Bawa saja ke Pura Pura Ponsel
Kami terima Tukar Tambah semua kondisi dan series!

✅ Series Terlama? Bisa!
✅ Android ke iPhone? Bisa Banget!
✅ KREDIT DP & BUNGA 0% (S&K Berlaku)
✅ BISA SPLIT PAYMENT
✅ BANYAK BENEFIT eksklusif lainnya!

Stop galau, saatnya ganti gadget baru tanpa ribet dan untung maksimal!
10 ribu ulasan bintang 5 di Google Maps!
Kunjungi Toko Kami Sekarang!

Toko Kroya: Jl. Kroya No. 3, Kesiman, Denpasar
Toko Munang Maning: Jl. Subur No. 4 Pemecutan Klod, Denpasar Barat
Jam Buka: Setiap Hari 09:00 - 22:00 WITA
Admin WA: 081237200400 (Klik Link di Bio!)
Tokopedia/Shopee/TikTok Shop: Pura Pura Ponsel

Kualitas Tidak Pernah Pura Pura - Solusi tukar tambah HP terbaik di Bali.",10,"03/23/2026 05:01",https://www.instagram.com/reel/DWOeiXZFCyc/,"IG reel",,Lifetime,18266,10506,70,1,0,4,0
18089890105900573,17841414051683694,purapura.ponsel,"Pura Pura Ponsel","Pengen beli mobil BMW biar keren, terus main billiard sampe jago, trus punya rumah di Bali biar bisa santai di pantai setiap hari... Eh, tapi kayaknya nambahin 'beli iPhone terbaru' di checklist impian juga nggak salah sih! Apalagi kalau dapet promo spesial kayak di Pura Pura Ponsel 😉 Yuk, upgrade gadgetmu di sini!

Bingung mau Upgrade HP tapi HP lama gak terpakai?
Jangan khawatir! Bawa saja ke Pura Pura Ponsel
Kami terima Tukar Tambah semua kondisi dan series!

✅ Series Terlama? Bisa!
✅ Android ke iPhone? Bisa Banget!
✅ KREDIT DP & BUNGA 0% (S&K Berlaku)
✅ BISA SPLIT PAYMENT
✅ BANYAK BENEFIT eksklusif lainnya!

Stop galau, saatnya ganti gadget baru tanpa ribet dan untung maksimal!
10 ribu ulasan bintang 5 di Google Maps!
Kunjungi Toko Kami Sekarang!

Toko Kroya: Jl. Kroya No. 3, Kesiman, Denpasar
Toko Munang Maning: Jl. Subur No. 4 Pemecutan Klod, Denpasar Barat
Jam Buka: Setiap Hari 09:00 - 22:00 WITA
Admin WA: 081237200400 (Klik Link di Bio!)
Tokopedia/Shopee/TikTok Shop: Pura Pura Ponsel

Kualitas Tidak Pernah Pura Pura - Solusi tukar tambah HP terbaik di Bali.",0,"03/23/2026 03:08",https://www.instagram.com/p/DWORm_8k7kR/,"IG carousel",,Lifetime,36242,14527,129,10,0,0,3
18008628809700106,17841414051683694,purapura.ponsel,"Pura Pura Ponsel","Nastar emang manis, tapi kalau isinya kursi gini mending beli HP baru aja di Pura Pura Ponsel. Mumpung lagi ada promo THR, buruan mampir sebelum promonya habis dan kamu cuma kebagian remahan nastar! 🍍📱

Bingung mau Upgrade HP tapi HP lama gak terpakai?
Jangan khawatir! Bawa saja ke Pura Pura Ponsel
Kami terima Tukar Tambah semua kondisi dan series!

✅ Series Terlama? Bisa!
✅ Android ke iPhone? Bisa Banget!
✅ KREDIT DP & BUNGA 0% (S&K Berlaku)
✅ BISA SPLIT PAYMENT
✅ BANYAK BENEFIT eksklusif lainnya!

Stop galau, saatnya ganti gadget baru tanpa ribet dan untung maksimal!
Kunjungi Toko Kami Sekarang!

Toko Kroya: Jl. Kroya No. 3, Kesiman, Denpasar
Toko Munang Maning: Jl. Subur No. 4 Pemecutan Klod, Denpasar Barat
Jam Buka: Setiap Hari 09:00 - 22:00 WITA
Admin WA: 081237200400 (Klik Link di Bio!)
Tokopedia/Shopee/TikTok Shop: Pura Pura Ponsel

Kualitas Tidak Pernah Pura Pura - Solusi tukar tambah HP terbaik di Bali.",16,"03/22/2026 07:02",https://www.instagram.com/reel/DWMHkfDiEZx/,"IG reel",,Lifetime,18038,10859,68,1,2,2,1
18153858781454197,17841414051683694,purapura.ponsel,"Pura Pura Ponsel","YESS, DIPERPANJANG! ✨
Gak perlu sedih ketinggalan promo Pay Day kemarin. Sekarang waktunya kamu bungkus HP impian. Promo berlaku dari 22 Maret- 31 Maret. Stok terbatas, jangan sampai nyesel dua kali! 📱🔥

Bingung mau Upgrade HP tapi HP lama gak terpakai?
Jangan khawatir! Bawa saja ke Pura Pura Ponsel
Kami terima Tukar Tambah semua kondisi dan series!

✅ Series Terlama? Bisa!
✅ Android ke iPhone? Bisa Banget!
✅ KREDIT DP & BUNGA 0% (S&K Berlaku)
✅ BISA SPLIT PAYMENT
✅ BANYAK BENEFIT eksklusif lainnya!

Stop galau, saatnya ganti gadget baru tanpa ribet dan untung maksimal!
Kunjungi Toko Kami Sekarang!

Toko Kroya: Jl. Kroya No. 3, Kesiman, Denpasar
Toko Munang Maning: Jl. Subur No. 4 Pemecutan Klod, Denpasar Barat
Jam Buka: Setiap Hari 09:00 - 22:00 WITA
Admin WA: 081237200400 (Klik Link di Bio!)
Tokopedia/Shopee/TikTok Shop: Pura Pura Ponsel

Kualitas Tidak Pernah Pura Pura - Solusi tukar tambah HP terbaik di Bali.",23,"03/22/2026 04:05",https://www.instagram.com/reel/DWLyr3kEx8S/,"IG reel",,Lifetime,8705,5431,44,2,0,0,0
18132625690532305,17841414051683694,purapura.ponsel,"Pura Pura Ponsel","Nunggu 25 tahun buat ke Labuan Bajo aja aku sanggup, apalagi nungguin kamu bales chat? Tapi tenang, kalau nunggu Promo THR Lebaran di Pura Pura Ponsel nggak perlu nunggu seperempat abad kok!
Cukup sikat Samsung Galaxy Z Fold 7 sekarang, dapet diskon jutaan plus FREE Galaxy Buds Core. Jangan kelamaan mikir, nanti nunggunya jadi 25 tahun lagi! 😂🛶

Bingung mau Upgrade HP tapi HP lama gak terpakai?
Jangan khawatir! Bawa saja ke Pura Pura Ponsel
Kami terima Tukar Tambah semua kondisi dan series!

✅ Series Terlama? Bisa!
✅ Android ke iPhone? Bisa Banget!
✅ KREDIT DP & BUNGA 0% (S&K Berlaku)
✅ BISA SPLIT PAYMENT
✅ BANYAK BENEFIT eksklusif lainnya!

Stop galau, saatnya ganti gadget baru tanpa ribet dan untung maksimal!
Kunjungi Toko Kami Sekarang!

Toko Kroya: Jl. Kroya No. 3, Kesiman, Denpasar
Toko Munang Maning: Jl. Subur No. 4 Pemecutan Klod, Denpasar Barat
Jam Buka: Setiap Hari 09:00 - 22:00 WITA
Admin WA: 081237200400 (Klik Link di Bio!)
Tokopedia/Shopee/TikTok Shop: Pura Pura Ponsel

Kualitas Tidak Pernah Pura Pura - Solusi tukar tambah HP terbaik di Bali.",26,"03/21/2026 07:02",https://www.instagram.com/reel/DWJiyR6INMi/,"IG reel",,Lifetime,13111,7994,112,2,0,4,2
18072535961636745,17841414051683694,purapura.ponsel,"Pura Pura Ponsel","⚠️ KLARIFIKASI PENTING DARI PURA PURA PONSEL! ⚠️

Minpur minta maaf yang sebesar-besarnya🙏 Karena saking sayangnya sama kalian, kita terpaksa kasih promo gila-gilaan yang bikin stok cepat habis! 😭🔥
Mulai dari 3 Jutaan aja, kamu udah bisa bawa pulang HP impian plus FREE AKSESORIS keren:
✨ Redmi Note 15 + Free Redmi 6 Buds Play
✨ Oppo A6S + Free Oppo Enco Buds 3 Pro
✨ Samsung Z Fold 7 + Free Galaxy Buds Core

Jangan sampai nyesel karena kehabisan! Langsung gas ke Pura Pura Ponsel sekarang juga! 🏃💨

Bingung mau Upgrade HP tapi HP lama gak terpakai?
Jangan khawatir! Bawa saja ke Pura Pura Ponsel
Kami terima Tukar Tambah semua kondisi dan series!

✅ Series Terlama? Bisa!
✅ Android ke iPhone? Bisa Banget!
✅ KREDIT DP & BUNGA 0% (S&K Berlaku)
✅ BISA SPLIT PAYMENT
✅ BANYAK BENEFIT eksklusif lainnya!

Stop galau, saatnya ganti gadget baru tanpa ribet dan untung maksimal!
Kunjungi Toko Kami Sekarang!

Toko Kroya: Jl. Kroya No. 3, Kesiman, Denpasar
Toko Munang Maning: Jl. Subur No. 4 Pemecutan Klod, Denpasar Barat
Jam Buka: Setiap Hari 09:00 - 22:00 WITA
Admin WA: 081237200400 (Klik Link di Bio!)
Tokopedia/Shopee/TikTok Shop: Pura Pura Ponsel

Kualitas Tidak Pernah Pura Pura - Solusi tukar tambah HP terbaik di Bali.",39,"03/21/2026 04:16",https://www.instagram.com/reel/DWJPV7bk68T/,"IG reel",,Lifetime,7901,4775,34,0,1,0,2
18130373953551194,17841414051683694,purapura.ponsel,"Pura Pura Ponsel","Titip Oleh-oleh yang sesungguhnya bukan kue artis, bukan kaos barong, tapi iPhone 14😭

Lagi asik-asiknya bengong di dek kapal sambil dengerin musik, eh masuk notif chat yang isinya to-the-point banget. Emang bener sih, promo di Pura Pura Ponsel itu nggak ada lawan. Harga 7.999k buat iPhone 14 itu udah kayak dapet durian runtuh di tengah laut 😱

Ya gimana ya, mumpung lagi promo harga gila-gilaan, masa nggak disikat? 😂💨

Bingung mau Upgrade HP tapi HP lama gak terpakai?
Jangan khawatir! Bawa saja ke Pura Pura Ponsel
Kami terima Tukar Tambah semua kondisi dan series!

✅ Series Terlama? Bisa!
✅ Android ke iPhone? Bisa Banget!
✅ KREDIT DP & BUNGA 0% (S&K Berlaku)
✅ BISA SPLIT PAYMENT
✅ BANYAK BENEFIT eksklusif lainnya!

Stop galau, saatnya ganti gadget baru tanpa ribet dan untung maksimal!
Kunjungi Toko Kami Sekarang!

Toko Kroya: Jl. Kroya No. 3, Kesiman, Denpasar
Toko Munang Maning: Jl. Subur No. 4 Pemecutan Klod, Denpasar Barat
Jam Buka: Setiap Hari 09:00 - 22:00 WITA
Admin WA: 081237200400 (Klik Link di Bio!)
Tokopedia/Shopee/TikTok Shop: Pura Pura Ponsel

Kualitas Tidak Pernah Pura Pura - Solusi tukar tambah HP terbaik di Bali.",17,"03/20/2026 07:02",https://www.instagram.com/reel/DWG952MiI9C/,"IG reel",,Lifetime,41866,22738,334,9,1,4,5
18102323102491264,17841414051683694,purapura.ponsel,"Pura Pura Ponsel","‼️KLARIFIKASI: HARGA IPHONE NAIK‼️

Tenang, Sobat Pura Pura Ponsel! Meskipun di luar sana harga lagi naik sampai 1 jutaan, di sini kita tetap kasih HARGA PROMO spesial buat kamu! 🔥

Cek stok iPhone Brand New kita:
📱 iPhone 14 mulai 7.999rb
📱 iPhone 15 mulai 10.499rb
📱 iPhone 16 mulai 12.999rb
📱 iPhone 17 mulai 16.599rb

Jangan sampai kehabisan karena promo ini TERBATAS! Langsung gas ke store Pura Pura Ponsel sekarang juga sebelum harga ikutan naik! 🏃💨

Bingung mau Upgrade HP tapi HP lama gak terpakai?
Jangan khawatir! Bawa saja ke Pura Pura Ponsel
Kami terima Tukar Tambah semua kondisi dan series!

✅ Series Terlama? Bisa!
✅ Android ke iPhone? Bisa Banget!
✅ KREDIT DP & BUNGA 0% (S&K Berlaku)
✅ BISA SPLIT PAYMENT
✅ BANYAK BENEFIT eksklusif lainnya!

Stop galau, saatnya ganti gadget baru tanpa ribet dan untung maksimal!
Kunjungi Toko Kami Sekarang!

Toko Kroya: Jl. Kroya No. 3, Kesiman, Denpasar
Toko Munang Maning: Jl. Subur No. 4 Pemecutan Klod, Denpasar Barat
Jam Buka: Setiap Hari 09:00 - 22:00 WITA
Admin WA: 081237200400 (Klik Link di Bio!)
Tokopedia/Shopee/TikTok Shop: Pura Pura Ponsel

Kualitas Tidak Pernah Pura Pura - Solusi tukar tambah HP terbaik di Bali.",29,"03/20/2026 04:49",https://www.instagram.com/reel/DWGutajj9r9/,"IG reel",,Lifetime,7282,4560,34,5,0,0,0
18570074509045669,17841414051683694,purapura.ponsel,"Pura Pura Ponsel","Pesan Cukup Menohok dari Ogoh-Ogoh Roga Maharupa! 🪵🔥

Pura Pura Ponsel lagi mampir ke Banjar Panca Kerta buat liat persiapan STT Putro Darmastuti. Judulnya ""Roga Maharupa"".Gak cuma keren secara visual, ogoh-ogoh dari STT Putro Darmastuti, Banjar Panca Kerta ini punya filosofi yang dalem banget. ""Roga Maharupa"" menggambarkan perwujudan kerusakan alam—mulai dari polusi air, udara, hingga hutan yang gundul—yang semuanya adalah ulah kita sendiri. 😭💔

Jujur, minpur paling sedih pas liat bagian Ibu Pertiwi yang digambarkan menangis karena alamnya dirusak. Menurut kalian, bagian mana yang paling epic dari ogoh-ogoh ini? komen dibawah 👇

#ogohogohdenpasar #sttdarmastuti  #banjarpancakerta  #nyepi2026 #kasangafest #denpasar",200,"03/18/2026 07:02",https://www.instagram.com/reel/DWB0OYYj5t_/,"IG reel",,Lifetime,12703,7663,131,1,3,6,2
18105505873857478,17841414051683694,purapura.ponsel,"Pura Pura Ponsel","ini sih Definisi ""Karya yang Bicara"". 🤫🔥

Gokil banget detail Ogoh-ogoh Dursangara dari STT Yowana Eka Sakti! 🐙 Detail guratannya, konstruksinya, sampai maknanya bener-bener bikin merinding.
Seneng banget Pura Pura Ponsel bisa mampir dan support langsung semangat teman-teman di Banjar Sanga Agung. Ini dia bukti kalau pemuda Bali kalau sudah berkarya nggak main-main!

Absen dulu yuk, STT mana lagi nih yang karyanya harus kita intip? 🚀

#ogohogohdenpasar  #sttyowanaekasakti  #banjarsangaagung  #nyepi2026  #kasangafest  #denpasar",145,"03/18/2026 05:01",https://www.instagram.com/reel/DWBmc4GDaYW/,"IG reel",,Lifetime,17461,10611,223,9,2,1,3
18108969808789349,17841414051683694,purapura.ponsel,"Pura Pura Ponsel","JUARA LAGI! ST Tunas Remaja Back to Back! 🥇✨

Selamat untuk ST Tunas Remaja atas gelar Juara Back to Back di Badung Cakafest! Konsistensi dan kreativitas kalian memang nggak perlu diragukan lagi. Proud! 👏✨ Kreativitas & Kerja Keras! ST Tunas Remaja yang kembali membawa pulang piala kemenangan. Kami dari Pura Pura Ponsel bener-bener bangga bisa jadi bagian dari perjalanan kalian tahun ini. 🥳📱

Mana nih suara pendukung ST Tunas Remaja? Komen di bawah! 👇🔥

#ogohogohdenpasar  #sttunasremaja  #banjarumahanyar  #nyepi2026  #kasangafest",109,"03/18/2026 03:02",https://www.instagram.com/reel/DWBYzofFEZX/,"IG reel",,Lifetime,54452,39356,1103,9,4,1,15
18320696095254314,17841401356087722,ogohogohdenpasar,"Ogoh Ogoh Denpasar, Bali","YUK YANG MASIH BINGUNG MAU NONTON OGOH-OGOH DIMANA, BISA KE SPOT OGOH-OGOH YANG MIMIN REKOMENDASIIN YA😊🙏

@purapura.ponsel 

#ogohogoh #ogohogohbali #ogohogohdenpasar #ogohogoh2026 #nyepi",68,"03/18/2026 01:53",https://www.instagram.com/reel/DWBQxhYjrje/,"IG reel",,Lifetime,26805,21040,224,5,1,1,0
18382962094080274,17841414051683694,purapura.ponsel,"Pura Pura Ponsel","Ogoh-Ogoh ST. Cantika Juara di Hati Masyarakat! ❤️Congrats ST Cantika atas gelar Juara Favorite se-Kota Denpasar!🎊

Menjadi saksi perjuangan teman-teman ST Cantika dari nol sampai akhirnya membawa pulang gelar Juara Favorite se-Kota Denpasar adalah kebanggaan luar biasa buat kami di Pura Pura Ponsel. Tahun ini pura pura ponsel hadir bukan cuma sebagai sponsor, tapi sebagai penggemar berat karya seni kalian! Semoga apresiasi ini jadi penyemangat untuk terus gas pol di tahun-tahun berikutnya. 🔥🙌

#ogohogohdenpasar  #stcantika  #banjarsedanamerta  #nyepi2026  #kasangafest",92,"03/18/2026 01:01",https://www.instagram.com/reel/DWBK_R8De_E/,"IG reel",,Lifetime,28980,18822,487,6,2,1,7
17851769403687808,17841414051683694,purapura.ponsel,"Pura Pura Ponsel","CONGRATULATIONS! 🎊 Selamat untuk Banjar Pekambingan para pemuda pemudi ST.  Swastika 

Berhasil meraih Juara harapan 2 Ogoh-Ogoh se-Kota Denpasar di kasangan Fest, Terima kasih sudah menyuguhkan karya seni yang luar biasa untuk warga Denpasar dan sekitarnya. Keep inspiring! ✨💪, Melihat langsung bagaimana detail ogoh-ogoh dari ST Swastika, Banjar Pekambingan ini dikerjakan, rasanya gelar juara memang pantas didapatkan. Bukan cuma soal menang atau kalah, tapi soal bagaimana menjaga tradisi dan kreativitas tetap menyala di tangan anak muda.
Teruslah berkarya dan menginspirasi anak muda Bali! ✊🔥

#ogohogohdenpasar  #stswastika  #banjarpekambingan  #nyepi2026  #kasangafest",79,"03/17/2026 23:01",https://www.instagram.com/reel/DWA9Pe2GjFT/,"IG reel",,Lifetime,16226,9172,297,2,3,10,3
18009630443692062,17841401356087722,ogohogohdenpasar,"Ogoh Ogoh Denpasar, Bali","YUK YANG MASIH BINGUNG MAU NONTON OGOH-OGOH DIMANA, BISA KE SPOT OGOH-OGOH YANG MIMIN REKOMENDASIIN YA😊🙏

#ogohogoh #ogohogohbali #ogohogohdenpasar #ogohogoh2026 #nyepi",35,"03/17/2026 22:49",https://www.instagram.com/reel/DWA7zOvDjmr/,"IG reel",,Lifetime,54284,34999,768,58,4,3,0
18363070891202389,17841414051683694,purapura.ponsel,"Pura Pura Ponsel","Bukan sekadar piala, tapi bukti dari kerja keras, kreativitas, dan kekompakan yang luar biasa! 🏆✨, 

Dari awal nemenin prosesnya, mampir ke balai banjar, sampai akhirnya pengumuman juara,  Selamat untuk ST Sukarela, Banjar Kepisah Pedungan yang telah berhasil meraih Juara 2 Ogoh-Ogoh se-Kota Denpasar . Sebuah kebanggaan bisa melihat proses dan hasil yang begitu detail dan sarat makna. Teruslah berkarya dan menginspirasi anak muda Bali! ✊🔥

#ogohogohdenpasar  #stsukarela  #banjarkepisahpedungan  #nyepi2026  #kasangafest",81,"03/17/2026 21:01",https://www.instagram.com/reel/DWAvl2SjoEX/,"IG reel",,Lifetime,32681,23827,429,3,3,8,4
17855536731682200,17841414051683694,purapura.ponsel,"Pura Pura Ponsel","SI Garuda gagah, perkasa, namun penuh makna tersembunyi ✨

Kali ini pura pura ponsel melali lagi ke banjar busuh yeh kangin, karya STT Jaladi Yowana tahun ini bukan sekadar seni, tapi sebuah satir dan suara hati atas kondisi negeri, mulai dari isu lingkungan, korupsi, hingga kesenjangan sosial. menampilkan karakter Garuda yang kuat dengan detail yang luar biasa, Garuda sebagai simbol negara yang sedang bersedih. Sebuah pengingat bagi kita semua untuk tetap toleransi dan menjaga keamanan tanah kelahiran.

Bangga banget sama kreativitas pemuda Bali yang nggak pernah ada habisnya! 🙌🏻, menurut kalian nilai buat ogoh-ogoh ini 1-10 berapa?🤔

#ogohogohdenpasar  #sttjaladiyowana  #busuhyehkangin #denpasar  #nyepi2026",213,"03/17/2026 19:02",https://www.instagram.com/reel/DWAh0nqiVe3/,"IG reel",,Lifetime,55607,36917,850,26,1,2,42
18041920667751775,17841414051683694,purapura.ponsel,"Pura Pura Ponsel","Rahajeng Nyepi Saka 1948 🙏✨

Segenap keluarga besar Pura Pura Ponsel memohon maaf yang sebesar-besarnya kepada seluruh pelanggan setia. Sehubungan dengan perayaan Hari Raya Nyepi, operasional kami akan TUTUP sementara pada:

🗓 19 Maret 2026

Dan kami akan KEMBALI BUKA pada:
🗓 20 Maret 2026
🕘 09.00 - 22.00 WITA

Selamat menjalankan Catur Brata Penyepian bagi teman-teman yang merayakan. Mari kita kembali dalam kesunyian untuk menemukan jati diri. Sampai jumpa kembali di tanggal 20 nanti! 😇📱",22,"03/17/2026 05:01",https://www.instagram.com/reel/DV_BrWHiHUS/,"IG reel",,Lifetime,17667,10038,141,0,0,0,1
18086008808212400,17841414051683694,purapura.ponsel,"Pura Pura Ponsel","Kala Sudha: Sebuah permohonan maaf atas ketamakan🙏✨
Judulnya ""Kala Sudha"", karyanya STT Yowana Santika. Detail tapelnya juara banget, apalagi maknanya yang dalem soal intropeksi diri.
Bangga banget sama kreativitas pemuda Bali yang nggak pernah ada habisnya! 🙌🏻

#ogohgohdenpasar #banjarpebean #sttyowanasantika #denpasarviral #nyepi2026",160,"03/17/2026 04:21",https://www.instagram.com/reel/DV-9Gh3gq-4/,"IG reel",,Lifetime,28410,21533,216,3,2,0,4
17877903348515285,17841401356087722,ogohogohdenpasar,"Ogoh Ogoh Denpasar, Bali","YUK YANG MASIH BINGUNG MAU NONTON OGOH-OGOH DIMANA, BISA KE SPOT OGOH-OGOH YANG MIMIN REKOMENDASIIN YA😊🙏

INFO LEBIH LANJUT BISA CEK DI @sabhayowanasesetan @sabhayowanapemogan @melfestival 

@purapura.ponsel 

#ogohogoh #ogohogohbali #ogohogohdenpasar #ogohogoh2026 #nyepi",72,"03/16/2026 23:02",https://www.instagram.com/reel/DV-YPlsjtwQ/,"IG reel",,Lifetime,62649,44492,987,159,5,7,0
18365952004161206,17841414051683694,purapura.ponsel,"Pura Pura Ponsel","Karya apik dari STT Trijata😇

Banjar Tegallinggah ini bukan sekadar seni rupa, tapi pengingat bahwa hukum alam itu abadi. Setelah kehancuran, akan ada penciptaan yang lebih harmonis. Dharma harus ditegakkan, sifat buruk harus dilebur✨

Rahajeng nyanggra Rahina Nyepi Saka 1948. ✨

#OgohOgoh2026 #BanjarTegallinggah #STTTrijata #BudayaBali #Nyepi1948 KalaDandaPani",121,"03/16/2026 21:05",https://www.instagram.com/reel/DV-LG01k-Cd/,"IG reel",,Lifetime,21250,12635,137,7,0,10,1
17855962854627497,17841414051683694,purapura.ponsel,"Pura Pura Ponsel","Keren Parah! Ada Ogoh-Ogoh ""Canggih"" di Banjar Tenten! 😲🔥

Kali ini pura pura ponsel melali ke  banjar tenten,  Tahun Saka 1948 ini, ST. Yowana Dharma Wiguna,  mengangkat kisah filosofis lewat ogoh-ogoh berjudul Raksa Amerta. Berasal dari bahasa Sanskerta, Raksa (perlindungan) dan Amerta (air kehidupan abadi), karya ini menggambarkan upaya menjaga kesucian yang hakiki.

Tebak bagian mana yang bakal gerak? , yuk cari tau dan tonton sampai akhir, menurut kalian nilai buat ogoh-ogoh ini 1-10 berapa?

#ogohgohdenpasar  #banjartenten  #styowanadharmawiguna  #denpasarviral  #nyepi2026",125,"03/16/2026 07:01",https://www.instagram.com/reel/DV8qqHGkqwe/,"IG reel",,Lifetime,14130,8702,89,15,0,1,4
18129967504531724,17841414051683694,purapura.ponsel,"Pura Pura Ponsel","WoW ADA OGOH-OGOH RAKSASA LAGI ! 👹🔥 

Tahun ini pura-pura ponsel main-main ke daerah kesiman dan menumukan karya ogoh -ogoh dari  STT Putra Kencana (Banjar Dauh Tangluk Kesiman) kali ini mempersembahkan ogoh-ogoh berjudul ""Danu Ing Ranu"". Ceritanya diambil dari sejarah sumber air tawar (Tirta Pakuluh) yang ada di Pura Batu Bolong daerah Canggu dimana sebuah fenomena alam yang disucikan oleh masyarakat untuk sarana persembahyangan. 

Wajib masuk list kunjungan kalian nih pas malam pengerupukan nanti! Banjar mana lagi nih yang punya ogoh-ogoh raksasa? Tag di kolom komentar! 👇

#ogohogohdenpasar  #banjardauhtangklukkesiman #sttputrakencana #denpasar #nyepi",145,"03/16/2026 05:01",https://www.instagram.com/reel/DV8c6Q5AeCp/,"IG reel",,Lifetime,29892,20020,174,7,2,1,5
18059513522389452,17841414051683694,purapura.ponsel,"Pura Pura Ponsel","OGOH-OGOH PAKAI KERAK TELUR?! 😱🥚 Kok bisa sedetail ini ya?, Kali ini STT Semadhi Dharma Putra membuat pura-pura ponsel terkagum-kagum melihat hasil dari karyanya 

Kreativitas pemuda Bali emang nggak ada obat! STT Semadhi Dharma Putra tahun ini angkat judul ""Tirta Mumbul"". Selain bahannya yang unik, bagian kepala dan cakranya bisa gerak otomatis lho.  tekstur pohon yang detail ini ternyata terbuat dari limbah kerak telur,  Bukan cuma soal rupa, ogoh-ogoh ini juga membawa pesan mendalam tentang air sebagai sumber kehidupan (Sudi Pitra Mandala).

Gimana menurut kalian? Nilai 1-10 buat kreativitas semeton Poh Gading! 👇🔥

#ogohoogohdenpasar  #sttsemadhidharmaputra # banjarpohgading #denpasar",182,"03/16/2026 01:02",https://www.instagram.com/reel/DV8Bes0jdoD/,"IG reel",,Lifetime,25531,18074,326,1,0,0,12
17857136316653994,17841457601308710,kasangafest,"KASANGA FESTIVAL","[Pura-Pura Ponsel x Kasangafest 2026]

Ayo siapa yang udah sempet beli gadget di Stand Pura-Pura Ponsel kemarin? 🫵😂

Yang belum sempet fotoan di stand pura-pura ponsel jangan sedih ya, karena kalian bisa langsung melali ke pura-pura ponselnya 🥳

#kasangafest #kasangafestival #yowanakotadenpasar #kasangafest2026 #kasangafestival2026",0,"03/15/2026 21:06",https://www.instagram.com/p/DV7mpLeklD5/,"IG carousel",,Lifetime,51049,20108,319,9,1,8,0
17861675301663879,17841414051683694,purapura.ponsel,"Pura Pura Ponsel","Ketika promo Payday lebih panas daripada War Takjil 🔥😭

Kirain cuma takjil yang harus rebutan, ternyata promo di Pura Pura Ponsel juga bikin kena mental. Sabar ya Masnya, kacamata aman kan? 👓🤣

Buruan serbu sebelum kehabisan, jangan sampai kalah war sama yang lain🏃‍♂️💨

ingung mau Upgrade HP tapi HP lama gak terpakai?
Jangan khawatir! Bawa saja ke Pura Pura Ponsel
Kami terima Tukar Tambah semua kondisi dan series!

✅ Series Terlama? Bisa!
✅ Android ke iPhone? Bisa Banget!
✅ KREDIT DP & BUNGA 0% (S&K Berlaku)
✅ BISA SPLIT PAYMENT
✅ BANYAK BENEFIT eksklusif lainnya!

Stop galau, saatnya ganti gadget baru tanpa ribet dan untung maksimal!
Kunjungi Toko Kami Sekarang!

Toko Kroya: Jl. Kroya No. 3, Kesiman, Denpasar
Toko Munang Maning: Jl. Subur No. 4 Pemecutan Klod, Denpasar Barat
Jam Buka: Setiap Hari 09:00 - 22:00 WITA
Admin WA: 081237200400 (Klik Link di Bio!)
Tokopedia/Shopee/TikTok Shop: Pura Pura Ponsel

Kualitas Tidak Pernah Pura Pura - Solusi tukar tambah HP terbaik di Bali.",15,"03/15/2026 18:01",https://www.instagram.com/reel/DV7RWSwCe95/,"IG reel",,Lifetime,8568,5399,69,4,0,6,0
17945866316981002,17841414051683694,purapura.ponsel,"Pura Pura Ponsel","Nasib oh nasib.. Jadi selingkuhan aja masih harus antre sama istri sah. Kapan dapet giliran yang utuh? 😂😂

Bingung mau Upgrade HP tapi HP lama gak terpakai?
Jangan khawatir! Bawa saja ke Pura Pura Ponsel
Kami terima Tukar Tambah semua kondisi dan series!

✅ Series Terlama? Bisa!
✅ Android ke iPhone? Bisa Banget!
✅ KREDIT DP & BUNGA 0% (S&K Berlaku)
✅ BISA SPLIT PAYMENT
✅ BANYAK BENEFIT eksklusif lainnya!

Stop galau, saatnya ganti gadget baru tanpa ribet dan untung maksimal!
Kunjungi Toko Kami Sekarang!

Toko Kroya: Jl. Kroya No. 3, Kesiman, Denpasar
Toko Munang Maning: Jl. Subur No. 4 Pemecutan Klod, Denpasar Barat
Jam Buka: Setiap Hari 09:00 - 22:00 WITA
Admin WA: 081237200400 (Klik Link di Bio!)
Tokopedia/Shopee/TikTok Shop: Pura Pura Ponsel

Kualitas Tidak Pernah Pura Pura - Solusi tukar tambah HP terbaik di Bali.",7,"03/15/2026 05:02",https://www.instagram.com/reel/DV54L7KCo8P/,"IG reel",,Lifetime,7143,4120,46,18,0,1,3
17981857787973367,17841414051683694,purapura.ponsel,"Pura Pura Ponsel","Eksplorasi Kreativitas di Banjar Tega✨

Tahun ini, ST. Werdhi Sesana (STWS) menghadirkan karya yang tidak hanya megah secara visual, tapi juga kaya akan pesan mendalam. Ogoh-ogoh ini bercerita tentang kekecewaan terhadap kerusakan alam mulai dari penebangan liar hingga pencemaran lingkungan. 🌳💔

Sebuah pengingat bagi kita semua untuk kembali menjaga bumi. Semangat terus untuk semeton STWS dalam proses pengerjaannya! 🚀🔥

#OgohOgoh2026 #Nyepi2026 #BanjarTega #STWS #BudayaBali #KreativitasTanpaBatas #SaveNature",94,"03/15/2026 03:02",https://www.instagram.com/reel/DV5qedLgGDk/,"IG reel",,Lifetime,79389,47408,1670,26,5,4,42
18068364053277257,17841414051683694,purapura.ponsel,"Pura Pura Ponsel","Bukan sekadar seni, tapi suara alam yang terancam. 🌿

Ogoh-ogoh dari Banjar Dukuh Merta Jati ini membawa pesan mendalam tentang dampak penebangan liar melalui visualisasi hewan-hewan yang kehilangan rumahnya. Keren banget cara mereka memadukan limbah daur ulang seperti kaleng dan botol plastik menjadi karya se-estetik ini! 🐘🐅

Yuk, lebih peduli lingkungan dimulai dari hal kecil! ✨

#Nyepi2026 #OgohOgoh2026 #BanjarDukuhMertaJati #Sidakarya #SeniBali #SaveNature #EcoFriendlyArt""",149,"03/15/2026 00:02",https://www.instagram.com/reel/DV5V1Jzj05L/,"IG reel",,Lifetime,73786,45797,1800,85,1,10,44
17850988182643048,17841414051683694,purapura.ponsel,"Pura Pura Ponsel","Bukan sekadar karya seni, tapi sebuah refleksi🍃

Ogoh-ogoh dari STT Eka Murtiyowana ini membawa pesan mendalam tentang dampak keserakahan manusia terhadap alam, khususnya sumber mata air. Sebuah pengingat agar kita kembali menjaga harmoni dengan semesta sebelum semuanya terlambat. 🌊🌿

#OgohOgoh2026 #STTEkaMurtiyowana #YehSaja #BudayaBali #Nyepi2026 #TradisiBali",169,"03/14/2026 18:04",https://www.instagram.com/reel/DV4s5UplSJN/,"IG reel",,Lifetime,22427,14595,228,11,2,2,2
18103801546928828,17841414051683694,purapura.ponsel,"Pura Pura Ponsel","Gila! Ogoh-Ogoh Big Size dari STT Canti Graha ini bener-bener gokil! 😱🔥

Dateng langsung ke Banjar Tengah Sesetan, kita ngelihat proses pembuatan karya mereka yang berjudul 'LIKAT'. Detail anatominya nggak main-main, urat-uratnya sampe kelihatan nyata banget🔥

Konsepnya unik banget, menceritakan tentang istirahat sejenak di tahun 2026 untuk bangkit kembali di tahun 2027. Sukses terus buat temen-temen STT Canti Graha, semoga karyanya menginspirasi! 🙏✨

#OgohOgoh2026 #STTCantiGraha #Sesetan #BudayaBali #PuraPuraPonsel #KreativitasTanpaBatas""",170,"03/14/2026 05:04",https://www.instagram.com/reel/DV3TjL1gh4P/,"IG reel",,Lifetime,79877,50529,1913,45,3,6,59
18452986687103140,17841414051683694,purapura.ponsel,"Pura Pura Ponsel","Ogoh-ogoh Keren dari STT Sekar Tirta Yowana! 🔥

Detailnya juara! Dari ekspresi wajah raksasa sampai efek air yang keluar langsung dari telapak tangan, Ogoh-ogoh ""Vana Jala Sudha"" ini benar-benar bikin terpukau. 🤩

Gak cuma keren visualnya, maknanya juga dalam banget: mengajak kita untuk lebih peduli pada hutan dan sumber air. Keren banget kreativitas pemuda-pemudi Banjar Sapta Bumi!😱

Gimana menurut semeton, keren banget kan? 👇

#OgohOgoh #BanjarSaptaBumi #BudayaBali #KreativitasTanpaBatas #BaliLife #VisitBali #Nyepi",207,"03/14/2026 03:03",https://www.instagram.com/reel/DV3FvoXma2s/,"IG reel",,Lifetime,50890,31009,1428,54,2,3,48
18073595270563861,17841414051683694,purapura.ponsel,"Pura Pura Ponsel","Ini sih Bukan sekadar seni, tapi salah satu pesan untuk bumi 🌱

Fix, detailnya nggak ada obat! 😱 kali ini Pura - Pura Ponsel Melali ke Banjar Kedaton Sumerta nemu mahakarya dari STT Pamuka. Judulnya Kalpetaru Amartaning Buana, menceritakan tentang kemarahan alam akibat ulah manusia yang serakah.
Pesan moralnya kali ini dalem banget: Kalau kita jaga alam, alam jaga kita. Tapi kalau dirusak? Siap-siap aja... 💀

#ogohogohdenpasar  #sttpamuka #banjarkedaton #budaya  #nyepi2026",89,"03/13/2026 20:02",https://www.instagram.com/reel/DV2VmzejrAK/,"IG reel",,Lifetime,36867,24315,672,22,2,9,15
17854472916628075,17841414051683694,purapura.ponsel,"Pura Pura Ponsel","Semangat membara dari Banjar Abian Nangka Kelod🔥

Keren banget😱Ogoh-ogoh dari Banjar Abian Nangka Kelod tahun ini bener-bener beda. Siapa sangka kalau detail kulit ogoh-ogohnya menggunakan kulit telur asli dan serbuk kayu?

Mengangkat tema ""Kamandalu"", ST. Tunjung Mekar nggak cuma mengejar estetika, tapi juga membawa pesan mendalam tentang kelestarian air dan kesejahteraan🔥

#OgohOgoh2026 #STTunjungMekar #BudayaBali #KreativitasBali #KasangaFest #Denpasar #BaliCulture",175,"03/13/2026 18:02",https://www.instagram.com/reel/DV2HzRAj9B0/,"IG reel",,Lifetime,76162,47137,1218,18,4,5,22
18148713577462846,17841414051683694,purapura.ponsel,"Pura Pura Ponsel","Sebuah karya seni dari STT Eka Dharma, Banjar Busung Yeh Kauh. ✨

Dalam tradisi Hindu Bali, Mebayuh bukan sekadar ritual, melainkan proses penyucian diri dengan air suci (tirta) untuk menetralisir Sad Ripu atau enam musuh dalam diri manusia😇

Ogoh-ogoh raksasa ini melambangkan pergolakan batin tersebut, mengingatkan kita untuk selalu menjaga keseimbangan dan kesucian jiwa.🙏🏻

#OgohOgoh2026 #NyepiBali #STTEkaDharma #BusungYehKauh #KreativitasTanpaBatas #BaliCulture",177,"03/13/2026 07:01",https://www.instagram.com/reel/DV08P4Cj6OQ/,"IG reel",,Lifetime,35098,21660,672,15,1,18,21
18069158567268103,17841414051683694,purapura.ponsel,"Pura Pura Ponsel","Sebuah Karya Seni dari STT Dharma Acrama Sari🤩

Semeton, intip yuk kemegahan Ogoh-ogoh dari Banjar Tegal Dukuh Anyar tahun ini. Dengan tema ""Kala Turuning Segara"", karya ini menceritakan lahirnya Cakra dari kama Sang Rahwana yang jatuh ke lautan. Menariknya, Ogoh-ogoh ini menampilkan pertarungan sengit antara sosok Hanoman yang berusaha membasmi hawa nafsu kegelapan🥺

Detail anatomi yang luar biasa dan mekanisme yang bisa berputar membuat karya ini benar-benar hidup, Salut untuk kerja keras seluruh anggota STT Dharma Acrama Sari. Sukses terus untuk pelestarian seni dan budaya Bali! 👏🔥

#OgohOgoh2026 #STTDharmaAcramaSari #BudayaBali #Nyepi2026 #KalaTuruningSegara #SeniBali #TegalDukuhAnyar",145,"03/13/2026 05:01",https://www.instagram.com/reel/DV0ujcLjoBY/,"IG reel",,Lifetime,36635,23028,699,72,2,15,33
18074201315564891,17841414051683694,purapura.ponsel,"Pura Pura Ponsel","Keren banget🤩

Yuk intip persiapan Ogoh-ogoh Banjar Kebonkuri Tengah oleh STT Wana Satria Wardi. Tahun ini mereka mengangkat kisah 'Musan', perjalanan Boto Ireng mencari saudaranya yang penuh rintangan. Menariknya, ada detail pancoran air asli di ogoh-ogohnya! Semangat terus buat kawan-kawan STT 🔥

#OgohOgoh2026 #KebonkuriTengah #STTWanaSatriaWardi #BudayaBali #Nyepi2026 #Denpasar",162,"03/13/2026 03:01",https://www.instagram.com/reel/DV0gxjaiGsA/,"IG reel",,Lifetime,41148,27162,562,25,3,4,19
18086590903954513,17841414051683694,purapura.ponsel,"Pura Pura Ponsel","Bundle Case iPhone: 3 Pcs Only 100K! 🎀✨ 

Lagi ada promo spesial nih di Pura Pura Ponsel. Dapatkan 3 Case iPhone pilihan kamu (lucu, unik, & keren) cuma seharga 100k aja!
Mulai dari seri iPhone 11 sampai seri iPhone 16 terbaru, semuanya lengkap! ✨
Langsung meluncur ke store kita yuk! Jangan sampai nyesel karena kehabisan motif favorit kamu. 🏃💨

Bingung mau Upgrade HP tapi HP lama gak terpakai?
Jangan khawatir! Bawa saja ke Pura Pura Ponsel
Kami terima Tukar Tambah semua kondisi dan series!

✅ Series Terlama? Bisa!
✅ Android ke iPhone? Bisa Banget!
✅ KREDIT DP & BUNGA 0% (S&K Berlaku)
✅ BISA SPLIT PAYMENT
✅ BANYAK BENEFIT eksklusif lainnya!

Stop galau, saatnya ganti gadget baru tanpa ribet dan untung maksimal!
Kunjungi Toko Kami Sekarang!

Toko Kroya: Jl. Kroya No. 3, Kesiman, Denpasar
Toko Munang Maning: Jl. Subur No. 4 Pemecutan Klod, Denpasar Barat
Jam Buka: Setiap Hari 09:00 - 22:00 WITA
Admin WA: 081237200400 (Klik Link di Bio!)
Tokopedia/Shopee/TikTok Shop: Pura Pura Ponsel

Kualitas Tidak Pernah Pura Pura - Solusi tukar tambah HP terbaik di Bali.",25,"03/12/2026 03:08",https://www.instagram.com/reel/DVx8sWGkw7j/,"IG reel",,Lifetime,8332,5716,33,1,0,0,1
18054221132481231,17841414051683694,purapura.ponsel,"Pura Pura Ponsel","Kreativitas tanpa batas pemuda - pemudi Bali! 🙌✨

Pura Pura Ponsel hadir di  acara Kasanga Fest 2026 untuk memberikan dukungan penuh kepada kreativitas Seka Teruna - Teruni  se-Kota Denpasar. Selamat atas pencapaiannya, semoga semangat ini terus berlanjut tahun-tahun berikutnya! Kalian keren banget! Terima kasih sudah menginspirasi dengan karya-karya epik. Pura Pura Ponsel siap terus support anak muda Bali untuk tetap konsisten berkarya! 🤝📱
#ogohogohdenpasar #kesanganfestival  #stsukarela  #stdharmacita  #stcantika  #yowanasawitra  #stbineka  #stsemadhidharmaputra  #stswastika",113,"03/11/2026 04:02",https://www.instagram.com/reel/DVveLrIDS44/,"IG reel",,Lifetime,64198,39921,1889,12,2,12,30
18091102606895321,17841401356087722,ogohogohdenpasar,"Ogoh Ogoh Denpasar, Bali","BERIKUT PARA JUARA OGOH-OGOH BADUNG CAKA FEST TAHUN 2026🔥🔥

#ogohogoh #ogohogohbadung #ogohogohbali #caka1948 #ogohogoh2026",50,"03/10/2026 22:37",https://www.instagram.com/reel/DVu4n9sDiVv/,"IG reel",,Lifetime,140442,86491,6236,432,9,34,0
18097073602789512,17841403237713917,telagabagus,"TELAGA BAGUS","Ternyata perjuanganku dikalahkan keinginanmu😭

Busana adat lengkap bisa custom sesuka hati hanya di @telagabagus dan toko ponsel terlengkap bisa kredit tanpa DP di denpasar hanya di @purapura.ponsel 

By : @arthadashing_ 
Song : @semayakoplo_official 

#telagabagus #purapuraponsel #arthadashing #busanaadatbali #busanabali",114,"03/09/2026 06:53",https://www.instagram.com/reel/DVqnrpNioFw/,"IG reel",,Lifetime,356150,280569,16614,272,80,54,0
18041592239756016,17841414051683694,purapura.ponsel,"Pura Pura Ponsel","""Si Paling Ayo ✨

Nonton Kasanga Fest? AYO AYO AYO! ✨, Mampir ke booth Pura Pura Ponsel? AYO AYO AYO! 📱
Foto gratis biar makin Cakep ? AYO AYO AYO! 📸Absen di kolom komentar yang udah mampir ke booth pura -pura ponsel ? AYO AYO AYO SEKARANG! 👇🥰

Bingung mau Upgrade HP tapi HP lama gak terpakai?
Jangan khawatir! Bawa saja ke Pura Pura Ponsel
Kami terima Tukar Tambah semua kondisi dan series!

✅ Series Terlama? Bisa!
✅ Android ke iPhone? Bisa Banget!
✅ KREDIT DP & BUNGA 0% (S&K Berlaku)
✅ BISA SPLIT PAYMENT
✅ BANYAK BENEFIT eksklusif lainnya!

Stop galau, saatnya ganti gadget baru tanpa ribet dan untung maksimal!
Kunjungi Toko Kami Sekarang!

Toko Kroya: Jl. Kroya No. 3, Kesiman, Denpasar
Toko Munang Maning: Jl. Subur No. 4 Pemecutan Klod, Denpasar Barat
Jam Buka: Setiap Hari 09:00 - 22:00 WITA
Admin WA: 081237200400 (Klik Link di Bio!)
Tokopedia/Shopee/TikTok Shop: Pura Pura Ponsel

Kualitas Tidak Pernah Pura Pura - Solusi tukar tambah HP terbaik di Bali.",12,"03/08/2026 01:00",https://www.instagram.com/reel/DVnhG9Mk6hk/,"IG reel",,Lifetime,23452,13651,240,1,2,9,3
18055924394455819,17841414051683694,purapura.ponsel,"Pura Pura Ponsel","Pre-Order Vivo V70 Series SEKARANG juga !★

Siapa yang udah gak sabar nunggu kehadiran Vivo V70 dan Vivo V70 FE nih?, Kamu bisa banget ikut pre order di pura pura ponsel cuman mulai dari 500k aja, yuk join po sekarang juga agar kamu bisa menjadi pengguna pertama Vivo V70 dan Vivo V70 FE 📱✨
Dapatkan Benefit Eksklusif hingga 3 JUTA RUPIAH :
🎁Gift Box Eksklusif dari Popmart
🎧Vivo Buds Air 3
💸 Cashback Bank & Tukar Tambah
✅Vivo Care Protection
Jangan sampai kehabisan❣️ Klik link di bio atau langsung DM kita sekarang!📩

Bingung mau Upgrade HP tapi HP lama gak terpakai?
Jangan khawatir! Bawa saja ke Pura Pura Ponsel
Kami terima Tukar Tambah semua kondisi dan series!

✅ Series Terlama? Bisa!
✅ Android ke iPhone? Bisa Banget!
✅ KREDIT DP & BUNGA 0% (S&K Berlaku)
✅ BISA SPLIT PAYMENT
✅ BANYAK BENEFIT eksklusif lainnya!

Stop galau, saatnya ganti gadget baru tanpa ribet dan untung maksimal!
Kunjungi Toko Kami Sekarang!

Toko Kroya: Jl. Kroya No. 3, Kesiman, Denpasar
Toko Munang Maning: Jl. Subur No. 4 Pemecutan Klod, Denpasar Barat
Jam Buka: Setiap Hari 09:00 - 22:00 WITA
Admin WA: 081237200400 (Klik Link di Bio!)
Tokopedia/Shopee/TikTok Shop: Pura Pura Ponsel

Kualitas Tidak Pernah Pura Pura - Solusi tukar tambah HP terbaik di Bali.",41,"03/08/2026 00:18",https://www.instagram.com/reel/DVnb9KDkzUh/,"IG reel",,Lifetime,5562,3642,26,0,0,0,0
17943064452131336,17841414051683694,purapura.ponsel,"Pura Pura Ponsel","Mau foto bareng bestie tapi gratis? 📸✨
Mampir yuk ke booth Pura Pura Ponsel! Kita bagi2 voucher dan ada free photo booth buat kalian semua. Sampai Ketemu di Sana ya!🤗🦥

Bingung mau Upgrade HP tapi HP lama gak terpakai?
Jangan khawatir! Bawa saja ke Pura Pura Ponsel
Kami terima Tukar Tambah semua kondisi dan series!

✅ Series Terlama? Bisa!
✅ Android ke iPhone? Bisa Banget!
✅ KREDIT DP & BUNGA 0% (S&K Berlaku)
✅ BISA SPLIT PAYMENT
✅ BANYAK BENEFIT eksklusif lainnya!

Stop galau, saatnya ganti gadget baru tanpa ribet dan untung maksimal!
Kunjungi Toko Kami Sekarang!

Toko Kroya: Jl. Kroya No. 3, Kesiman, Denpasar
Toko Munang Maning: Jl. Subur No. 4 Pemecutan Klod, Denpasar Barat
Jam Buka: Setiap Hari 09:00 - 22:00 WITA
Admin WA: 081237200400 (Klik Link di Bio!)
Tokopedia/Shopee/TikTok Shop: Pura Pura Ponsel

Kualitas Tidak Pernah Pura Pura - Solusi tukar tambah HP terbaik di Bali.",98,"03/07/2026 22:46",https://www.instagram.com/reel/DVnQGeKE-C8/,"IG reel",,Lifetime,9708,6234,48,5,2,2,2
18556313419063706,17841414051683694,purapura.ponsel,"Pura Pura Ponsel","Setahun sekali, tapi berkesannya selamanya. Mahakarya Ogoh-Ogoh 2026! ✨ 
Siapa yang udah nggak sabar nonton pawainya ?🙋‍♂️

Bingung mau Upgrade HP tapi HP lama gak terpakai?
Jangan khawatir! Bawa saja ke Pura Pura Ponsel
Kami terima Tukar Tambah semua kondisi dan series!

✅ Series Terlama? Bisa!
✅ Android ke iPhone? Bisa Banget!
✅ KREDIT DP & BUNGA 0% (S&K Berlaku)
✅ BISA SPLIT PAYMENT
✅ BANYAK BENEFIT eksklusif lainnya!

Stop galau, saatnya ganti gadget baru tanpa ribet dan untung maksimal!
Kunjungi Toko Kami Sekarang!

Toko Kroya: Jl. Kroya No. 3, Kesiman, Denpasar
Toko Munang Maning: Jl. Subur No. 4 Pemecutan Klod, Denpasar Barat
Jam Buka: Setiap Hari 09:00 - 22:00 WITA
Admin WA: 081237200400 (Klik Link di Bio!)
Tokopedia/Shopee/TikTok Shop: Pura Pura Ponsel

Kualitas Tidak Pernah Pura Pura - Solusi tukar tambah HP terbaik di Bali.",20,"03/07/2026 19:58",https://www.instagram.com/reel/DVm-8xDEwk7/,"IG reel",,Lifetime,37973,24809,1253,5,11,7,10
17850346371642949,17841414051683694,purapura.ponsel,"Pura Pura Ponsel","Lagi pakai HP apa sekarang? Dan kenapa pilih itu? 🤔💭

Ternyata banyak banget alasan seru kenapa teman-teman kita pilih HP mereka, mulai dari kamera kece buat konten sampai hadiah dari orang tersayang❤️ Kalau kamu, ada rencana upgrade HP nggak tahun ini? Tulis di kolom komentar ya👇 Jangan lupa, kalau mau upgrade, ke Pura Pura Ponsel aja! Ada voucher menarik menantimu! 🎁✨

Bingung mau Upgrade HP tapi HP lama gak terpakai?
Jangan khawatir! Bawa saja ke Pura Pura Ponsel
Kami terima Tukar Tambah semua kondisi dan series!

✅ Series Terlama? Bisa!
✅ Android ke iPhone? Bisa Banget!
✅ KREDIT DP & BUNGA 0% (S&K Berlaku)
✅ BISA SPLIT PAYMENT
✅ BANYAK BENEFIT eksklusif lainnya!

Stop galau, saatnya ganti gadget baru tanpa ribet dan untung maksimal!
Kunjungi Toko Kami Sekarang!

Toko Kroya: Jl. Kroya No. 3, Kesiman, Denpasar
Toko Munang Maning: Jl. Subur No. 4 Pemecutan Klod, Denpasar Barat
Jam Buka: Setiap Hari 09:00 - 22:00 WITA
Admin WA: 081237200400 (Klik Link di Bio!)
Tokopedia/Shopee/TikTok Shop: Pura Pura Ponsel

Kualitas Tidak Pernah Pura Pura - Solusi tukar tambah HP terbaik di Bali.",155,"03/07/2026 17:02",https://www.instagram.com/reel/DVmrJruDV9U/,"IG reel",,Lifetime,6971,4357,49,7,2,0,0
17895804090414192,17841414051683694,purapura.ponsel,"Pura Pura Ponsel","KASANGA FEST 2026 SERU BANGET! 🔥

Dari sekian banyak Ogoh-Ogoh yang keren, ternyata ini favorit teman-teman kita🤔 Kira-kira Banjar favorit kalian masuk daftar gak nih?🥹

Selain Ogoh-Ogoh, ternyata kuliner jadi magnet utama ya 🤤 Tapi setuju gak sih kalau cuaca lagi panas gini, butuh tempat berteduh ekstra? 😊☀️

Yuk, mampir ke stand Pura Pura Ponsel buat ngadem dan cek promo menarik lainnya😊Sampai ketemu di sana! 👋✨

Bingung mau Upgrade HP tapi HP lama gak terpakai?
Jangan khawatir! Bawa saja ke Pura Pura Ponsel
Kami terima Tukar Tambah semua kondisi dan series!

✅ Series Terlama? Bisa!
✅ Android ke iPhone? Bisa Banget!
✅ KREDIT DP & BUNGA 0% (S&K Berlaku)
✅ BISA SPLIT PAYMENT
✅ BANYAK BENEFIT eksklusif lainnya!

Stop galau, saatnya ganti gadget baru tanpa ribet dan untung maksimal!
Kunjungi Toko Kami Sekarang!

Toko Kroya: Jl. Kroya No. 3, Kesiman, Denpasar
Toko Munang Maning: Jl. Subur No. 4 Pemecutan Klod, Denpasar Barat
Jam Buka: Setiap Hari 09:00 - 22:00 WITA
Admin WA: 081237200400 (Klik Link di Bio!)
Tokopedia/Shopee/TikTok Shop: Pura Pura Ponsel

Kualitas Tidak Pernah Pura Pura - Solusi tukar tambah HP terbaik di Bali.",127,"03/07/2026 02:48",https://www.instagram.com/reel/DVlJV0BEcH4/,"IG reel",,Lifetime,11852,6845,93,12,3,0,0
18087871861913655,17841401356087722,ogohogohdenpasar,"Ogoh Ogoh Denpasar, Bali","GAGAH!!!

FULL PARADE KASANGA FESTIVAL ADA DI CHANNEL YOUTUBE OGOH-OGOH DENPASAR
‼️LENGKAP DENGAN POST 1 & POST 2‼️

PARADE OGOH-OGOH BANJAR PEKAMBINGAN, DAUH PURI TAHUN 2026 DI KASANGA FESTIVAL
@swastika_pekambingan 

#ogohogoh #ogohogohbali #ogohogohdenpasar #ogohogoh2026 #caka1948",12,"03/06/2026 04:21",https://www.instagram.com/reel/DVivHO6krr4/,"IG reel",,Lifetime,1922998,1082896,115969,9871,792,527,0
18054884177464962,17841401356087722,ogohogohdenpasar,"Ogoh Ogoh Denpasar, Bali","GAGAH❤️❤️

FULL PARADE KASANGA FESTIVAL ADA DI CHANNEL YOUTUBE OGOH-OGOH DENPASAR
‼️LENGKAP DENGAN POST 1 & POST 2‼️

PARADE OGOH-OGOH BANJAR SEDANA MERTHA, UBUNG TAHUN 2026 DI KASANGA FESTIVAL
@st.cantika 

#ogohogoh #ogohogohbali #ogohogohdenpasar #ogohogoh2026 #caka1948",26,"03/06/2026 04:10",https://www.instagram.com/reel/DVitsGAktwK/,"IG reel",,Lifetime,2203774,1399963,171318,8363,730,537,0
17988251936782027,17841414051683694,purapura.ponsel,"Pura Pura Ponsel","Kasanga Fest makin seru bareng Pura Pura Ponsel🔥️

Buat kalian yang lagi seru-seruan di Kasanga Fest, jangan lupa mampir ke stand Pura Pura Ponsel ya😊 Ada banyak promo menarik, pilihan case yang kece, sampai tempered glass biar HP kamu makin aman. ✨

Eits, nggak cuma itu🫣Kamu juga bisa abadikan momen seru kamu di FREE PHOTOBOOTH kita. Yukkk, serbu stand nya sekarang juga🔥📸

Bingung mau Upgrade HP tapi HP lama gak terpakai?
Jangan khawatir! Bawa saja ke Pura Pura Ponsel
Kami terima Tukar Tambah semua kondisi dan series!

✅ Series Terlama? Bisa!
✅ Android ke iPhone? Bisa Banget!
✅ KREDIT DP & BUNGA 0% (S&K Berlaku)
✅ BISA SPLIT PAYMENT
✅ BANYAK BENEFIT eksklusif lainnya!

Stop galau, saatnya ganti gadget baru tanpa ribet dan untung maksimal!
Kunjungi Toko Kami Sekarang!

Toko Kroya: Jl. Kroya No. 3, Kesiman, Denpasar
Toko Munang Maning: Jl. Subur No. 4 Pemecutan Klod, Denpasar Barat
Jam Buka: Setiap Hari 09:00 - 22:00 WITA
Admin WA: 081237200400 (Klik Link di Bio!)
Tokopedia/Shopee/TikTok Shop: Pura Pura Ponsel

Kualitas Tidak Pernah Pura Pura - Solusi tukar tambah HP terbaik di Bali.",24,"03/06/2026 01:32",https://www.instagram.com/reel/DVib5pzgsQe/,"IG reel",,Lifetime,9824,8084,85,5,4,4,1
18074631443432633,17841401356087722,ogohogohdenpasar,"Ogoh Ogoh Denpasar, Bali","INI DIA 16 OGOH-OGOH TERBAIK DI DENPASAR KASANGA FESTIVAL TAHUN 2026 

FULL VIDEO ADA DI CHANNEL YOUTUBE OGOH-OGOH DENPASAR",34,"03/05/2026 21:28",https://www.instagram.com/reel/DVh_2vMEjgO/,"IG reel",,Lifetime,181634,105757,5425,406,19,23,0
18112281232679662,17841401356087722,ogohogohdenpasar,"Ogoh Ogoh Denpasar, Bali","LIVE REPORT LOADING OGOH-OGOH DENPASAR!!!

BANJAR BINOH KELOD DI PEREMPATAN BANJAR TAINSIAT @st.bineka 

#ogohogoh #ogohogohdenpasar #ogohogoh2026 #caka1948 #ogohogohbali",70,"03/05/2026 13:51",https://www.instagram.com/reel/DVhLkLXksQq/,"IG reel",,Lifetime,56018,36531,762,4,0,1,0
17866774242581141,17841401356087722,ogohogohdenpasar,"Ogoh Ogoh Denpasar, Bali","OGOH-OGOH BANJAR BINOH KELOD, UBUNG KAJA TAHUN 2026 @st.bineka 

#ogohogoh #ogohogoh2026 #ogohogohdenpasar #ogohogohbali #caka1948",22,"03/03/2026 22:40",https://www.instagram.com/reel/DVc-kKSkk9t/,"IG reel",,Lifetime,42647,26005,1436,21,3,0,0
18069827306240680,17841414051683694,purapura.ponsel,"Pura Pura Ponsel","Detik-detik mbak sales pengen menghilang dari bumi 💨

Maksud hati mau ramah, apa daya malah bongkar rahasia negara😭 Untung Tecno Camon 50 harganya 3 jutaan, jadi fokusnya bisa teralihkan😁tapi tetep aja paniknya sampe ke sini🤣

Bingung mau Upgrade HP tapi HP lama gak terpakai?
Jangan khawatir! Bawa saja ke Pura Pura Ponsel
Kami terima Tukar Tambah semua kondisi dan series!

✅ Series Terlama? Bisa!
✅ Android ke iPhone? Bisa Banget!
✅ KREDIT DP & BUNGA 0% (S&K Berlaku)
✅ BISA SPLIT PAYMENT
✅ BANYAK BENEFIT eksklusif lainnya!

Stop galau, saatnya ganti gadget baru tanpa ribet dan untung maksimal!
Kunjungi Toko Kami Sekarang!

Toko Kroya: Jl. Kroya No. 3, Kesiman, Denpasar
Toko Munang Maning: Jl. Subur No. 4 Pemecutan Klod, Denpasar Barat
Jam Buka: Setiap Hari 09:00 - 22:00 WITA
Admin WA: 081237200400 (Klik Link di Bio!)
Tokopedia/Shopee/TikTok Shop: Pura Pura Ponsel

Kualitas Tidak Pernah Pura Pura - Solusi tukar tambah HP terbaik di Bali.",20,"03/03/2026 17:22",https://www.instagram.com/reel/DVcaOxACMCU/,"IG reel",,Lifetime,7423,4991,46,14,1,5,1
18072111875630305,17841401870239980,depraz_,"Deka Pratama Satya Alam","iPhone 17e: LAYAK BELI GA?! 🍎

Paling layak beli karena TERMURAH ya cuma di @purapura.ponsel ! Promo Hari Raya harga di bawah SRP: 
🔥 iPhone 16 Pro Max: 19.4jt. 
🔥 Flash Sale iPhone mulai 7.4jt-an. 
🔥 Promo Vivo V70FE & lucky spin berhadiah HP!

Ready di store Bali & e-commerce. Info lengkap cek @purapura.ponsel ✨",78,"03/03/2026 03:57",https://www.instagram.com/reel/DVa-BP0EkGO/,"IG reel",,Lifetime,28304,17686,372,17,1,11,0
18083569208585791,17841414051683694,purapura.ponsel,"Pura Pura Ponsel","HANDPHONEMU KE BLOCKIR ? TUKAR TAMBAH AJA ‼️

Bestie mau ganti Handphone tapi kasihan Handphone lama tidak terpakai ? Tukar Tambah saja di Pura Pura Ponsel 🤩

Kenapa harus di Pura Pura Ponsel ? 
✅ Bisa Tukar Tambah dari series terlama sekalipun
✅ Bisa Tukar Tambah dari imei TERBLOCKIR
✅ Android ke iPhone ? bisa banget dong 🥰
✅ Android ke Android ? Bisa bestie 🥰
✅ Tukar Tambah dan Kredit ? Bisa banget dong 🥰 dapatkan Promo Bunga dan DP 0%
✅ Bisa SPLIT PAYMENT
✅ After Sales ( yang pastinya fast response dan dibantu jika terjadi kendala )
✅ DAN MASIH BANYAK BENEFIT LAINNYA ‼️

Dan tentunya Handphone lama kalian akan diambil dengan harga tinggi 🤩
Jadi tunggu apalagi ? Yuk Segera datang ke toko yaa 🥰

Toko Kroya: Jl. Kroya No. 3, Kesiman, Denpasar
Toko Munang Maning: Jl. Subur No. 4 Pemecutan Klod, Denpasar Barat
Jam Buka: Setiap Hari 09:00 - 22:00 WITA
Admin WA: 081237200400 (Klik Link di Bio!)
Tokopedia/Shopee/TikTok Shop: Pura Pura Ponsel

Kualitas Tidak Pernah Pura Pura - Solusi tukar tambah HP terbaik di Bali.",58,"03/03/2026 02:01",https://www.instagram.com/reel/DVaw19diO6C/,"IG reel",,Lifetime,16757,11801,123,0,5,0,0
17902076271225654,17841414051683694,purapura.ponsel,"Pura Pura Ponsel","ANDROID HARGA GROSIR, HANYA ADA DISINI 😆‼️

Besti gabut atau bingung nich mau cari Handphone Android yang terpercaya ?mending langsung mampir ke Pura Pura Ponsel 😜 
Karena Pura Pura Ponsel hadir dengan berbagai series Android Brand New yang tentunya lengkap dan dengan HARGA GROSIR yang LEBIH MURAH dibanding toko lain 😱

Kenapa harus di Pura Pura Ponsel ? 
✅ Bergaransi resmi
✅ Kualitas barang sama
✅ Bisa kredit, dapatkan PROMO Bunga dan DP 0%
✅ Bisa TUKAR TAMBAH, bahkan dari series terlama sekalipun
✅ Bisa SPLIT PAYMENT
✅ After Sales ( yang pastinya fast response dan dibantu jika terjadi kendala )
✅ DAN MASIH BANYAK BENEFIT LAINNYA ‼️

Dan tentunya BERKESEMPATAN LUCKY DRAW di setiap pembelian Android Brand New yang hadiahnya berupa VOUCHER BELANJA JUTAAN rupiah hingga HANDPHONE 🤩

Buat kalian yang nggak bisa datang ke toko bisa checkout di toko online Minpur yaa. Ada CASHBACK hingga jutaan rupiah 🤩 pengiriman cepat, dijamin aman sampai tujuan whoosh 💨

Toko Kroya: Jl. Kroya No. 3, Kesiman, Denpasar
Toko Munang Maning: Jl. Subur No. 4 Pemecutan Klod, Denpasar Barat
Jam Buka: Setiap Hari 09:00 - 22:00 WITA
Admin WA: 081237200400 (Klik Link di Bio!)
Tokopedia/Shopee/TikTok Shop: Pura Pura Ponsel

Kualitas Tidak Pernah Pura Pura - Solusi tukar tambah HP terbaik di Bali.",59,"03/02/2026 02:01",https://www.instagram.com/reel/DVYMCqiDdMl/,"IG reel",,Lifetime,18805,13124,113,0,1,1,4
17929598505057173,17841414051683694,purapura.ponsel,"Pura Pura Ponsel","Cupak Gerantang Sebuah Cermin Pilihan 🙌🏻

Hidup adalah tentang memilih jalan. Di satu sisi ada Gerantang, simbol ketulusan dan budi pekerti yang luhur . Disisi lain ada Cupak, cerminan keserakahan yang berujung pada kehancuran.
Karya ini merupakan persembahan dari STT Binnayaka Dharma, Banjar Ujung. Melalui guratan seni Ogoh-Ogoh ini.
Kebaikan akan berbuah kemuliaan, namun keserakahan hanya akan meyisakan puing-puing penyesalan.

Pilih dengan bijak, karena apa yang kita tanam, itulah yang kita tuai. ✨

#tradisibali #banjarujung #sttbinnayakadharma #ogohogoh2026",166,"03/01/2026 20:01",https://www.instagram.com/reel/DVXi1VFiAdd/,"IG reel",,Lifetime,35535,21727,553,12,4,4,20
18057914039692042,17841414051683694,purapura.ponsel,"Pura Pura Ponsel","Keserakahan adalah Jurang tanpa Dasar👹

Kisah klasik Manik Angkeran bukan sekadar dongeng pengantar tidur. Ia adalah cermin bagi kita, generasi muda. Melalui karakter Manik Angkeran yang terjerat dalam gelapnya perjudian dan kemewahan semu, STT Catur Dwita, Banjar Pekandelan ingin mengingatkan bahwa sifat tamak hanya akan membawa kehancuran baik bagi diri sendiri maupun bagi tanah kelahiran.
Kehadiran Sang Hyang Naga Basuki dalam karya STT Catur Dwita tahun ini adalah simbol penjaga keseimbangan dan kesucian Pulau Bali. Mari jadikan momentum Caka 1948 ini untuk berefleksi: Apakah kita akan menjadi perusak seperti Manik, atau penjaga seperti Naga Basuki?

Karya ini adalah persembahan ketulusan dan kreativitas pemuda Banjar Pekandelan untuk mengedukasi sekaligus melestarikan tradisi🐲🔥

#STTCaturDwita #BanjarPekandelan #OgohOgoh2026 #BudayaBali #NyepiCaka1948 #TradisiBali",96,"03/01/2026 18:01",https://www.instagram.com/reel/DVXVISVj2ki/,"IG reel",,Lifetime,27284,16845,288,7,3,6,8
18383384560157644,17841414051683694,purapura.ponsel,"Pura Pura Ponsel","Fokus Pada Kekompakan

7 karakter, 1 pesan jangan biarkan ambisi merubuhkan bumi🔥. Karya luar biasa dari semeton STT Niti Dharma Sutra dengan konsep ""Candi Rebah"". Detailnya Juara! 👏🏻
Kekompakan 100% Dari Banjar Batu! bangga bisa melihat langsung proses kreatif semeton STT Niti Dharma Sutra. Dari Karang Naga sampai Karang Gajah, semua menyatu dalam mahakarya ""Candi Rebah"" ✨

#OgohOgoh2026 #KreativitasTanpaBatas #BanjarBatu #balicuture",179,"03/01/2026 04:42",https://www.instagram.com/reel/DVV48YikwVh/,"IG reel",,Lifetime,34340,22499,413,17,0,11,12
18394451491198989,17841414051683694,purapura.ponsel,"Pura Pura Ponsel","IPHONE 14 CUMA 7.999K ? 😱
IPHONE 16 PRO MAX CUMA 19.499K ? 😱
PROMO UGAL-UGALAN IPHONE HINGGA IPAD BRAND NEW 😆

Upgrade yang gaakan buat kantong kalian jebol dan pastinya PROMO UGAL-UGALAN hanya ada di Pura Pura Ponsel 

Kenapa harus di Pura Pura Ponsel ? 
✅ Bergaransi resmi
✅ Kualitas barang sama
✅ Bisa kredit, dapatkan PROMO Bunga dan DP 0%
✅ Bisa TUKAR TAMBAH, bahkan dari series terlama sekalipun
✅ TUKAR TAMBAH + KREDIT ? Bisa banget
✅ Bisa SPLIT PAYMENT
✅ Dibantu pemindahan data dari handphone lama ke handphone baru
✅ After Sales ( yang pastinya fast response dan dibantu jika terjadi kendala )
✅ DAN MASIH BENEFIT LAINNYA ‼️

Yuk DM atau langsung datang ke toko ya bestie 😊🚀

Toko Kroya: Jl. Kroya No. 3, Kesiman, Denpasar
Toko Munang Maning: Jl. Subur No. 4 Pemecutan Klod, Denpasar Barat
Jam Buka: Setiap Hari 09:00 - 22:00 WITA
Admin WA: 081237200400 (Klik Link di Bio!)
Tokopedia/Shopee/TikTok Shop: Pura Pura Ponsel

Kualitas Tidak Pernah Pura Pura - Solusi tukar tambah HP terbaik di Bali.",59,"03/01/2026 02:01",https://www.instagram.com/reel/DVVnNEJDUIb/,"IG reel",,Lifetime,14924,10255,139,4,2,0,3
18083083706004609,17841414051683694,purapura.ponsel,"Pura Pura Ponsel","Kemarin mampir ke Banjar Kepisah Pedungan dan dibuat terpukau sama progres Ogoh-ogoh nya😱

STT Sukarela mengangkat kisah pertemuan Dewa Wisnu dengan Ibu Pertiwi yang melahirkan Bhoma (wujud hutan/pohon).

Yang bikin salah fokus adalah detail teksturnya🫣 Penggunaan bahan alam seperti serbuk kayu bikin ogoh-ogoh ini terasa sangat hidup dan menyatu dengan alam.🥹

Kira-kira banjar mana lagi nih yang punya detail se oke ini? Komen di bawah ya! 👇

#Nyepi2026 #OgohOgohDenpasar #Pedungan #SeniBali #TrunaTruniBali #ExploreBali",136,"02/28/2026 18:01",https://www.instagram.com/reel/DVUwRUJjZN1/,"IG reel",,Lifetime,53514,32533,1318,21,3,5,23
18095425556063019,17841414051683694,purapura.ponsel,"Pura Pura Ponsel","ANDROID HARGA GROSIR😆‼️

Buat bestie yang lagi cari Android Brand New 🥳 
Jangan bingung karena Pura Pura Ponsel hadir dengan berbagai series Android Brand New yang tentunya lengkap dan dengan HARGA RAMAH DIKANTONG 😆

Kenapa harus di Pura Pura Ponsel ? 
✅ Bergaransi resmi
✅ Kualitas barang sama
✅ Bisa kredit, dapatkan PROMO Bunga dan DP 0%
✅ Bisa TUKAR TAMBAH, bahkan dari series terlama sekalipun
✅ Bisa SPLIT PAYMENT
✅ After Sales ( yang pastinya fast response dan dibantu jika terjadi kendala )
✅ DAN MASIH BENEFIT LAINNYA ‼️

Dan tentunya BERKESEMPATAN LUCKY DRAW di setiap pembelian Android Brand New yang hadiahnya berupa VOUCHER BELANJA JUTAAN rupiah hingga HANDPHONE 🤩

Buat kalian yang nggak bisa datang ke toko bisa checkout di toko online Minpur yaa. Ada CASHBACK hingga jutaan rupiah 🤩 pengiriman cepat, dijamin aman sampai tujuan whoosh 💨

Toko Kroya: Jl. Kroya No. 3, Kesiman, Denpasar
Toko Munang Maning: Jl. Subur No. 4 Pemecutan Klod, Denpasar Barat
Jam Buka: Setiap Hari 09:00 - 22:00 WITA
Admin WA: 081237200400 (Klik Link di Bio!)
Tokopedia/Shopee/TikTok Shop: Pura Pura Ponsel

Kualitas Tidak Pernah Pura Pura - Solusi tukar tambah HP terbaik di Bali.",0,"02/28/2026 17:04",https://www.instagram.com/p/DVUp0HYDKKU/,"IG carousel",,Lifetime,313523,122153,538,41,189,48,159
17920529628255614,17841414051683694,purapura.ponsel,"Pura Pura Ponsel","MACET - MACETAN ATAU TIDAK BISA DISENTUH ?  SERVICE DISINI SAJA BESTIE 🤩

Punya keluhan atau kendala dengan handphone bestie ? bawa saja ke Pura Pura Ponsel yaa. Kami menyediakan layanan Service dengan Teknisi yang terpercaya dan kompeten! 🤩
Kenapa harus Service di Pura Pura Ponsel ? 
✅ Service bisa ditunggu
✅ Bisa lihat prosesnya atau dilakukan secara Face To Face
✅ Free tempared glass dan case 
✅ Dapatkan potongan up to 50%
✅ Kami juga menerima service android

Yuk konsultasikan keluhanmu sekarang 😊🚀

Toko Kroya: Jl. Kroya No. 3, Kesiman, Denpasar
Toko Munang Maning: Jl. Subur No. 4 Pemecutan Klod, Denpasar Barat
Jam Buka: Setiap Hari 09:00 - 22:00 WITA
Admin WA: 081237200400 (Klik Link di Bio!)
Tokopedia/Shopee/TikTok Shop: Pura Pura Ponsel

Kualitas Tidak Pernah Pura Pura - Solusi tukar tambah HP terbaik di Bali.",0,"02/28/2026 17:03",https://www.instagram.com/p/DVUps6XDdb4/,"IG carousel",,Lifetime,303073,160974,360,31,94,2,81
18172197907387942,17841414051683694,purapura.ponsel,"Pura Pura Ponsel","MAU UPGRADE HANDPHONE TAPI GAMAU UANG BERKURANG ? BISA BANGET DONG BESTIE 🤩

Khusus untuk bestie yang kaum mendang mending atau budget menipis. Tenang Minpur punya solusinya yaa 🥳
Bestie bisa KREDIT dengan berbagai pilihan finance :
✅ Indodana
✅ Home Credit
✅ Akulaku
✅ Kredivo
✅ Samsung Finance+
✅ Spaylater limit X-tra
✅ Gopaylater
✅ Spektra

Dapatkan PROMO BUNGA dan DP 0% hingga FREE 2 kali cicilan 🥳
Yuk langsung datang ke toko dengan bawa KTP dan Handphone saja ya bestie 🤩🚀

Toko Kroya: Jl. Kroya No. 3, Kesiman, Denpasar
Toko Munang Maning: Jl. Subur No. 4 Pemecutan Klod, Denpasar Barat
Jam Buka: Setiap Hari 09:00 - 22:00 WITA
Admin WA: 081237200400 (Klik Link di Bio!)
Tokopedia/Shopee/TikTok Shop: Pura Pura Ponsel

Kualitas Tidak Pernah Pura Pura - Solusi tukar tambah HP terbaik di Bali.",0,"02/28/2026 17:02",https://www.instagram.com/p/DVUplaogXE3/,"IG carousel",,Lifetime,435280,149085,401,5,104,4,53
18076538300388687,17841414051683694,purapura.ponsel,"Pura Pura Ponsel","APPLE PRODUCT HARGA GROSIR 😆‼️
BESTIE PENGGUNA IPHONE ATAU MACBOOK ? 🤩

Belum lengkap kalau belum koleksi Apple Product lainnya nih. Transfer data yang mudah, sinkronisasi antar perangkat, serta pengalaman pengguna yang konsisten disemua perangkat 🤩

Kenapa harus di Pura Pura Ponsel ? 
✅ Bergaransi resmi
✅ Kualitas barang sama
✅ Bisa kredit, dapatkan PROMO Bunga dan DP 0%
✅ Bisa SPLIT PAYMENT
✅ After Sales ( yang pastinya fast response dan dibantu jika terjadi kendala )
✅ DAN MASIH BENEFIT LAINNYA ‼️

Buat kalian yang nggak bisa datang ke toko bisa checkout di toko online Minpur yaa. Pengiriman cepat, tepat, dan aman sampai tujuan whoosh 💨

Toko Kroya: Jl. Kroya No. 3, Kesiman, Denpasar
Toko Munang Maning: Jl. Subur No. 4 Pemecutan Klod, Denpasar Barat
Jam Buka: Setiap Hari 09:00 - 22:00 WITA
Admin WA: 081237200400 (Klik Link di Bio!)
Tokopedia/Shopee/TikTok Shop: Pura Pura Ponsel

Kualitas Tidak Pernah Pura Pura - Solusi tukar tambah HP terbaik di Bali.",0,"02/28/2026 17:01",https://www.instagram.com/p/DVUpeoKDw5N/,"IG carousel",,Lifetime,205907,106533,226,27,55,14,28
18094070693069345,17841414051683694,purapura.ponsel,"Pura Pura Ponsel","IPHONE HARGA GROSIR😆‼️

Buat bestie yang lagi cari iPhone Brand New 🥳 
Pura Pura Ponsel hadir dengan berbagai series iPhone Brand New dengan Promo yang menarik ya bestie 🥰

Kenapa harus di Pura Pura Ponsel ? 
✅ Bergaransi resmi
✅ Kualitas barang sama
✅ Bisa kredit, dapatkan PROMO Bunga dan DP 0%
✅ Bisa TUKAR TAMBAH, bahkan dari series terlama sekalipun
✅ Bisa SPLIT PAYMENT
✅ Dibantu pemindahan data dari handphone lama ke handphone baru
✅ After Sales ( yang pastinya fast response dan dibantu jika terjadi kendala )
✅ Jika terjadi kendala, akan dibantu claim garansi resmi dan dapatkan unit pinjaman selama proses berlangsung
✅ DAN MASIH BENEFIT LAINNYA ‼️

Buat kalian yang nggak bisa datang ke toko bisa checkout di toko online Minpur yaa. Ada CASHBACK hingga jutaan rupiah 🤩 pengiriman cepat, dijamin aman sampai tujuan whoosh 💨

Toko Kroya: Jl. Kroya No. 3, Kesiman, Denpasar
Toko Munang Maning: Jl. Subur No. 4 Pemecutan Klod, Denpasar Barat
Jam Buka: Setiap Hari 09:00 - 22:00 WITA
Admin WA: 081237200400 (Klik Link di Bio!)
Tokopedia/Shopee/TikTok Shop: Pura Pura Ponsel

Kualitas Tidak Pernah Pura Pura - Solusi tukar tambah HP terbaik di Bali.",0,"02/28/2026 17:00",https://www.instagram.com/p/DVUpZ4LDejZ/,"IG carousel",,Lifetime,151453,111171,775,277,121,44,206
18000057794909301,17841401356087722,ogohogohdenpasar,"Ogoh Ogoh Denpasar, Bali","BANYAK YANG DM MIMIN, DIMANA & KAPAN BISA NONTON OGOH-OGOH DI BALI???🙌🏽

YUK SHARE VIDEO INI KE TEMEN KALIAN YANG MAU NONTON OGOH-OGOH DI BALI❤️

NIH MIMIN KASIH REKOMENDASI BUAT NONTON OGOH-OGOH DI BALI
1. KASANGA FESTIVAL @kasangafest (6-8 Maret)
Parade Ogoh-Ogoh di tanggal 6 Maret dan dilanjutkan lomba ogoh-ogoh mini, baleganjur ngarap dan lainnya di hari selanjutnya
2. BADUNG CAKA FESTIVAL @badungcakafest (6-8 Maret)
3. SANUR METANGI FESTIVAL @sanurmetangi (11-12 Maret)

#ogohogoh #ogohogohbali #ogohogohdenpasar #ogohogoh2026 #caka1948",73,"02/28/2026 07:14",https://www.instagram.com/reel/DVTl6CGkrKH/,"IG reel",,Lifetime,149504,111450,4710,2894,38,82,0
18104417407879763,17841414051683694,purapura.ponsel,"Pura Pura Ponsel","Proses pembuatan ogoh2 STT swastika sebelum masuk ke kesanga fest
Selamat banjar pekambingan udh masuk ke kasanga fest🔥

Ogoh-ogoh dari STT Swastika, Banjar Pekambingan tahun ini mengambil inspirasi dari tema Kasanga Fest ""Jala Sidiswita"" (Memuliakan Air). Visual naga berkepala sembilan ini bukan sekadar estetika, melainkan simbol adaptasi dari cerita Dewata Nawa Sanga.
stay tuned semeton!🔥

#OgohOgoh2026 #STTSwastika #BanjarPekambingan #Nyepi1948 #BudayaBali #KasangaFest #SatrioPadanwaruci",98,"02/28/2026 03:01",https://www.instagram.com/reel/DVTJVogjzbB/,"IG reel",,Lifetime,69991,47159,1972,38,6,3,62
18571326313030610,17841401356087722,ogohogohdenpasar,"Ogoh Ogoh Denpasar, Bali","KILAS BALIK!!! Perjalanan panjang ogoh-ogoh hidrolik Banjar Sedana Mertha, Ubung😍✨

Dimulai dari kegagalan di tahun 2020, lalu mereka bangkit dengan berbagai keberhasilan :
2023: Memukau dengan karya Kawisasening Parwati (Nominasi 1 Denpasar Utara)
2024: Melanjutkan konsistensi melalui Laksmi Alaksmi (Nominasi 1 Denpasar Utara)
2026: Memperoleh nilai tertinggi di ajang Tarung Bebas Kota Denpasar melalui karya masterpiece mereka ""Banyu Pinaruh""

BIG RESPECT UNTUK @mang_they69  @chupliz_ne @st.cantika 

#ogohogoh #ogohogoh2026 #ogohogohdenpasar #ogohogohbali #caka1948",112,"02/28/2026 00:59",https://www.instagram.com/reel/DVS7WJ7gDyU/,"IG reel",,Lifetime,106116,56533,3735,81,5,32,0
17878535859490769,17841401356087722,ogohogohdenpasar,"Ogoh Ogoh Denpasar, Bali","OGOH-OGOH BANJAR POHGADING, UBUNG KAJA, DENPASAR UTARA TAHUN 2026
""Tirta Mumbul""
@st.sdp 

#ogohogoh #ogohogohdenpasar #ogohogohbali #ogohogoh2026 #caka1948",26,"02/27/2026 22:28",https://www.instagram.com/reel/DVSqDNvFvK8/,"IG reel",,Lifetime,36821,21771,1366,19,3,8,0
18088197470171574,17841403110954994,st.wiradharma,"ST. WIRA DHARMA","“NGRAPU”
Caka 1948

@purapura.ponsel",0,"02/27/2026 21:19",https://www.instagram.com/p/DVShx2GCbh0/,"IG image",,Lifetime,22130,10919,401,11,0,0,0
18099383107905480,17841401356087722,ogohogohdenpasar,"Ogoh Ogoh Denpasar, Bali","MIMIN MASIH KAGUMM😍😍😍

KARYA OGOH-OGOH BANJAR SEDANA MERTA, UBUNG TAHUN 2026
@st.cantika 
 #ogohogoh #ogohogoh2026 #ogohogohdenpasar #ogohogohbali #caka1948",50,"02/26/2026 05:27",https://www.instagram.com/reel/DVOQKCcEm4X/,"IG reel",,Lifetime,482426,317148,32169,1815,104,183,0
17944437410981558,17841414051683694,purapura.ponsel,"Pura Pura Ponsel","PROMO PAY DAY: TABLET ANDROID MULAI 2 JUTAAN! 🚀🔥

Daripada gaji cuman numpang lewat dan gak ada bentuknya 💸, mending invest ke gadget yang bikin kamu makin produktif. Di PROMO PAY DAY kali ini, dapetin  Pura Pura Ponsel hadir dengan berbagai series Tablet Brand New dengan Harga dan Promo yang menarik ya bestie🥰

Kenapa harus di Pura Pura Ponsel?
✅ Bergaransi resmi
✅ Kualitas barang sama
✅ Bisa kredit, dapatkan PROMO Bunga dan DP 0%
✅ Bisa TUKAR TAMBAH, bahkan dari series terlama sekalipun
✅ Bisa SPLIT PAYMENT
✅ Dibantu pemindahan data dari handphone lama ke handphone baru
✅ After Sales ( yang pastinya fast response dan dibantu jika terjadi kendala )
✅ Jika terjadi kendala, akan dibantu claim garansi resmi dan dapatkan unit pinjaman selama proses berlangsung
✅ DAN MASIH BENEFIT LAINNYA ‼️

Buat kalian yang nggak bisa datang ke toko bisa checkout di toko online Minpur yaa. Ada CASHBACK hingga jutaan rupiah 🤩 pengiriman cepat, dijamin aman sampai tujuan whoosh 💨
Jadi tunggu apalagi? Yuk Segera datang ke toko ya bestie 🥰

Toko Kroya: Jl. Kroya No. 3, Kesiman, Denpasar
Toko Munang Maning: Jl. Subur No. 4 Pemecutan Klod, Denpasar Barat
Jam Buka: Setiap Hari 09:00 - 22:00 WITA
Admin WA: 081237200400 (Klik Link di Bio!)
Tokopedia/Shopee/TikTok Shop: Pura Pura Ponsel

Kualitas Tidak Pernah Pura Pura - Solusi tukar tambah HP terbaik di Bali.",0,"02/26/2026 04:37",https://www.instagram.com/p/DVOKyqJE3fQ/,"IG carousel",,Lifetime,24892,9299,37,7,0,4,13
17875758624513525,17841414051683694,purapura.ponsel,"Pura Pura Ponsel","Nasi uduk lauknya bebek, waktunya STT CANTIKA COMEBACK! 🦆🔥

wadaw ternyata STT Cantika tahun ini  datang dengan energi penuh  hadir dengan tema ""Banyu Pinaruh"" yang terinspirasi dari Dewi Saraswati. Dengan penggunaan hidrolik 3-4 kali lipat lebih banyak dari tahun sebelumnya, kita siap kasih pergerakan yang lebih natural dan maksimal! ⚙️✨
sepecah apa  ogoh-ogoh dari banjar Sedana Merta nantinya , tunggu di mala pengerupukan 🔥

#nyepi2026  #kesangafest  #ogohogoh2026  #senibali  #banjarsedanamerta  #sttcantika",155,"02/26/2026 04:00",https://www.instagram.com/reel/DVOGhS4ETxq/,"IG reel",,Lifetime,71708,48542,1364,15,3,14,37
18152708257447935,17841414051683694,purapura.ponsel,"Pura Pura Ponsel","Pre-Order Vivo V70 Series SEKARANG!★

Siapa yang udah nggak sabar pegang Vivo V70 Series? Sekarang saatnya! Cukup dengan DP mulai dari 500 ribu aja, kamu udah bisa amanin unit kamu di Pura Pura Ponsel📱✨
Dapatkan Benefit Eksklusif hingga 3 JUTA RUPIAH :
🎁Gift Box Eksklusif dari Popmart
🎧Vivo Buds Air 3
💸 Cashback Bank & Tukar Tambah
✅Vivo Care Protection
Jangan sampai kehabisan❣️Klik link di bio atau langsung DM kita sekarang!📩

Bingung mau Upgrade HP tapi HP lama gak terpakai?
Jangan khawatir! Bawa saja ke Pura Pura Ponsel
Kami terima Tukar Tambah semua kondisi dan series!

✅ Series Terlama? Bisa!
✅ Android ke iPhone? Bisa Banget!
✅ KREDIT DP & BUNGA 0% (S&K Berlaku)
✅ BISA SPLIT PAYMENT
✅ BANYAK BENEFIT eksklusif lainnya!

Stop galau, saatnya ganti gadget baru tanpa ribet dan untung maksimal!
Kunjungi Toko Kami Sekarang!

Toko Kroya: Jl. Kroya No. 3, Kesiman, Denpasar
Toko Munang Maning: Jl. Subur No. 4 Pemecutan Klod, Denpasar Barat
Jam Buka: Setiap Hari 09:00 - 22:00 WITA
Admin WA: 081237200400 (Klik Link di Bio!)
Tokopedia/Shopee/TikTok Shop: Pura Pura Ponsel

Kualitas Tidak Pernah Pura Pura - Solusi tukar tambah HP terbaik di Bali.",28,"02/25/2026 22:06",https://www.instagram.com/reel/DVNdj5Hk1ZC/,"IG reel",,Lifetime,10203,6644,26,2,0,2,0
17892645135288324,17841414051683694,purapura.ponsel,"Pura Pura Ponsel","Fokus pada Cerita dan Makna
dari Ogoh-Ogoh STT. Eka Dharma Suwitra🙌🏻

Dibalik kemegahan Ogoh-Ogoh, terselip makna mendalam tentang pemuliaan air untuk kebahagiaan kehidupan🌊
Sembah Bakti kami tuangkan dalam karya yang berjudul ""Parisudha Segara Kerti"" saat rakyat tertunduk khusyuk melarung sesaji ke tengah samudra. Sang Raksasa, sang penjaga mistis segara, menyaksikan ketulusan manusia dalam memuliakan air. Akankah persembahan ini cukup menyucikan jiwa dan semesta ? 

Saksikan Perwujudan ""Parisudha Segara Kerti"" di Kesanga Fest tahun ini🔥🌊🔱

#Nyepi2026 #KesangaFest #OgohOgoh2026 #SeniBali #BanjarBatanNyuh",173,"02/25/2026 18:02",https://www.instagram.com/reel/DVNB94KAQSs/,"IG reel",,Lifetime,50815,33077,471,19,4,2,9
18111507049709045,17841414051683694,purapura.ponsel,"Pura Pura Ponsel","Nunggu iPhone Turun Harga ? INI MOMENNYA! 📢

Kadang nunggu itu capek, tapi kalau nunggunya buat Promo Pura Pura Ponsel sih PASTI WORTH IT!✨
kita kasih harga ""ngaco"" buat pelanggan tercinta. Dari iphone 13 sampai iphone 17, semua kena diskon gila-gilaan.

INGAT‼️ Promo ini cuma berlaku untuk 3 ORANG TERCEPAT per seri. Jangan sampai keduluan yang lain! 🏃
Daripada cuma bengong liatin video ini, mending langsung tancap gas ke Pura Pura Ponsel sekarang! 🚀

Bingung mau Upgrade HP tapi HP lama gak terpakai?
Jangan khawatir! Bawa saja ke Pura Pura Ponsel
Kami terima Tukar Tambah semua kondisi dan series!

✅ Series Terlama? Bisa!
✅ Android ke iPhone? Bisa Banget!
✅ KREDIT DP & BUNGA 0% (S&K Berlaku)
✅ BISA SPLIT PAYMENT
✅ BANYAK BENEFIT eksklusif lainnya!

Stop galau, saatnya ganti gadget baru tanpa ribet dan untung maksimal!
Kunjungi Toko Kami Sekarang!

Toko Kroya: Jl. Kroya No. 3, Kesiman, Denpasar
Toko Munang Maning: Jl. Subur No. 4 Pemecutan Klod, Denpasar Barat
Jam Buka: Setiap Hari 09:00 - 22:00 WITA
Admin WA: 081237200400 (Klik Link di Bio!)
Tokopedia/Shopee/TikTok Shop: Pura Pura Ponsel

Kualitas Tidak Pernah Pura Pura - Solusi tukar tambah HP terbaik di Bali.",39,"02/25/2026 07:01",https://www.instagram.com/reel/DVL2cLFDdGh/,"IG reel",,Lifetime,209080,98721,676,35,262,22,29
17866263996579020,17841401356087722,ogohogohdenpasar,"Ogoh Ogoh Denpasar, Bali","YUK SIAPA YANG GA SABAR KASANGA FEST TON??? @kasangafest 

@purapura.ponsel 

#ogohogoh #ogohogohbali #ogohogoh2026 #ogohogohdenpasar #nyepi",45,"02/25/2026 05:12",https://www.instagram.com/reel/DVLp4lykpnW/,"IG reel",,Lifetime,25622,17493,463,16,2,1,0
18310387222283469,17841414051683694,purapura.ponsel,"Pura Pura Ponsel","Ogoh-Ogoh paling detail tahun ini ? 🔥

Ada kehidupan di dalam Ogoh-Ogoh!🌋 Detail ""Durtala"" karya ST. Yowana Sawitra Banjar Abian Timbul ini bener-bener bikin merinding. Dari lanskap alam yang hancur sampai ekspresi Dewi Pertiwi yang penuh duka, pesannya dapet banget. Alam kita sedang tidak baik-baik saja🌾

Tim Pura Pura Ponsel sampai terpesona waktu lihat langsung. Kalau kalian, apa bagian yang paling kalian suka dari ogoh-ogoh ini ? komen di bawah ya👇🏻

#BanjarAbianTimbul #OgohOgoh2026 #PuraPuraPonsel #TradisiBali #Nyepi2026",154,"02/25/2026 03:04",https://www.instagram.com/reel/DVLavA0E72V/,"IG reel",,Lifetime,113792,72257,3863,48,7,24,80
18077308088597528,17841401356087722,ogohogohdenpasar,"Ogoh Ogoh Denpasar, Bali","OGOH-OGOH BANJAR ABIANTIMBUL, PEMECUTAN KELOD DENPASAR BARAT TAHUN 2026 @st.yosa 

#ogohogoh #ogohogohdenpasar #ogohogohbali #ogohogoh2026 #caka1948",38,"02/25/2026 02:18",https://www.instagram.com/reel/DVLWC-1jhmd/,"IG reel",,Lifetime,198669,115555,7607,360,16,45,0
17868989973560526,17841414051683694,purapura.ponsel,"Pura Pura Ponsel","""Witala"" STT Bineka 2026. Harmoni manusia dan alam dalam seni Ogoh-ogoh✨

Seni melampaui batas dengan ""Witala"", karya megah dari STT Bineka, Banjar Binoh Kelod. Sebuah representasi harmonis antara manusia dan alam melalui simbolisme air dan kepedulian. Maju terus karya anak muda Bali🔥

Kreativitas tanpa batas dari Banjar Binoh Kelod! ""Witala"" siap menyambut Caka 1948✨

#OgohOgoh2026 #STTBineka #BanjarBinohKelod #Witala #BudayaBali #KreativitasPemuda #BaliArt #Nyepi2026 #Caka1948",182,"02/24/2026 18:02",https://www.instagram.com/reel/DVKdOK4Da2q/,"IG reel",,Lifetime,46831,30827,654,18,1,9,17
18112151473658175,17841414051683694,purapura.ponsel,"Pura Pura Ponsel","Ogoh-ogoh bertema ""Bandhang"" ini punya pesan yang mendalam banget tentang lingkungan✨

Karya luar biasa dari STT Dharma Wangsa, Banjar Tegal Baler Griya, tentang amarah alam akibat ulah manusia. Melalui ogoh-ogoh ini, kita diingatkan bahwa sikap acuh tak acuh terhadap lingkungan seperti membuang sampah sembarangan dan penebangan liar hanyalah menunggu waktu untuk berbalik menjadi bencana.

Mari jadikan momen Nyepi tahun ini sebagai ajakan untuk lebih peduli pada bumi. Rahajeng Nyepi Saka 1948! ✨

#OgohOgoh2026 #STTDharmaWangsa #BudayaBali #Nyepi2026 #KesangaFest #PelestarianAlam",149,"02/24/2026 03:43",https://www.instagram.com/reel/DVI67bkiuf0/,"IG reel",,Lifetime,60697,38583,712,14,3,20,11
18089559668469731,17841414051683694,purapura.ponsel,"Pura Pura Ponsel","Gak cuma kunciran, hati aku juga siap kok kamu ikat. 🤪

Ada yang pernah ngalamin kejadian random kayak gini juga gak? Coba absen di kolom komentar! 👇

Bingung mau Upgrade HP tapi HP lama gak terpakai?
Jangan khawatir! Bawa saja ke Pura Pura Ponsel
Kami terima Tukar Tambah semua kondisi dan series!

✅ Series Terlama? Bisa!
✅ Android ke iPhone? Bisa Banget!
✅ KREDIT DP & BUNGA 0% (S&K Berlaku)
✅ BISA SPLIT PAYMENT
✅ BANYAK BENEFIT eksklusif lainnya!

Stop galau, saatnya ganti gadget baru tanpa ribet dan untung maksimal!
Kunjungi Toko Kami Sekarang!

Toko Kroya: Jl. Kroya No. 3, Kesiman, Denpasar
Toko Munang Maning: Jl. Subur No. 4 Pemecutan Klod, Denpasar Barat
Jam Buka: Setiap Hari 09:00 - 22:00 WITA
Admin WA: 081237200400 (Klik Link di Bio!)
Tokopedia/Shopee/TikTok Shop: Pura Pura Ponsel

Kualitas Tidak Pernah Pura Pura - Solusi tukar tambah HP terbaik di Bali.",16,"02/24/2026 02:01",https://www.instagram.com/reel/DVIvUJjko4c/,"IG reel",,Lifetime,82663,43722,350,31,0,4,24
18123480910587130,17841401356087722,ogohogohdenpasar,"Ogoh Ogoh Denpasar, Bali","Live Report!!!
Penilaian Ogoh-Ogoh Banjar Dukuh Tangkas, Kepaon Pemogan tahun 2026
 @st.dharmadutacesana_ 

#ogohogoh #ogohogoh2026 #caka1948 #ogohogohbali #ogohogohdenpasar",20,"02/23/2026 19:33",https://www.instagram.com/reel/DVIC0w8kpjQ/,"IG reel",,Lifetime,156546,94496,4228,378,13,21,0
18080595941580502,17841414051683694,purapura.ponsel,"Pura Pura Ponsel","Woww ini dia ogoh-ogoh si  PANJI kecil sakit👹🔥

Mengangkat tema Ki Bayusemang, dengan menceritakan sejarah dari Keris Prabu Panji Sakti. Kira-kira bakal sekeren dan segacor apa ya kalau sudah jadi 100%? Progress sekarang sudah 65% dan siap guncang Kasanga Fest tahun 2026!
#ogohogoh2026  # #nyepi2026  #sttdharmapuspita #banjardangingtangkluk #purapuraponsel #tradisibali",113,"02/23/2026 03:02",https://www.instagram.com/reel/DVGRaL5DY04/,"IG reel",,Lifetime,38157,24493,256,10,1,12,10
18120716938606133,17841414051683694,purapura.ponsel,"Pura Pura Ponsel","Tadinya mau cuci mata, malah disuruh cuci dosa 😭

Ingat ya teman-teman, jangan terlalu lama liat yang indah-indah, nanti lupa jalan pulang ke kenyataan! 😂

Bingung mau Upgrade HP tapi HP lama gak terpakai?
Jangan khawatir! Bawa saja ke Pura Pura Ponsel
Kami terima Tukar Tambah semua kondisi dan series!

✅ Series Terlama? Bisa!
✅ Android ke iPhone? Bisa Banget!
✅ KREDIT DP & BUNGA 0% (S&K Berlaku)
✅ BISA SPLIT PAYMENT
✅ BANYAK BENEFIT eksklusif lainnya!

Stop galau, saatnya ganti gadget baru tanpa ribet dan untung maksimal!
Kunjungi Toko Kami Sekarang!

Toko Kroya: Jl. Kroya No. 3, Kesiman, Denpasar
Toko Munang Maning: Jl. Subur No. 4 Pemecutan Klod, Denpasar Barat
Jam Buka: Setiap Hari 09:00 - 22:00 WITA
Admin WA: 081237200400 (Klik Link di Bio!)
Tokopedia/Shopee/TikTok Shop: Pura Pura Ponsel

Kualitas Tidak Pernah Pura Pura - Solusi tukar tambah HP terbaik di Bali.",12,"02/23/2026 02:00",https://www.instagram.com/reel/DVGKaOviJtd/,"IG reel",,Lifetime,14889,8952,77,33,0,0,8
18112000123656229,17841401356087722,ogohogohdenpasar,"Ogoh Ogoh Denpasar, Bali","OGOH-OGOH BANJAR ABIAN KAPAS TENGAH, SUMERTA, DENPASAR TIMUR TAHUN 2026
 ""Wong Ya""
@st.dharmacita 

#ogohogoh #ogohogohdenpasar #ogohogohbali #caka1948 #ogohogoh2026",52,"02/23/2026 01:16",https://www.instagram.com/reel/DVGFXB3jA8A/,"IG reel",,Lifetime,52249,32445,1516,55,4,39,0
17898983604239920,17841414051683694,purapura.ponsel,"Pura Pura Ponsel","Kebo Iwa is in the house! 🔥 gak cuma gede, tapi detail Ogoh-Ogoh Banjar Dajan Tangkluk tahun ini benar-benar bikin merinding. Definisi seni Bali yang naik kelas! ✨

Siapa yang setuju Kebo Iwa ini kandidat kuat juara Kasanga Fest? Tulis di kolom komentar ya!👇🏻

#OgohOgoh2026 #BanjarDajanTangkluk #Nyepi2026 #PuraPuraPonsel #TradisiBali",143,"02/22/2026 18:02",https://www.instagram.com/reel/DVFToUPDB1X/,"IG reel",,Lifetime,41383,27924,475,23,2,6,11
17933876046031549,17841414051683694,purapura.ponsel,"Pura Pura Ponsel","Pantesan setiap malam berisik banget di atas plafon, kirain ada tikus lagi hajatan, nggak tahunya lagi ada turnamen Kunticup! 🏐👻 Siapa nih yang rumahnya sering bunyi begini juga? 😂

Bingung mau Upgrade HP tapi HP lama gak terpakai?
Jangan khawatir! Bawa saja ke Pura Pura Ponsel
Kami terima Tukar Tambah semua kondisi dan series!

✅ Series Terlama? Bisa!
✅ Android ke iPhone? Bisa Banget!
✅ KREDIT DP & BUNGA 0% (S&K Berlaku)
✅ BISA SPLIT PAYMENT
✅ BANYAK BENEFIT eksklusif lainnya!

Stop galau, saatnya ganti gadget baru tanpa ribet dan untung maksimal!
Kunjungi Toko Kami Sekarang!

Toko Kroya: Jl. Kroya No. 3, Kesiman, Denpasar
Toko Munang Maning: Jl. Subur No. 4 Pemecutan Klod, Denpasar Barat
Jam Buka: Setiap Hari 09:00 - 22:00 WITA
Admin WA: 081237200400 (Klik Link di Bio!)
Tokopedia/Shopee/TikTok Shop: Pura Pura Ponsel

Kualitas Tidak Pernah Pura Pura - Solusi tukar tambah HP terbaik di Bali.",19,"02/22/2026 17:01",https://www.instagram.com/reel/DVFMq5rEwfq/,"IG reel",,Lifetime,8489,5170,74,3,0,4,2
18075998219527161,17841414051683694,purapura.ponsel,"Pura Pura Ponsel","Ketika Keserakahan Manusia mulai Melukai Ibu Pertiwi.. 🌍

Bukan sekedar seni, Ogoh-Ogoh ""Roga Sengkaregumi"" karya ST. Jaya Santhi (Banjar Abian Tubuh) adalah sebuah tamparan keras. Lewat detail yang luar biasa, mereka mengingatkan kita bahwa Bumi sedang tidak baik-baik saja akibat ulah tangan-tangan serakah.
Salut untuk Kreativitas pemuda Bali yang terus menjaga harmoni alam lewat karya!✊🏻✨

#ogohogoh2026 #budayabali #sttjayasanthi #purapuraponsel #tradisibali",130,"02/22/2026 03:01",https://www.instagram.com/reel/DVDpqvGk7PR/,"IG reel",,Lifetime,32345,21397,383,11,0,9,9
17918662353270378,17841414051683694,purapura.ponsel,"Pura Pura Ponsel","Tuhan,  kenapa engkau beri aku nasi kotak di saat ada hidangan yang lebih menggoda di depan mata? 😫
jam-jam rawan salah fokus. 🌙

Bingung mau Upgrade HP tapi HP lama gak terpakai?
Jangan khawatir! Bawa saja ke Pura Pura Ponsel
Kami terima Tukar Tambah semua kondisi dan series!

✅ Series Terlama? Bisa!
✅ Android ke iPhone? Bisa Banget!
✅ KREDIT DP & BUNGA 0% (S&K Berlaku)
✅ BISA SPLIT PAYMENT
✅ BANYAK BENEFIT eksklusif lainnya!

Stop galau, saatnya ganti gadget baru tanpa ribet dan untung maksimal!
Kunjungi Toko Kami Sekarang!

Toko Kroya: Jl. Kroya No. 3, Kesiman, Denpasar
Toko Munang Maning: Jl. Subur No. 4 Pemecutan Klod, Denpasar Barat
Jam Buka: Setiap Hari 09:00 - 22:00 WITA
Admin WA: 081237200400 (Klik Link di Bio!)
Tokopedia/Shopee/TikTok Shop: Pura Pura Ponsel

Kualitas Tidak Pernah Pura Pura - Solusi tukar tambah HP terbaik di Bali.",17,"02/22/2026 02:01",https://www.instagram.com/reel/DVDls6cCQcb/,"IG reel",,Lifetime,31118,17267,107,12,1,2,11
18114205717636220,17841403237713917,telagabagus,"TELAGA BAGUS","Intinya harus ikhlas🤣😭

Pusat handphone segala brand harga termurah serta pelayanan terjamin sebali ada di @purapura.ponsel 

Dan tempat busana adat terlengkap bisa custome sesuka hati serta harga termurah sebali cuma di @telagabagus 

By : @arthadashing_ 

#telagabagus #busanabali #arthadashing #purapuraponsel #udeng",124,"02/22/2026 01:59",https://www.instagram.com/reel/DVDlHuFCq7q/,"IG reel",,Lifetime,121747,94129,2314,135,31,73,0
18340428943215269,17841414051683694,purapura.ponsel,"Pura Pura Ponsel","Ketika tim Pura Pura Ponsel menyambut Ramadan. 🤭✨

Sambil nunggu berbuka puasa, mending mampir ke Pura Pura Ponsel dulu buat upgrade gadget baru biar silaturahmi makin lancar! 📱💨""

Bingung mau Upgrade HP tapi HP lama gak terpakai?
Jangan khawatir! Bawa saja ke Pura Pura Ponsel
Kami terima Tukar Tambah semua kondisi dan series!

✅ Series Terlama? Bisa!
✅ Android ke iPhone? Bisa Banget!
✅ KREDIT DP & BUNGA 0% (S&K Berlaku)
✅ BISA SPLIT PAYMENT
✅ BANYAK BENEFIT eksklusif lainnya!

Stop galau, saatnya ganti gadget baru tanpa ribet dan untung maksimal!
Kunjungi Toko Kami Sekarang!

Toko Kroya: Jl. Kroya No. 3, Kesiman, Denpasar
Toko Munang Maning: Jl. Subur No. 4 Pemecutan Klod, Denpasar Barat
Jam Buka: Setiap Hari 09:00 - 22:00 WITA
Admin WA: 081237200400 (Klik Link di Bio!)
Tokopedia/Shopee/TikTok Shop: Pura Pura Ponsel

Kualitas Tidak Pernah Pura Pura - Solusi tukar tambah HP terbaik di Bali.",25,"02/21/2026 17:01",https://www.instagram.com/reel/DVCn5WlARFk/,"IG reel",,Lifetime,7020,4541,71,3,0,0,1
18104711404874314,17841414051683694,purapura.ponsel,"Pura Pura Ponsel","Awalnya lupa kalau lagi puasa😭

Takjil run? Bukan, ini Takjil share!💨 Sedikit berbagi, banyak berarti. Selamat menjalankan ibadah puasa, Sobat Pura Pura Ponsel! 🌙✨

Bingung mau Upgrade HP tapi HP lama gak terpakai?
Jangan khawatir! Bawa saja ke Pura Pura Ponsel
Kami terima Tukar Tambah semua kondisi dan series!

✅ Series Terlama? Bisa!
✅ Android ke iPhone? Bisa Banget!
✅ KREDIT DP & BUNGA 0% (S&K Berlaku)
✅ BISA SPLIT PAYMENT
✅ BANYAK BENEFIT eksklusif lainnya!

Stop galau, saatnya ganti gadget baru tanpa ribet dan untung maksimal!
Kunjungi Toko Kami Sekarang!

Toko Kroya: Jl. Kroya No. 3, Kesiman, Denpasar
Toko Munang Maning: Jl. Subur No. 4 Pemecutan Klod, Denpasar Barat
Jam Buka: Setiap Hari 09:00 - 22:00 WITA
Admin WA: 081237200400 (Klik Link di Bio!)
Tokopedia/Shopee/TikTok Shop: Pura Pura Ponsel

Kualitas Tidak Pernah Pura Pura - Solusi tukar tambah HP terbaik di Bali.",115,"02/21/2026 04:23",https://www.instagram.com/reel/DVBRLbEDNNj/,"IG reel",,Lifetime,8110,5412,61,3,1,3,1
18107374090619939,17841414051683694,purapura.ponsel,"Pura Pura Ponsel","Ternyata rahasia kulit putih glowing gak perlu pakai serum mahal, cukup cium salju 5 menit aja 🤣. Efek samping: muka halus jadi kayak donat tepu😂

Bingung mau Upgrade HP tapi HP lama gak terpakai?
Jangan khawatir! Bawa saja ke Pura Pura Ponsel
Kami terima Tukar Tambah semua kondisi dan series!

✅ Series Terlama? Bisa!
✅ Android ke iPhone? Bisa Banget!
✅ KREDIT DP & BUNGA 0% (S&K Berlaku)
✅ BISA SPLIT PAYMENT
✅ BANYAK BENEFIT eksklusif lainnya!

Stop galau, saatnya ganti gadget baru tanpa ribet dan untung maksimal!
Kunjungi Toko Kami Sekarang!

Toko Kroya: Jl. Kroya No. 3, Kesiman, Denpasar
Toko Munang Maning: Jl. Subur No. 4 Pemecutan Klod, Denpasar Barat
Jam Buka: Setiap Hari 09:00 - 22:00 WITA
Admin WA: 081237200400 (Klik Link di Bio!)
Tokopedia/Shopee/TikTok Shop: Pura Pura Ponsel",21,"02/21/2026 02:01",https://www.instagram.com/reel/DVBA3WtD-7a/,"IG reel",,Lifetime,104776,53447,466,75,0,10,32
17966257632000974,17841414051683694,purapura.ponsel,"Pura Pura Ponsel","Wow Ogoh - Ogoh kali ini gak cuman keren Tapi punya banyak cerita 😱

Kali ini Pura-pura ponsel main-main ke banjar umah anyar, Ini dia karya dari STT Tunas Remaja dengan Tema ""Maguru Satua"" coba kalian Lihat detail Ni Dyah Tantri dan Sang Raja, lengkap dengan pasukan hewan mulai dari angsa sampai monyet yang bisa gerak! 🦢🐒 dan ada ""Damar Kurung"" di tengahnya yang punya cerita rahasia sendiri. sepecah apa nanti dimalam pengerupukan Hari raya nyepi🔥

#ogohogoh  #balilife  #stttunasremaja  #denpasarviral #tradisibali",215,"02/20/2026 18:24",https://www.instagram.com/reel/DVAMf9zjFWS/,"IG reel",,Lifetime,79875,49514,3606,107,5,46,94
18094077557077147,17841414051683694,purapura.ponsel,"Pura Pura Ponsel","Daripada di surga kena overthink, mending ambil jalur prestasi ke neraka aja deh! 😂🔥

Pertanyaan yang sulit dijawab oleh semua suami di dunia. Salah jawab dikit, langsung disuruh pindah alam! 😂

Bingung mau Upgrade HP tapi HP lama gak terpakai?
Jangan khawatir! Bawa saja ke Pura Pura Ponsel
Kami terima Tukar Tambah semua kondisi dan series!

✅ Series Terlama? Bisa!
✅ Android ke iPhone? Bisa Banget!
✅ KREDIT DP & BUNGA 0% (S&K Berlaku)
✅ BISA SPLIT PAYMENT
✅ BANYAK BENEFIT eksklusif lainnya!

Stop galau, saatnya ganti gadget baru tanpa ribet dan untung maksimal!
Kunjungi Toko Kami Sekarang!

Toko Kroya: Jl. Kroya No. 3, Kesiman, Denpasar
Toko Munang Maning: Jl. Subur No. 4 Pemecutan Klod, Denpasar Barat
Jam Buka: Setiap Hari 09:00 - 22:00 WITA
Admin WA: 081237200400 (Klik Link di Bio!)
Tokopedia/Shopee/TikTok Shop: Pura Pura Ponsel

Kualitas Tidak Pernah Pura Pura - Solusi tukar tambah HP terbaik di Bali.",14,"02/20/2026 17:00",https://www.instagram.com/reel/DVADCL6jNm4/,"IG reel",,Lifetime,34588,17453,236,19,0,4,5
18559995517041906,17841414051683694,purapura.ponsel,"Pura Pura Ponsel","ANJING? Eits, jangan salah sangka dulu😂

mampir ke Banjar Buagan, langsung di sambut dengan ""Anjing"" yang satu ini. Tapi ini bukan sembarang anjing, ini adalah Ogoh-Ogoh bertema Anjing Neraka yang lagi digarap serius sama ST. Tenaya Kusuma.
Meskipun tampilannya sangar, ada pesan moral tentang karma di baliknya. Kira-Kira bakal sekeren apa ya kalau sudah 100% selesai ? 🔥

Tag temen kamu yang gak sabar banget liat Ogoh-Ogoh ini! 👇🏻

#OgohOgoh #BaliLife #TradisiBali #Nyepi2026 #banjarbuagan",126,"02/20/2026 03:02",https://www.instagram.com/reel/DU-jBzmAfer/,"IG reel",,Lifetime,68372,44579,1218,49,7,17,26
17923973781249371,17841414051683694,purapura.ponsel,"Pura Pura Ponsel","Sayangi iPhonemu sebelum terlambat! Yakin iPhonemu aman-aman aja? 🤔 📱✨
Kamera getar karena dashboard motor, layar hijau karena sering jatuh, sampai bodi jamuran karena case yang kotor

Bingung mau Upgrade HP tapi HP lama gak terpakai?
Jangan khawatir! Bawa saja ke Pura Pura Ponsel
Kami terima Tukar Tambah semua kondisi dan series!

✅ Series Terlama? Bisa!
✅ Android ke iPhone? Bisa Banget!
✅ KREDIT DP & BUNGA 0% (S&K Berlaku)
✅ BISA SPLIT PAYMENT
✅ BANYAK BENEFIT eksklusif lainnya!

Stop galau, saatnya ganti gadget baru tanpa ribet dan untung maksimal!
Kunjungi Toko Kami Sekarang!

Toko Kroya: Jl. Kroya No. 3, Kesiman, Denpasar
Toko Munang Maning: Jl. Subur No. 4 Pemecutan Klod, Denpasar Barat
Jam Buka: Setiap Hari 09:00 - 22:00 WITA
Admin WA: 081237200400 (Klik Link di Bio!)
Tokopedia/Shopee/TikTok Shop: Pura Pura Ponsel Sayangi iPhonemu sebelum terlambat! Yakin iPhonemu aman-aman aja? 🤔 📱✨
Kamera getar karena dashboard motor, layar hijau karena sering jatuh, sampai bodi jamuran karena case yang kotor

Bingung mau Upgrade HP tapi HP lama gak terpakai?
Jangan khawatir! Bawa saja ke Pura Pura Ponsel
Kami terima Tukar Tambah semua kondisi dan series!

✅ Series Terlama? Bisa!
✅ Android ke iPhone? Bisa Banget!
✅ KREDIT DP & BUNGA 0% (S&K Berlaku)
✅ BISA SPLIT PAYMENT
✅ BANYAK BENEFIT eksklusif lainnya!

Stop galau, saatnya ganti gadget baru tanpa ribet dan untung maksimal!
Kunjungi Toko Kami Sekarang!

Toko Kroya: Jl. Kroya No. 3, Kesiman, Denpasar
Toko Munang Maning: Jl. Subur No. 4 Pemecutan Klod, Denpasar Barat
Jam Buka: Setiap Hari 09:00 - 22:00 WITA
Admin WA: 081237200400 (Klik Link di Bio!)
Tokopedia/Shopee/TikTok Shop: Pura Pura Ponsel",25,"02/20/2026 02:01",https://www.instagram.com/reel/DU-cFlmAgJk/,"IG reel",,Lifetime,14483,8337,55,0,0,0,5
18062656493673915,17841414051683694,purapura.ponsel,"Pura Pura Ponsel","Pura Pura Ponsel Berbagi lagi ☺️

Gak cuma fokus sama gadget, kita juga mau sedikit berbagi kebahagiaan lewat nasi bungkus buat teman-teman. Anggap aja ini sebagai ""pemanasan"" sebelum kita seru-seruan bagi-bagi Takjil Gratis selama bulan Ramadhan🌙

Siapa nih yang udah gak sabar nungguin takjil dari minpur? Komen di bawah ya! 👇

Bingung mau Upgrade HP tapi HP lama gak terpakai?
Jangan khawatir! Bawa saja ke Pura Pura Ponsel
Kami terima Tukar Tambah semua kondisi dan series!

✅ Series Terlama? Bisa!
✅ Android ke iPhone? Bisa Banget!
✅ KREDIT DP & BUNGA 0% (S&K Berlaku)
✅ BISA SPLIT PAYMENT
✅ BANYAK BENEFIT eksklusif lainnya!

Stop galau, saatnya ganti gadget baru tanpa ribet dan untung maksimal!
Kunjungi Toko Kami Sekarang!

Toko Kroya: Jl. Kroya No. 3, Kesiman, Denpasar
Toko Munang Maning: Jl. Subur No. 4 Pemecutan Klod, Denpasar Barat

Jam Buka: Setiap Hari 09:00 - 22:00 WITA
Admin WA: 081237200400 (Klik Link di Bio!)

Tokopedia/Shopee/TikTok Shop: Pura Pura Ponsel 
Sayangi iPhonemu sebelum terlambat! Yakin iPhonemu aman-aman aja? 🤔 📱✨",56,"02/19/2026 03:01",https://www.instagram.com/reel/DU7-JEWjDG8/,"IG reel",,Lifetime,5722,3873,44,1,0,0,0
18000151886896234,17841414051683694,purapura.ponsel,"Pura Pura Ponsel","GOKIL banget sih! Ogoh-Ogoh bertumpuk-tumpuk di banjar munang maning! 🙀🔥
main-main ke markas STT Mekar Jaya langsung di sambut karya keren banget. Namanya ""Gangga Maya"" bukan cuma terlihat estetik saja, tapi ada pesan mendalam tentang kebijaksanaan dan hakikat sejati seorang manusia. 
siapa yang udah gak sabar lihat hasil akhir dari ogoh-ogoh ""Gangga Maya"" waktu pengerupukan nanti ? 👇🏻

#ogohogoh #balilife #sttmekarjaya #denpasarviral #tradisibali",127,"02/19/2026 01:09",https://www.instagram.com/reel/DU7w8w-k8Dp/,"IG reel",,Lifetime,44364,29402,465,25,6,6,13
18566261308060500,17841414051683694,purapura.ponsel,"Pura Pura Ponsel","Kali ini si RAHWANA sudah tak berdaya lagi! ⛓️👹 

Pura -pura ponsel kali ini melali ke banjar dukuh tangkas, ini dia karya seni dari para pemuda pemudi ST. Dharma Duta Cesana  berjudul ""Jala Santa"". Mengisahkan pertarungan Arjuna Sasrabahu melawan Rahwana yang penuh angkara murka. Jala Santa sendiri berarti air yang tenang dan damai—sebagai simbol untuk meredam sifat ""api"" atau nafsu dari sang Rahwana.

Tapi kali ini detailnya nggak main-main, dari ekspresi sampai pergerakan ogoh-ogohnya dapet banget! 🔥, menurut kalian nilai buat ogoh-ogoh ini 1-10 berpa?, komen dibawah 👇

#ogohgohdenpasar  #banjardukuhtangkas  #stdharmadhutacesana #nyepi  #denpasar",104,"03/16/2026 03:01",https://www.instagram.com/reel/DV8PLr3l6eJ/,"IG reel",,Lifetime,33479,23487,538,6,1,5,14
18091998565983596,17841460557348833,arthadashing_,"Artha Dashing","Di suruh maju karena keyakinan, terpaksa mundur karena kenyataan😭

Rilis besok jam 7 malam Video Klip terbaru dari @semayakoplo_official yang berjudul ""MUNDUR""

Support : @purapura.ponsel (Toko ponsel terbaik di Bali)

#arthadashing #semayakoplo #purapuraponsel #mundur #lagubali",50,"01/22/2026 18:56",https://www.instagram.com/reel/DT1ji0VEQ35/,"IG reel","An error occurred while computing metrics.",-,,,,,,,
17863662867475670,17841414051683694,purapura.ponsel,"Pura Pura Ponsel","JANGAN JANGAN ‼️

Jangan setengah setengah pasti Minpur kasi PROMO UGAL-UGALAN 😆
Upgrade yang gaakan buat kantong kalian jebol dan pastinya PROMO UGAL-UGALAN hanya ada di Pura Pura Ponsel 

Kenapa harus di Pura Pura Ponsel ? 
✅ Bergaransi resmi
✅ Kualitas barang sama
✅ Bisa kredit, dapatkan PROMO Bunga dan DP 0%
✅ Bisa TUKAR TAMBAH, bahkan dari series terlama sekalipun
✅ Bisa SPLIT PAYMENT
✅ After Sales ( yang pastinya fast response dan dibantu jika terjadi kendala )
✅ DAN MASIH BANYAK BENEFIT LAINNYA ‼️

Yuk DM atau langsung datang ke toko ya bestie 😊🚀

Toko Kroya: Jl. Kroya No. 3, Kesiman, Denpasar
Toko Munang Maning: Jl. Subur No. 4 Pemecutan Klod, Denpasar Barat
Jam Buka: Setiap Hari 09:00 - 22:00 WITA
Admin WA: 081237200400 (Klik Link di Bio!)
Tokopedia/Shopee/TikTok Shop: Pura Pura Ponsel

Kualitas Tidak Pernah Pura Pura - Solusi tukar tambah HP terbaik di Bali.",55,"01/01/2026 02:01",https://www.instagram.com/reel/DS9sVXqDe48/,"IG reel",,Lifetime,232104,157308,1853,40,102,36,81
18103797622858472,17841401356087722,ogohogohdenpasar,"Ogoh Ogoh Denpasar, Bali","ADA MINIATUR PURA BESAKIH NYA TONNN
Ogoh-Ogoh Banjar Bualu, Desa Bualu, Kuta Selatan tahun 2026
@st.yowanapratyaksa 

#ogohogoh #ogohogohbali #ogohogohbadung #ogohogoh2026 #caka1948",52,"02/18/2026 07:04",https://www.instagram.com/reel/DU502qakrqC/,"IG reel",,Lifetime,228755,145611,17531,546,88,41,0
17874829620523452,17841401356087722,ogohogohdenpasar,"Ogoh Ogoh Denpasar, Bali","Gassss!!! Penilaian Badung tahun 2026
Yuk comment jagoan semeton🔥🔥🔥",32,"02/18/2026 05:23",https://www.instagram.com/reel/DU5prX3krYB/,"IG reel",,Lifetime,37807,24343,877,32,3,9,0
18128692954469049,17841442251754246,sibliwira,"BLI WIRA","HAI AKU TINKERWIR

#sibliwira #reelsvideo #reelsinstagram #reels",22,"02/18/2026 02:29",https://www.instagram.com/reel/DU5VcbfEfwD/,"IG reel",,Lifetime,454068,237798,18229,689,148,387,0
17864713299592093,17841414051683694,purapura.ponsel,"Pura Pura Ponsel","Kretek atau Retak?😭

Bingung mau Upgrade HP tapi HP lama gak terpakai?
Jangan khawatir! Bawa saja ke Pura Pura Ponsel
Kami terima Tukar Tambah semua kondisi dan series!

✅ Series Terlama? Bisa!
✅ Android ke iPhone? Bisa Banget!
✅ KREDIT DP & BUNGA 0% (S&K Berlaku)
✅ BISA SPLIT PAYMENT
✅ BANYAK BENEFIT eksklusif lainnya!

Stop galau, saatnya ganti gadget baru tanpa ribet dan untung maksimal!
Kunjungi Toko Kami Sekarang!

Toko Kroya: Jl. Kroya No. 3, Kesiman, Denpasar
Toko Munang Maning: Jl. Subur No. 4 Pemecutan Klod, Denpasar Barat
Jam Buka: Setiap Hari 09:00 - 22:00 WITA
Admin WA: 081237200400 (Klik Link di Bio!)
Tokopedia/Shopee/TikTok Shop: Pura Pura Ponsel

Kualitas Tidak Pernah Pura Pura - Solusi tukar tambah HP terbaik di Bali.",9,"02/18/2026 02:01",https://www.instagram.com/reel/DU5Sf-0k17L/,"IG reel",,Lifetime,9960,6124,47,2,0,10,1
17882137866463213,17841401356087722,ogohogohdenpasar,"Ogoh Ogoh Denpasar, Bali","FULL LIVE DI TIKTOK OGOH-OGOH DENPASAR

Penilaian Ogoh-Ogoh Badung Zona 7 tahun 2026
Br. Mumbul DA. Bualu Kec. Kuta Selatan

#ogohogoh #ogohogohbali #ogohogoh2026 #ogohogohbadung #caka1948",43,"02/17/2026 21:47",https://www.instagram.com/reel/DU41eSTgN9m/,"IG reel",,Lifetime,589312,359314,33459,2410,269,264,0
18193306513351882,17841414051683694,purapura.ponsel,"Pura Pura Ponsel","LOMBA FOTO OGOH-OGOH BY PURA PURA PONSEL 🙏🏻

Siap abadikan keajaiban ogoh-ogoh khas Bali? Lomba foto seru ini siap memberikan hadiah menggiurkan! 🎁

🏆 Hadiah Menarik:
Juara 1: Uang tunai Rp 1.500.000 + Voucher belanja + Piagam
Juara 2: Uang tunai Rp 1.000.000 + Voucher belanja + Piagam
 Juara 3: Uang tunai Rp 500.000 + Voucher belanja + Piagam

Jangan lewatkan kesempatan untuk meraih hadiah sambil mengabadikan keindahan budaya Bali!❣️

Bingung mau Upgrade HP tapi HP lama gak terpakai?
Jangan khawatir! Bawa saja ke Pura Pura Ponsel
Kami terima Tukar Tambah semua kondisi dan series!

✅ Series Terlama? Bisa!
✅ Android ke iPhone? Bisa Banget!
✅ KREDIT DP & BUNGA 0% (S&K Berlaku)
✅ BISA SPLIT PAYMENT
✅ BANYAK BENEFIT eksklusif lainnya!

Stop galau, saatnya ganti gadget baru tanpa ribet dan untung maksimal!
Kunjungi Toko Kami Sekarang!

Toko Kroya: Jl. Kroya No. 3, Kesiman, Denpasar
Toko Munang Maning: Jl. Subur No. 4 Pemecutan Klod, Denpasar Barat
Jam Buka: Setiap Hari 09:00 - 22:00 WITA
Admin WA: 081237200400 (Klik Link di Bio!)
Tokopedia/Shopee/TikTok Shop: Pura Pura Ponsel

Kualitas Tidak Pernah Pura Pura - Solusi tukar tambah HP terbaik di Bali.",0,"02/17/2026 20:48",https://www.instagram.com/p/DU4uxMoE-SB/,"IG carousel",,Lifetime,85727,33332,300,192,5,0,13
17879931957469092,17841414051683694,purapura.ponsel,"Pura Pura Ponsel","Siapa Cepat, Dia Dapat! Pre-Order Tecno Camon 50 Sekarang! 🚀

Mau HP baru dengan spek gahar tapi budget tetep aman? Tecno Camon 50 jawabannya! Cuma dengan DP mulai 200rb aja, kamu udah bisa amanin unitnya di Pura Pura Ponsel.

Nggak cuma dapet HP keren, kamu juga berkesempatan dapet:
✅ FREE Gift TWS
✅ Hadiah Utama UMROH
✅ Dan hadiah menarik lainnya!

Jangan sampai nyesel karena kehabisan. Buruan DM kami atau langsung gas ke store Pura Pura Ponsel terdekat! 🏃💨

Bingung mau Upgrade HP tapi HP lama gak terpakai?
Jangan khawatir! Bawa saja ke Pura Pura Ponsel
Kami terima Tukar Tambah semua kondisi dan series!

✅ Series Terlama? Bisa!
✅ Android ke iPhone? Bisa Banget!
✅ KREDIT DP & BUNGA 0% (S&K Berlaku)
✅ BISA SPLIT PAYMENT
✅ BANYAK BENEFIT eksklusif lainnya!

Stop galau, saatnya ganti gadget baru tanpa ribet dan untung maksimal!
Kunjungi Toko Kami Sekarang!

Toko Kroya: Jl. Kroya No. 3, Kesiman, Denpasar
Toko Munang Maning: Jl. Subur No. 4 Pemecutan Klod, Denpasar Barat
Jam Buka: Setiap Hari 09:00 - 22:00 WITA
Admin WA: 081237200400 (Klik Link di Bio!)
Tokopedia/Shopee/TikTok Shop: Pura Pura Ponsel

Kualitas Tidak Pernah Pura Pura - Solusi tukar tambah HP terbaik di Bali.",20,"02/17/2026 19:03",https://www.instagram.com/reel/DU4iqnPFVfL/,"IG reel",,Lifetime,6122,4469,21,0,2,0,0
17943398583113853,17841414051683694,purapura.ponsel,"Pura Pura Ponsel","Temukan perbedaanya🤔

Beda nada bikin beda makna, bener banget kan? 😅
Satu kata aja bisa jadi dua makna yang berbeda banget dari kekhawatiran sama keluarga yang sakit, sampe kesalahpahaman kayak gini.

Intinya ya, komunikasi harus jelas dan nada penting banget biar gak salah kaprah deh! 😉

Bingung mau Upgrade HP tapi HP lama gak terpakai?
Jangan khawatir! Bawa saja ke Pura Pura Ponsel
Kami terima Tukar Tambah semua kondisi dan series!

✅ Series Terlama? Bisa!
✅ Android ke iPhone? Bisa Banget!
✅ KREDIT DP & BUNGA 0% (S&K Berlaku)
✅ BISA SPLIT PAYMENT
✅ BANYAK BENEFIT eksklusif lainnya!

Stop galau, saatnya ganti gadget baru tanpa ribet dan untung maksimal!
Kunjungi Toko Kami Sekarang!

Toko Kroya: Jl. Kroya No. 3, Kesiman, Denpasar
Toko Munang Maning: Jl. Subur No. 4 Pemecutan Klod, Denpasar Barat
Jam Buka: Setiap Hari 09:00 - 22:00 WITA
Admin WA: 081237200400 (Klik Link di Bio!)
Tokopedia/Shopee/TikTok Shop: Pura Pura Ponsel

Kualitas Tidak Pernah Pura Pura - Solusi tukar tambah HP terbaik di Bali.",11,"02/17/2026 17:00",https://www.instagram.com/reel/DU4UqOsAJjs/,"IG reel",,Lifetime,12559,7385,63,3,0,2,1
17895350430259670,17841401356087722,ogohogohdenpasar,"Ogoh Ogoh Denpasar, Bali","WOW ZONA PANAS😍🔥
Ogoh-Ogoh Banjar Peken, Bualu, Nusadua, Kuta Selatan tahun 2026

📹 @alit.agstya

#ogohogoh #ogohogohbali #ogohogoh2026 #ogohogohbadung #caka1948",22,"02/17/2026 16:52",https://www.instagram.com/reel/DU4Th8sEmI5/,"IG reel",,Lifetime,624912,307925,31103,3342,177,408,0
18091346582054506,17841414051683694,purapura.ponsel,"Pura Pura Ponsel","Bingung pilih iPhone 16 Pro 256GB atau Pro Max 256GB? Nah ini nih jawabannya HARGA SAMA! 🤩

Dapetin layar lebih besar, baterai lebih awet, dan semua keunggulan Pro Max dengan anggaran yang sama aja. Pilihan jelas kan?

Info lebih lanjut bisa cek langsung ke @purapura.ponsel Ponsel atau kunjungi tokonya ya!😊

Bingung mau Upgrade HP tapi HP lama gak terpakai?
Jangan khawatir! Bawa saja ke Pura Pura Ponsel
Kami terima Tukar Tambah semua kondisi dan series!

✅ Series Terlama? Bisa!
✅ Android ke iPhone? Bisa Banget!
✅ KREDIT DP & BUNGA 0% (S&K Berlaku)
✅ BISA SPLIT PAYMENT
✅ BANYAK BENEFIT eksklusif lainnya!

Stop galau, saatnya ganti gadget baru tanpa ribet dan untung maksimal!
Kunjungi Toko Kami Sekarang!

Toko Kroya: Jl. Kroya No. 3, Kesiman, Denpasar
Toko Munang Maning: Jl. Subur No. 4 Pemecutan Klod, Denpasar Barat
Jam Buka: Setiap Hari 09:00 - 22:00 WITA
Admin WA: 081237200400 (Klik Link di Bio!)
Tokopedia/Shopee/TikTok Shop: Pura Pura Ponsel

Kualitas Tidak Pernah Pura Pura - Solusi tukar tambah HP terbaik di Bali.",0,"02/17/2026 04:00",https://www.instagram.com/p/DU27acIE4Ek/,"IG carousel",,Lifetime,12339,5294,34,6,0,0,1
18067106564259274,17841414051683694,purapura.ponsel,"Pura Pura Ponsel","NIH, GUE YANG CHINDO ASLI! 😂

Imlek datang lagi dan masalahnya juga datang bareng-bareng, Bingung manggil kerabatnya apa. Pas lagi ngumpet-ngumpet mau liat berapa banyak duit di angpao, tiba-tiba dapet omelan dari orang tua ""Jangan suka liat duitnya ya!"" 😆 Kalau udah nikah? Ya pasti wajib bagi-bagi angpao kantongnya langsung langsing pas Imlek tiba 🤣
Tapi walaupun begitu, Imlek tetap jadi hari yang meriah sama keluarga besar! Selamat Imlek tahun Kelinci Perak ya semua! 🧧🏮Cianghi Cianghi

Bingung mau Upgrade HP tapi HP lama gak terpakai?
Jangan khawatir! Bawa saja ke Pura Pura Ponsel
Kami terima Tukar Tambah semua kondisi dan series!

✅ Series Terlama? Bisa!
✅ Android ke iPhone? Bisa Banget!
✅ KREDIT DP & BUNGA 0% (S&K Berlaku)
✅ BISA SPLIT PAYMENT
✅ BANYAK BENEFIT eksklusif lainnya!

Stop galau, saatnya ganti gadget baru tanpa ribet dan untung maksimal!
Kunjungi Toko Kami Sekarang!

Toko Kroya: Jl. Kroya No. 3, Kesiman, Denpasar
Toko Munang Maning: Jl. Subur No. 4 Pemecutan Klod, Denpasar Barat
Jam Buka: Setiap Hari 09:00 - 22:00 WITA
Admin WA: 081237200400 (Klik Link di Bio!)
Tokopedia/Shopee/TikTok Shop: Pura Pura Ponsel

Kualitas Tidak Pernah Pura Pura - Solusi tukar tambah HP terbaik di Bali.",18,"02/17/2026 02:01",https://www.instagram.com/reel/DU2tsGbD9ac/,"IG reel",,Lifetime,5090,3444,34,0,0,2,0
18083219417249149,17841414051683694,purapura.ponsel,"Pura Pura Ponsel","Si Hijau yang Gahar dari Tegal Gede! 💥
Kenalin nih, ""Wil Kataksini"" karya keren dari ST. Yowana Siddhawinangun! Bukan sembarang siluman katak, tapi ini adalah sang penjaga laut dari legenda Alengka.
Detailnya juara, energinya dapet banget! Siap buat meramaikan malam Pengerupukan tahun ini. Siapa nih yang udah nggak sabar lihat aksinya di jalanan? 🙌✨

#OgohOgoh #BaliLife #Siddhawinangun #TegalGede #kreativitastanpabatas",148,"02/16/2026 23:37",https://www.instagram.com/reel/DU2c2tdE87z/,"IG reel",,Lifetime,73210,43756,1094,41,9,51,31
18125961682547930,17841414051683694,purapura.ponsel,"Pura Pura Ponsel","Gong Xi Fa Cai🧧

SELAMAT HARI RAYA IMLEK 2026 - TAHUN KELINCI PERAK! 

Semoga tahun baru membawa berkah melimpah, kesehatan yang prima, rejeki yang mengalir deras, dan kebahagiaan yang tak terhingga untuk kamu dan keluarga tercinta. Mari kita sambut tahun baru dengan hati yang penuh harapan dan semangat yang baru! 🧧🏮
jangan lupa angpaonya🙏🏻

Bingung mau Upgrade HP tapi HP lama gak terpakai?
Jangan khawatir! Bawa saja ke Pura Pura Ponsel
Kami terima Tukar Tambah semua kondisi dan series!

✅ Series Terlama? Bisa!
✅ Android ke iPhone? Bisa Banget!
✅ KREDIT DP & BUNGA 0% (S&K Berlaku)
✅ BISA SPLIT PAYMENT
✅ BANYAK BENEFIT eksklusif lainnya!

Stop galau, saatnya ganti gadget baru tanpa ribet dan untung maksimal!
Kunjungi Toko Kami Sekarang!

Toko Kroya: Jl. Kroya No. 3, Kesiman, Denpasar
Toko Munang Maning: Jl. Subur No. 4 Pemecutan Klod, Denpasar Barat
Jam Buka: Setiap Hari 09:00 - 22:00 WITA
Admin WA: 081237200400 (Klik Link di Bio!)
Tokopedia/Shopee/TikTok Shop: Pura Pura Ponsel

Kualitas Tidak Pernah Pura Pura - Solusi tukar tambah HP terbaik di Bali.",9,"02/16/2026 17:01",https://www.instagram.com/reel/DU1v6HvFu50/,"IG reel",,Lifetime,6830,4816,33,0,0,0,0
18071966129426105,17841401870239980,depraz_,"Deka Pratama Satya Alam","REKOMENDASI BELI ANDROID RAMADHAN 2026

Anyway ngincer yang mana nih?👀

Kalo ada tambahan yang lebih recommend & worth berdasarkan kategori harganya versi kamu, boleh comment ya! 👍

Feel free to SAVE & SHARE ke temen kamu👌
FOLLOW @depraz_ untuk informasi lebih seperti ini🙌",0,"02/15/2026 20:11",https://www.instagram.com/p/DUzg7vEEvBJ/,"IG carousel",,Lifetime,115686,48975,1781,216,70,42,0
17936444103153231,17841414051683694,purapura.ponsel,"Pura Pura Ponsel","GAK CINA TAPI TURUTAN LIBUR IMLEK AJA! 🤣

Meskipun darahnya bukan keturunan Cina, tapi liburan Imlek tetap harus ikutan merayain dong! Nikmatin acara jalanan yang meriah, makan makanan khas Imlek yang lezat, dan ikutan seneng-seneng sama suasana tahun baru yang penuh berkah. Apalagi dapat angpao dari teman-teman Chindo, makin seru deh! 😆🧧
Semoga tahun baru ini juga membawa keberuntungan buat kita semua, meskipun cuma ""turunan liburan"" aja! ✨

Bingung mau Upgrade HP tapi HP lama gak terpakai?
Jangan khawatir! Bawa saja ke Pura Pura Ponsel
Kami terima Tukar Tambah semua kondisi dan series!

✅ Series Terlama? Bisa!
✅ Android ke iPhone? Bisa Banget!
✅ KREDIT DP & BUNGA 0% (S&K Berlaku)
✅ BISA SPLIT PAYMENT
✅ BANYAK BENEFIT eksklusif lainnya!

Stop galau, saatnya ganti gadget baru tanpa ribet dan untung maksimal!
Kunjungi Toko Kami Sekarang!

Toko Kroya: Jl. Kroya No. 3, Kesiman, Denpasar
Toko Munang Maning: Jl. Subur No. 4 Pemecutan Klod, Denpasar Barat
Jam Buka: Setiap Hari 09:00 - 22:00 WITA
Admin WA: 081237200400 (Klik Link di Bio!)
Tokopedia/Shopee/TikTok Shop: Pura Pura Ponsel

Kualitas Tidak Pernah Pura Pura - Solusi tukar tambah HP terbaik di Bali.",16,"02/15/2026 17:01",https://www.instagram.com/reel/DUzLIIpEblh/,"IG reel",,Lifetime,19690,14656,158,14,2,14,2
18323777578222685,17841414051683694,purapura.ponsel,"Pura Pura Ponsel","Penghianat Cinta! 💔 Udah serius nontonnya, udah siap emosi sama ceweknya, eh malah berakhir begini. Ada yang bisa bantu jelasin hubungan mereka? 🏃‍♂️💨

Bingung mau Upgrade HP tapi HP lama gak terpakai?
Jangan khawatir! Bawa saja ke Pura Pura Ponsel
Kami terima Tukar Tambah semua kondisi dan series!

✅ Series Terlama? Bisa!
✅ Android ke iPhone? Bisa Banget!
✅ KREDIT DP & BUNGA 0% (S&K Berlaku)
✅ BISA SPLIT PAYMENT
✅ BANYAK BENEFIT eksklusif lainnya!

Stop galau, saatnya ganti gadget baru tanpa ribet dan untung maksimal!
Kunjungi Toko Kami Sekarang!

Toko Kroya: Jl. Kroya No. 3, Kesiman, Denpasar
Toko Munang Maning: Jl. Subur No. 4 Pemecutan Klod, Denpasar Barat
Jam Buka: Setiap Hari 09:00 - 22:00 WITA
Admin WA: 081237200400 (Klik Link di Bio!)
Tokopedia/Shopee/TikTok Shop: Pura Pura Ponsel",35,"02/15/2026 01:54",https://www.instagram.com/reel/DUxjC9Kk2Lp/,"IG reel",,Lifetime,11233,7175,90,24,0,8,3
18010637603830045,17841414051683694,purapura.ponsel,"Pura Pura Ponsel","Pejuang beda agama🥹

Terkadang pengorbanan tidak perlu di validasi hanya  perlu apresiasi, namun jika konsepnya seperti ini artinya ???🥴

Bingung mau Upgrade HP tapi HP lama gak terpakai?
Jangan khawatir! Bawa saja ke Pura Pura Ponsel
Kami terima Tukar Tambah semua kondisi dan series!

✅ Series Terlama? Bisa!
✅ Android ke iPhone? Bisa Banget!
✅ KREDIT DP & BUNGA 0% (S&K Berlaku)
✅ BISA SPLIT PAYMENT
✅ BANYAK BENEFIT eksklusif lainnya!

Stop galau, saatnya ganti gadget baru tanpa ribet dan untung maksimal!
Kunjungi Toko Kami Sekarang!

Toko Kroya: Jl. Kroya No. 3, Kesiman, Denpasar
Toko Munang Maning: Jl. Subur No. 4 Pemecutan Klod, Denpasar Barat
Jam Buka: Setiap Hari 09:00 - 22:00 WITA
Admin WA: 081237200400 (Klik Link di Bio!)
Tokopedia/Shopee/TikTok Shop: Pura Pura Ponsel

Kualitas Tidak Pernah Pura Pura - Solusi tukar tambah HP terbaik di Bali.",10,"02/14/2026 17:01",https://www.instagram.com/reel/DUwmWY6jN0b/,"IG reel",,Lifetime,72570,30463,389,58,2,12,13
18045955061709572,17841414051683694,purapura.ponsel,"Pura Pura Ponsel","Ngecas Iphone ditinggal tidur? aman gak yaa?🤔
para kaun mageran jawabannya aman yahh, sebelum kalian tidur coba dek aktifkan mode ini😇

Bingung mau Upgrade HP tapi HP lama gak terpakai?
Jangan khawatir! Bawa saja ke Pura Pura Ponsel
Kami terima Tukar Tambah semua kondisi dan series!

✅ Series Terlama? Bisa!
✅ Android ke iPhone? Bisa Banget!
✅ KREDIT DP & BUNGA 0% (S&K Berlaku)
✅ BISA SPLIT PAYMENT
✅ BANYAK BENEFIT eksklusif lainnya!

Stop galau, saatnya ganti gadget baru tanpa ribet dan untung maksimal!
Kunjungi Toko Kami Sekarang!

Toko Kroya: Jl. Kroya No. 3, Kesiman, Denpasar
Toko Munang Maning: Jl. Subur No. 4 Pemecutan Klod, Denpasar Barat
Jam Buka: Setiap Hari 09:00 - 22:00 WITA
Admin WA: 081237200400 (Klik Link di Bio!)
Tokopedia/Shopee/TikTok Shop: Pura Pura Ponsel

Kualitas Tidak Pernah Pura Pura - Solusi tukar tambah HP terbaik di Bali.",40,"02/14/2026 02:01",https://www.instagram.com/reel/DUu_UtcD-q9/,"IG reel",,Lifetime,4542,2803,20,0,0,0,0
17874906975417572,17841414051683694,purapura.ponsel,"Pura Pura Ponsel","❤️ HAPPY VALENTINE'S DAY! ❤️

Cinta bukan hanya tentang momen romantis, tapi juga tentang perhatian kecil, dukungan yang tulus, dan kebahagiaan sederhana bersama orang tersayang. Semoga hari cinta ini penuh dengan kehangatan, senyuman, dan cinta yang tak terbatas untuk kita semua! 🌹✨
kamu mau nanas gak? kok isi mikir langsung gass aja kalee🤣

Bingung mau Upgrade HP tapi HP lama gak terpakai?
Jangan khawatir! Bawa saja ke Pura Pura Ponsel
Kami terima Tukar Tambah semua kondisi dan series!

✅ Series Terlama? Bisa!
✅ Android ke iPhone? Bisa Banget!
✅ KREDIT DP & BUNGA 0% (S&K Berlaku)
✅ BISA SPLIT PAYMENT
✅ BANYAK BENEFIT eksklusif lainnya!

Stop galau, saatnya ganti gadget baru tanpa ribet dan untung maksimal!
Kunjungi Toko Kami Sekarang!

Toko Kroya: Jl. Kroya No. 3, Kesiman, Denpasar
Toko Munang Maning: Jl. Subur No. 4 Pemecutan Klod, Denpasar Barat
Jam Buka: Setiap Hari 09:00 - 22:00 WITA
Admin WA: 081237200400 (Klik Link di Bio!)
Tokopedia/Shopee/TikTok Shop: Pura Pura Ponsel

Kualitas Tidak Pernah Pura Pura - Solusi tukar tambah HP terbaik di Bali.",34,"02/13/2026 17:00",https://www.instagram.com/reel/DUuBeixgb3M/,"IG reel",,Lifetime,7779,5211,45,1,1,2,0
18091195880117985,17841414051683694,purapura.ponsel,"Pura Pura Ponsel","KEJADIAN SORE INI😱😱😱

Lagi asik pacaran, cowok mu mokondo? dan gak ada
cokelat😱 Untung ada Pura Pura Ponsel yang selalu
kasih kejutan manis🍫 jadi, yuk buruan besok beli HP
di Pura Pura Ponsel bisa dapat cokleat gratis 😉💖

Bingung mau Upgrade HP tapi HP lama gak terpakai?
Jangan khawatir! Bawa saja ke Pura Pura Ponsel
Kami terima Tukar Tambah semua kondisi dan series!

✅ Series Terlama? Bisa!
✅ Android ke iPhone? Bisa Banget!
✅ KREDIT DP & BUNGA 0% (S&K Berlaku)
✅ BISA SPLIT PAYMENT
✅ BANYAK BENEFIT eksklusif lainnya!

Stop galau, saatnya ganti gadget baru tanpa ribet dan untung maksimal!
Kunjungi Toko Kami Sekarang!

Toko Kroya: Jl. Kroya No. 3, Kesiman, Denpasar
Toko Munang Maning: Jl. Subur No. 4 Pemecutan Klod, Denpasar Barat
Jam Buka: Setiap Hari 09:00 - 22:00 WITA
Admin WA: 081237200400 (Klik Link di Bio!)
Tokopedia/Shopee/TikTok Shop: Pura Pura Ponsel

Kualitas Tidak Pernah Pura Pura - Solusi tukar tambah HP terbaik di Bali.",21,"02/13/2026 05:20",https://www.instagram.com/reel/DUsxTjCiChg/,"IG reel",,Lifetime,146649,93807,797,26,6,37,57
18096559834752224,17841414051683694,purapura.ponsel,"Pura Pura Ponsel","Terpesona dakdakan di tempat gym😫

Mata orang ini terlalu serius, simak sampai akhir apa yang akan dia lakukan🫣

Bingung mau Upgrade HP tapi HP lama gak terpakai?
Jangan khawatir! Bawa saja ke Pura Pura Ponsel
Kami terima Tukar Tambah semua kondisi dan series!

✅ Series Terlama? Bisa!
✅ Android ke iPhone? Bisa Banget!
✅ KREDIT DP & BUNGA 0% (S&K Berlaku)
✅ BISA SPLIT PAYMENT
✅ BANYAK BENEFIT eksklusif lainnya!

Stop galau, saatnya ganti gadget baru tanpa ribet dan untung maksimal!
Kunjungi Toko Kami Sekarang!

Toko Kroya: Jl. Kroya No. 3, Kesiman, Denpasar
Toko Munang Maning: Jl. Subur No. 4 Pemecutan Klod, Denpasar Barat
Jam Buka: Setiap Hari 09:00 - 22:00 WITA
Admin WA: 081237200400 (Klik Link di Bio!)
Tokopedia/Shopee/TikTok Shop: Pura Pura Ponsel

Kualitas Tidak Pernah Pura Pura - Solusi tukar tambah HP terbaik di Bali.",27,"02/13/2026 02:01",https://www.instagram.com/reel/DUsaiM-AdOT/,"IG reel",,Lifetime,23310,12800,104,6,0,3,10
18091180337514160,17841414051683694,purapura.ponsel,"Pura Pura Ponsel","yuk tebak tebakan kamera 😊

yang dipakai ngerekan yang mana yahh?
ayokk coba tebak di kolom komentar☺️

Bingung mau Upgrade HP tapi HP lama gak terpakai?
Jangan khawatir! Bawa saja ke Pura Pura Ponsel
Kami terima Tukar Tambah semua kondisi dan series!

✅ Series Terlama? Bisa!
✅ Android ke iPhone? Bisa Banget!
✅ KREDIT DP & BUNGA 0% (S&K Berlaku)
✅ BISA SPLIT PAYMENT
✅ BANYAK BENEFIT eksklusif lainnya!

Stop galau, saatnya ganti gadget baru tanpa ribet dan untung maksimal!
Kunjungi Toko Kami Sekarang!

Toko Kroya: Jl. Kroya No. 3, Kesiman, Denpasar
Toko Munang Maning: Jl. Subur No. 4 Pemecutan Klod, Denpasar Barat
Jam Buka: Setiap Hari 09:00 - 22:00 WITA
Admin WA: 081237200400 (Klik Link di Bio!)
Tokopedia/Shopee/TikTok Shop: Pura Pura Ponsel

Kualitas Tidak Pernah Pura Pura - Solusi tukar tambah HP terbaik di Bali.",16,"02/12/2026 23:01",https://www.instagram.com/reel/DUsF7T3kgUj/,"IG reel",,Lifetime,13422,7883,47,0,0,4,2
18073889225614137,17841414051683694,purapura.ponsel,"Pura Pura Ponsel","Jadi cara mengatasi nya begini yaaa🥰

siapa yang suka gregetan nihhh ayuk tonton sampai habis kalau kalian mau tau orang ini cara mengatasi masalahnya dengan sendiri tanpa bantuan orang lain😫

Bingung mau Upgrade HP tapi HP lama gak terpakai?
Jangan khawatir! Bawa saja ke Pura Pura Ponsel
Kami terima Tukar Tambah semua kondisi dan series!

✅ Series Terlama? Bisa!
✅ Android ke iPhone? Bisa Banget!
✅ KREDIT DP & BUNGA 0% (S&K Berlaku)
✅ BISA SPLIT PAYMENT
✅ BANYAK BENEFIT eksklusif lainnya!

Stop galau, saatnya ganti gadget baru tanpa ribet dan untung maksimal!
Kunjungi Toko Kami Sekarang!

Toko Kroya: Jl. Kroya No. 3, Kesiman, Denpasar
Toko Munang Maning: Jl. Subur No. 4 Pemecutan Klod, Denpasar Barat
Jam Buka: Setiap Hari 09:00 - 22:00 WITA
Admin WA: 081237200400 (Klik Link di Bio!)
Tokopedia/Shopee/TikTok Shop: Pura Pura Ponsel

Kualitas Tidak Pernah Pura Pura - Solusi tukar tambah HP terbaik di Bali.",32,"02/12/2026 17:01",https://www.instagram.com/reel/DUrcuYVjcGV/,"IG reel",,Lifetime,12414,7595,34,0,0,2,1
18421542250143254,17841401356087722,ogohogohdenpasar,"Ogoh Ogoh Denpasar, Bali","SKETSA OGOH-OGOH PART 15

Banjar Antap, Panjer @stt.dwitunggal 

Banjar Penopengan, Sanur Kauh @st.dharmacanthi 

Banjar Binoh Kaja, Ubung Kaja @stt.bineka 

#ogohogohdenpasar #ogohogohbali #caka1948 #ogohogoh1948 #sketsaogohogoh",23,"02/12/2026 04:07",https://www.instagram.com/reel/DUqEAbUkliq/,"IG reel",,Lifetime,42340,23283,713,18,1,3,0
17896200777400235,17841414051683694,purapura.ponsel,"Pura Pura Ponsel","Kenapa kamauan orang ini aneh?🤔

Orang ini ada ada aja nihh, teman kalian ada yang sama tidak punya keinginan yang aneh🤣

Bingung mau Upgrade HP tapi HP lama gak terpakai?
Jangan khawatir! Bawa saja ke Pura Pura Ponsel
Kami terima Tukar Tambah semua kondisi dan series!

✅ Series Terlama? Bisa!
✅ Android ke iPhone? Bisa Banget!
✅ KREDIT DP & BUNGA 0% (S&K Berlaku)
✅ BISA SPLIT PAYMENT
✅ BANYAK BENEFIT eksklusif lainnya!

Stop galau, saatnya ganti gadget baru tanpa ribet dan untung maksimal!
Kunjungi Toko Kami Sekarang!

Toko Kroya: Jl. Kroya No. 3, Kesiman, Denpasar
Toko Munang Maning: Jl. Subur No. 4 Pemecutan Klod, Denpasar Barat
Jam Buka: Setiap Hari 09:00 - 22:00 WITA
Admin WA: 081237200400 (Klik Link di Bio!)
Tokopedia/Shopee/TikTok Shop: Pura Pura Ponsel

Kualitas Tidak Pernah Pura Pura - Solusi tukar tambah HP terbaik di Bali.",9,"02/12/2026 02:01",https://www.instagram.com/reel/DUp1uFFjMVb/,"IG reel",,Lifetime,26596,13886,102,55,1,1,8
17928662364053912,17841414051683694,purapura.ponsel,"Pura Pura Ponsel","WOW Gede banget! 😱 Intip proses kreatif Ogoh-Ogoh 'Wong Ye' dari Banjar Abian Kapas Tengah untuk Caka 1948. Banjar Abian Kapas Tengah bener-bener nggak main-main tahun ini!, Menurut kalian, dari skala 1-10 berapa nilai buat Ogoh-Ogoh 'Wong Ye' ini? 🤩

#ogohogoh2026 #purapuraponsel #reviewogohogoh #caka1948 #banjarabiankapastengah",108,"02/12/2026 01:02",https://www.instagram.com/reel/DUpugSpk37w/,"IG reel",,Lifetime,168041,103600,3844,89,24,22,86
17946304599097512,17841414051683694,purapura.ponsel,"Pura Pura Ponsel","perbandingan kamera antara iPhone 12 pro, iPhone 13 pro dan 15 Pro📸

Bingung mau Upgrade HP tapi HP lama gak terpakai?
Jangan khawatir! Bawa saja ke Pura Pura Ponsel
Kami terima Tukar Tambah semua kondisi dan series!

✅ Series Terlama? Bisa!
✅ Android ke iPhone? Bisa Banget!
✅ KREDIT DP & BUNGA 0% (S&K Berlaku)
✅ BISA SPLIT PAYMENT
✅ BANYAK BENEFIT eksklusif lainnya!

Stop galau, saatnya ganti gadget baru tanpa ribet dan untung maksimal!
Kunjungi Toko Kami Sekarang!

Toko Kroya: Jl. Kroya No. 3, Kesiman, Denpasar
Toko Munang Maning: Jl. Subur No. 4 Pemecutan Klod, Denpasar Barat
Jam Buka: Setiap Hari 09:00 - 22:00 WITA
Admin WA: 081237200400 (Klik Link di Bio!)
Tokopedia/Shopee/TikTok Shop: Pura Pura Ponsel

Kualitas Tidak Pernah Pura Pura - Solusi tukar tambah HP terbaik di Bali.",17,"02/11/2026 23:00",https://www.instagram.com/reel/DUphE-cj6Bp/,"IG reel",,Lifetime,11915,6459,40,1,1,0,2
18112185832642996,17841414051683694,purapura.ponsel,"Pura Pura Ponsel","Minpur berani jamin dari kalian pasti gagal nebak kamera mana yg dipakai buat ngerekam 🤔. 
Yang bisa tebak dengan benar dan kasih alasannya di kolom komentar, fiks kalian keren banget sih! 👏🏻

Bingung mau Upgrade HP tapi HP lama gak terpakai?
Jangan khawatir! Bawa saja ke Pura Pura Ponsel
Kami terima Tukar Tambah semua kondisi dan series!

✅ Series Terlama? Bisa!
✅ Android ke iPhone? Bisa Banget!
✅ KREDIT DP & BUNGA 0% (S&K Berlaku)
✅ BISA SPLIT PAYMENT
✅ BANYAK BENEFIT eksklusif lainnya!

Stop galau, saatnya ganti gadget baru tanpa ribet dan untung maksimal!
Kunjungi Toko Kami Sekarang!

Toko Kroya: Jl. Kroya No. 3, Kesiman, Denpasar
Toko Munang Maning: Jl. Subur No. 4 Pemecutan Klod, Denpasar Barat
Jam Buka: Setiap Hari 09:00 - 22:00 WITA
Admin WA: 081237200400 (Klik Link di Bio!)
Tokopedia/Shopee/TikTok Shop: Pura Pura Ponsel

Kualitas Tidak Pernah Pura Pura - Solusi tukar tambah HP terbaik di Bali.",21,"02/11/2026 17:01",https://www.instagram.com/reel/DUo35S2CjOu/,"IG reel",,Lifetime,17934,9985,88,5,0,3,1
18079926944033922,17841414051683694,purapura.ponsel,"Pura Pura Ponsel","ANDROID HARGA GROSIR ‼️😆

Buat bestie yang lagi cari Android Brand New 🥳 
Jangan bingung karena Pura Pura Ponsel hadir dengan berbagai series Android Brand New yang tentunya lengkap dan dengan HARGA RAMAH DIKANTONG 😆

Kenapa harus di Pura Pura Ponsel ? 
✅ Bergaransi resmi
✅ Kualitas barang sama
✅ Bisa kredit, dapatkan PROMO Bunga dan DP 0%
✅ Bisa TUKAR TAMBAH, bahkan dari series terlama sekalipun
✅ Bisa SPLIT PAYMENT
✅ After Sales ( yang pastinya fast response dan dibantu jika terjadi kendala )
✅ DAN MASIH BENEFIT LAINNYA ‼️

Dan tentunya BERKESEMPATAN LUCKY DRAW di setiap pembelian Android Brand New yang hadiahnya berupa VOUCHER BELANJA JUTAAN rupiah hingga HANDPHONE 🤩

Buat kalian yang nggak bisa datang ke toko bisa checkout di toko online Minpur yaa. Ada CASHBACK hingga jutaan rupiah 🤩 pengiriman cepat, dijamin aman sampai tujuan whoosh 💨
Jadi tunggu apalagi ? Yuk Segera datang ke toko bestie bestie 🥰

Toko Kroya: Jl. Kroya No. 3, Kesiman, Denpasar
Toko Munang Maning: Jl. Subur No. 4 Pemecutan Klod, Denpasar Barat
Jam Buka: Setiap Hari 09:00 - 22:00 WITA
Admin WA: 081237200400 (Klik Link di Bio!)
Tokopedia/Shopee/TikTok Shop: Pura Pura Ponsel

Kualitas Tidak Pernah Pura Pura - Solusi tukar tambah HP terbaik di Bali.",0,"02/11/2026 06:10",https://www.instagram.com/p/DUnteWQjM7b/,"IG carousel",,Lifetime,108696,84091,287,18,101,30,51
17979734291974792,17841414051683694,purapura.ponsel,"Pura Pura Ponsel","Salah lihat atau???🫣

sekali"" cuci mata secara tiba tiba tidak masalah kawan lanjutkan😭

Bingung mau Upgrade HP tapi HP lama gak terpakai?
Jangan khawatir! Bawa saja ke Pura Pura Ponsel
Kami terima Tukar Tambah semua kondisi dan series!

✅ Series Terlama? Bisa!
✅ Android ke iPhone? Bisa Banget!
✅ KREDIT DP & BUNGA 0% (S&K Berlaku)
✅ BISA SPLIT PAYMENT
✅ BANYAK BENEFIT eksklusif lainnya!

Stop galau, saatnya ganti gadget baru tanpa ribet dan untung maksimal!
Kunjungi Toko Kami Sekarang!

Toko Kroya: Jl. Kroya No. 3, Kesiman, Denpasar
Toko Munang Maning: Jl. Subur No. 4 Pemecutan Klod, Denpasar Barat
Jam Buka: Setiap Hari 09:00 - 22:00 WITA
Admin WA: 081237200400 (Klik Link di Bio!)
Tokopedia/Shopee/TikTok Shop: Pura Pura Ponsel

Kualitas Tidak Pernah Pura Pura - Solusi tukar tambah HP terbaik di Bali.",18,"02/11/2026 02:01",https://www.instagram.com/reel/DUnQ8EyF190/,"IG reel",,Lifetime,59080,31128,285,98,0,7,15
18136682029493408,17841414051683694,purapura.ponsel,"Pura Pura Ponsel","Samsung juga bisa asikk kaleee😍

Samsung S25 FE juga gak kalah nihh cuma 9 jutaan aja udah ngalain yang laen, pengguna hp yang sama yukk buruan komen, ini saatnya ajang meng-agung agungkan hp kalian di kolom komentar yaaa😉

Bingung mau Upgrade HP tapi HP lama gak terpakai?
Jangan khawatir! Bawa saja ke Pura Pura Ponsel
Kami terima Tukar Tambah semua kondisi dan series!

✅ Series Terlama? Bisa!
✅ Android ke iPhone? Bisa Banget!
✅ KREDIT DP & BUNGA 0% (S&K Berlaku)
✅ BISA SPLIT PAYMENT
✅ BANYAK BENEFIT eksklusif lainnya!

Stop galau, saatnya ganti gadget baru tanpa ribet dan untung maksimal!
Kunjungi Toko Kami Sekarang!

Toko Kroya: Jl. Kroya No. 3, Kesiman, Denpasar
Toko Munang Maning: Jl. Subur No. 4 Pemecutan Klod, Denpasar Barat
Jam Buka: Setiap Hari 09:00 - 22:00 WITA
Admin WA: 081237200400 (Klik Link di Bio!)
Tokopedia/Shopee/TikTok Shop: Pura Pura Ponsel

Kualitas Tidak Pernah Pura Pura - Solusi tukar tambah HP terbaik di Bali.",11,"02/10/2026 20:00",https://www.instagram.com/reel/DUmnsy0kW_X/,"IG reel",,Lifetime,11007,7194,66,1,0,0,0
17925543927216850,17841414051683694,purapura.ponsel,"Pura Pura Ponsel","Nah kalau udah begini urusannya mau gimana lagi? 😔
Cepetan tobat deh sebelum menyesal endingnya 🥲

Bingung mau Upgrade HP tapi HP lama gak terpakai?
Jangan khawatir! Bawa saja ke Pura Pura Ponsel
Kami terima Tukar Tambah semua kondisi dan series!

✅ Series Terlama? Bisa!
✅ Android ke iPhone? Bisa Banget!
✅ KREDIT DP & BUNGA 0% (S&K Berlaku)
✅ BISA SPLIT PAYMENT
✅ BANYAK BENEFIT eksklusif lainnya!

Stop galau, saatnya ganti gadget baru tanpa ribet dan untung maksimal!
Kunjungi Toko Kami Sekarang!

Toko Kroya: Jl. Kroya No. 3, Kesiman, Denpasar
Toko Munang Maning: Jl. Subur No. 4 Pemecutan Klod, Denpasar Barat
Jam Buka: Setiap Hari 09:00 - 22:00 WITA
Admin WA: 081237200400 (Klik Link di Bio!)
Tokopedia/Shopee/TikTok Shop: Pura Pura Ponsel

Nah kalau udah begini urusannya mau gimana lagi? 😔
Cepetan tobat deh sebelum menyesal endingnya 🥲

Bingung mau Upgrade HP tapi HP lama gak terpakai?
Jangan khawatir! Bawa saja ke Pura Pura Ponsel
Kami terima Tukar Tambah semua kondisi dan series!

✅ Series Terlama? Bisa!
✅ Android ke iPhone? Bisa Banget!
✅ KREDIT DP & BUNGA 0% (S&K Berlaku)
✅ BISA SPLIT PAYMENT
✅ BANYAK BENEFIT eksklusif lainnya!

Stop galau, saatnya ganti gadget baru tanpa ribet dan untung maksimal!
Kunjungi Toko Kami Sekarang!

Toko Kroya: Jl. Kroya No. 3, Kesiman, Denpasar
Toko Munang Maning: Jl. Subur No. 4 Pemecutan Klod, Denpasar Barat
Jam Buka: Setiap Hari 09:00 - 22:00 WITA
Admin WA: 081237200400 (Klik Link di Bio!)
Tokopedia/Shopee/TikTok Shop: Pura Pura Ponsel

Kualitas Tidak Pernah Pura Pura - Solusi tukar tambah HP terbaik di Bali.",28,"02/10/2026 17:01",https://www.instagram.com/reel/DUmTKF3jWOC/,"IG reel",,Lifetime,12735,8390,51,0,0,6,0
18120361792569712,17841414051683694,purapura.ponsel,"Pura Pura Ponsel","Geol geol in dulu gak sehh🫣

tuh kan yang namanya cowok dikasi tontonan yang kenyal kenyal dikit langsung suka berubah suasana😵‍💫

Bingung mau Upgrade HP tapi HP lama gak terpakai?
Jangan khawatir! Bawa saja ke Pura Pura Ponsel
Kami terima Tukar Tambah semua kondisi dan series!

✅ Series Terlama? Bisa!
✅ Android ke iPhone? Bisa Banget!
✅ KREDIT DP & BUNGA 0% (S&K Berlaku)
✅ BISA SPLIT PAYMENT
✅ BANYAK BENEFIT eksklusif lainnya!

Stop galau, saatnya ganti gadget baru tanpa ribet dan untung maksimal!
Kunjungi Toko Kami Sekarang!

Toko Kroya: Jl. Kroya No. 3, Kesiman, Denpasar
Toko Munang Maning: Jl. Subur No. 4 Pemecutan Klod, Denpasar Barat
Jam Buka: Setiap Hari 09:00 - 22:00 WITA
Admin WA: 081237200400 (Klik Link di Bio!)
Tokopedia/Shopee/TikTok Shop: Pura Pura Ponsel

Kualitas Tidak Pernah Pura Pura - Solusi tukar tambah HP terbaik di Bali.",21,"02/10/2026 02:00",https://www.instagram.com/reel/DUksGbJjYG0/,"IG reel",,Lifetime,38393,19528,232,59,2,2,34
18090864281043901,17841414051683694,purapura.ponsel,"Pura Pura Ponsel","Bukan sekedar jam tangan, Apple Watch adalah asisten pribadi di pergelangan tanganmu. Terintegrasi sempurna dengan ekosistem iPhone kamu untuk menunjang aktivitas harian.

💰 Harga Promo Mulai: Rp 4.409.000! 📍 Tersedia di Cabang Kesiman & Pemecutan Klod.

Tunggu apa lagi? Buruan amankan promonya sebelum kehabisan! 🏃💨

Bingung mau Upgrade HP tapi HP lama gak terpakai?
Jangan khawatir! Bawa saja ke Pura Pura Ponsel
Kami terima Tukar Tambah semua kondisi dan series!

✅ Series Terlama? Bisa!
✅ Android ke iPhone? Bisa Banget!
✅ KREDIT DP & BUNGA 0% (S&K Berlaku)
✅ BISA SPLIT PAYMENT
✅ BANYAK BENEFIT eksklusif lainnya!

Stop galau, saatnya ganti gadget baru tanpa ribet dan untung maksimal!
Kunjungi Toko Kami Sekarang!

Toko Kroya: Jl. Kroya No. 3, Kesiman, Denpasar
Toko Munang Maning: Jl. Subur No. 4 Pemecutan Klod, Denpasar Barat
Jam Buka: Setiap Hari 09:00 - 22:00 WITA
Admin WA: 081237200400 (Klik Link di Bio!)
Tokopedia/Shopee/TikTok Shop: Pura Pura Ponsel",0,"02/09/2026 20:20",https://www.instagram.com/p/DUkFM9qk5q1/,"IG carousel",,Lifetime,8644,4135,21,1,0,0,0
18089885744038503,17841414051683694,purapura.ponsel,"Pura Pura Ponsel","dimana letak bedanya?🤔

buka laptop rata rata sama aja sihh kalok kalian buka laptop gimna? apakah terbolak balik atau terbelok bolak?🫠

Bingung mau Upgrade HP tapi HP lama gak terpakai?
Jangan khawatir! Bawa saja ke Pura Pura Ponsel
Kami terima Tukar Tambah semua kondisi dan series!

✅ Series Terlama? Bisa!
✅ Android ke iPhone? Bisa Banget!
✅ KREDIT DP & BUNGA 0% (S&K Berlaku)
✅ BISA SPLIT PAYMENT
✅ BANYAK BENEFIT eksklusif lainnya!

Stop galau, saatnya ganti gadget baru tanpa ribet dan untung maksimal!
Kunjungi Toko Kami Sekarang!

Toko Kroya: Jl. Kroya No. 3, Kesiman, Denpasar
Toko Munang Maning: Jl. Subur No. 4 Pemecutan Klod, Denpasar Barat
Jam Buka: Setiap Hari 09:00 - 22:00 WITA
Admin WA: 081237200400 (Klik Link di Bio!)
Tokopedia/Shopee/TikTok Shop: Pura Pura Ponsel

Kualitas Tidak Pernah Pura Pura - Solusi tukar tambah HP terbaik di Bali.",6,"02/09/2026 17:01",https://www.instagram.com/reel/DUjuWchkdG7/,"IG reel",,Lifetime,6775,4203,29,0,0,3,0
18511450630079987,17841414051683694,purapura.ponsel,"Pura Pura Ponsel","Nah kan, kalau udah kayak gini berat deh urusannya 🥲
jangan ditonton sampai habis deh kata minmin 🥹

Bingung mau Upgrade HP tapi HP lama gak terpakai?
Jangan khawatir! Bawa saja ke Pura Pura Ponsel
Kami terima Tukar Tambah semua kondisi dan series!

✅ Series Terlama? Bisa!
✅ Android ke iPhone? Bisa Banget!
✅ KREDIT DP & BUNGA 0% (S&K Berlaku)
✅ BISA SPLIT PAYMENT
✅ BANYAK BENEFIT eksklusif lainnya!

Stop galau, saatnya ganti gadget baru tanpa ribet dan untung maksimal!
Kunjungi Toko Kami Sekarang!

Toko Kroya: Jl. Kroya No. 3, Kesiman, Denpasar
Toko Munang Maning: Jl. Subur No. 4 Pemecutan Klod, Denpasar Barat
Jam Buka: Setiap Hari 09:00 - 22:00 WITA
Admin WA: 081237200400 (Klik Link di Bio!)
Tokopedia/Shopee/TikTok Shop: Pura Pura Ponsel

Kualitas Tidak Pernah Pura Pura - Solusi tukar tambah HP terbaik di Bali.",25,"02/09/2026 02:01",https://www.instagram.com/reel/DUiHYPIDqdE/,"IG reel",,Lifetime,48905,23982,339,186,0,4,57
17986711973928505,17841414051683694,purapura.ponsel,"Pura Pura Ponsel","Siapa yang dari kemarin nungguin promo iPad? 👀

Ada kabar gembira nih! Di Pura Pura Ponsel lagi ada promo gede-gedean. Kamu bisa dapat potongan up to 1 JUTA buat pembelian iPad bundling aksesoris TAM. 😱
Cocok banget buat kamu yang mau makin produktif atau sekedar nonton drakor makin asik!

S&K: Khusus pengguna Kartu Kredit & berlaku sampai 14 Feb 2026 ya!
📍 Lokasi: Pura Pura Ponsel Sampai ketemu di toko! 👋

Bingung mau Upgrade HP tapi HP lama gak terpakai?
Jangan khawatir! Bawa saja ke Pura Pura Ponsel
Kami terima Tukar Tambah semua kondisi dan series!

✅ Series Terlama? Bisa!
✅ Android ke iPhone? Bisa Banget!
✅ KREDIT DP & BUNGA 0% (S&K Berlaku)
✅ BISA SPLIT PAYMENT
✅ BANYAK BENEFIT eksklusif lainnya!

Stop galau, saatnya ganti gadget baru tanpa ribet dan untung maksimal!
Kunjungi Toko Kami Sekarang!

Toko Kroya: Jl. Kroya No. 3, Kesiman, Denpasar
Toko Munang Maning: Jl. Subur No. 4 Pemecutan Klod, Denpasar Barat
Jam Buka: Setiap Hari 09:00 - 22:00 WITA
Admin WA: 081237200400 (Klik Link di Bio!)
Tokopedia/Shopee/TikTok Shop: Pura Pura Ponsel",16,"02/08/2026 20:01",https://www.instagram.com/reel/DUheIZliMJu/,"IG reel",,Lifetime,4903,3666,29,0,1,0,0
17987469752946972,17841414051683694,purapura.ponsel,"Pura Pura Ponsel","Strategi ""Cerdas"" Beli Handphone di 2026! 💡

Tau gak sih kalau harga iPhone itu ada siklus turunnya? Kalau mau paling murah banget, biasanya harus nunggu momen clearance di akhir tahun.
Tapi kalau HP kamu udah lemot sekarang, masa mau nunggu 6 bulan lagi? 😱
Gak cuma iPhone! Buat pejuang Android, kita punya koleksi lengkap.
Beli Samsung A36 udah dapet FREE Adapter Original pula! ⚡️

Tag temen kamu yang dari kemarin kode mau ganti HP! 👇🏻

Bingung mau Upgrade HP tapi HP lama gak terpakai?
Jangan khawatir! Bawa saja ke Pura Pura Ponsel Kami terima Tukar Tambah semua kondisi dan series!

✅ Series Terlama? Bisa!
✅ Android ke iPhone? Bisa Banget!
✅ KREDIT DP & BUNGA 0% (S&K Berlaku)
✅ BISA SPLIT PAYMENT
✅ BANYAK BENEFIT eksklusif lainnya!

Stop galau, saatnya ganti gadget baru tanpa ribet dan untung maksimal!
Kunjungi Toko Kami Sekarang!

Toko Kroya: Jl. Kroya No. 3, Kesiman, Denpasar
Toko Munang Maning: Jl. Subur No. 4 Pemecutan
Klod, Denpasar Barat
Jam Buka: Setiap Hari 09:00 - 22:00 WITA
Admin WA: 081237200400 (Klik Link di Bio!)
Tokopedia/Shopee/TikTok Shop: Pura Pura Ponsel",80,"02/08/2026 18:47",https://www.instagram.com/reel/DUhVrdiDZLi/,"IG reel",,Lifetime,102054,69446,521,91,38,0,109
18383968447156427,17841414051683694,purapura.ponsel,"Pura Pura Ponsel","Minimal dibilangin ""be careful"" lah biar nggak oleng begini. 🫠
Cuma mau nanya, kalian tim yang harus di ucapin ""Hati-hati"" sama ayang atau tim ""Gass kemana aja gak perluh kata hati-hati""?🤣

Bingung mau Upgrade HP tapi HP lama gak terpakai?
Jangan khawatir! Bawa saja ke Pura Pura Ponsel
Kami terima Tukar Tambah semua kondisi dan series!

✅ Series Terlama? Bisa!
✅ Android ke iPhone? Bisa Banget!
✅ KREDIT DP & BUNGA 0% (S&K Berlaku)
✅ BISA SPLIT PAYMENT
✅ BANYAK BENEFIT eksklusif lainnya!

Stop galau, saatnya ganti gadget baru tanpa ribet dan untung maksimal!
Kunjungi Toko Kami Sekarang!

Toko Kroya: Jl. Kroya No. 3, Kesiman, Denpasar
Toko Munang Maning: Jl. Subur No. 4 Pemecutan Klod, Denpasar Barat
Jam Buka: Setiap Hari 09:00 - 22:00 WITA
Admin WA: 081237200400 (Klik Link di Bio!)
Tokopedia/Shopee/TikTok Shop: Pura Pura Ponselv",11,"02/08/2026 17:01",https://www.instagram.com/reel/DUhJlIwlBcR/,"IG reel",,Lifetime,9594,5873,114,9,0,7,1
18449525566108064,17841414051683694,purapura.ponsel,"Pura Pura Ponsel","Strategi ""Cerdas"" Beli Handphone di 2026! 💡

Tau gak sih kalau harga iPhone itu ada siklus turunnya? Kalau mau paling murah banget, biasanya harus nunggu momen clearance di akhir tahun.
Tapi kalau HP kamu udah lemot sekarang, masa mau nunggu 6 bulan lagi? 😱
Gak cuma iPhone! Buat pejuang Android, kita punya koleksi lengkap. 
Beli Samsung A36 udah dapet FREE Adapter Original pula! ⚡️

Tag temen kamu yang dari kemarin kode mau ganti HP! 👇

Bingung mau Upgrade HP tapi HP lama gak terpakai?
Jangan khawatir! Bawa saja ke Pura Pura Ponsel
Kami terima Tukar Tambah semua kondisi dan series!

✅ Series Terlama? Bisa!
✅ Android ke iPhone? Bisa Banget!
✅ KREDIT DP & BUNGA 0% (S&K Berlaku)
✅ BISA SPLIT PAYMENT
✅ BANYAK BENEFIT eksklusif lainnya!

Stop galau, saatnya ganti gadget baru tanpa ribet dan untung maksimal!
Kunjungi Toko Kami Sekarang!

Toko Kroya: Jl. Kroya No. 3, Kesiman, Denpasar
Toko Munang Maning: Jl. Subur No. 4 Pemecutan Klod, Denpasar Barat
Jam Buka: Setiap Hari 09:00 - 22:00 WITA
Admin WA: 081237200400 (Klik Link di Bio!)
Tokopedia/Shopee/TikTok Shop: Pura Pura Ponsel",80,"02/08/2026 02:16",https://www.instagram.com/reel/DUfjpmaE6ef/,"IG reel",,Lifetime,25226,17900,362,29,16,18,62
17887291461430748,17841414051683694,purapura.ponsel,"Pura Pura Ponsel","Hati-hati ya yang lagi nonton, jangan lupa kedip! minmin aja pas awal liat video ini sempat nahan napas beberapa detik 🫣

Ujian terberat hari ini bukan kerjaan yang numpuk, tapi menahan diri buat nggak terus-terusan klik tombol replay 😗

Bingung mau Upgrade HP tapi HP lama gak terpakai?
Jangan khawatir! Bawa saja ke Pura Pura Ponsel
Kami terima Tukar Tambah semua kondisi dan series!

✅ Series Terlama? Bisa!
✅ Android ke iPhone? Bisa Banget!
✅ KREDIT DP & BUNGA 0% (S&K Berlaku)
✅ BISA SPLIT PAYMENT
✅ BANYAK BENEFIT eksklusif lainnya!

Stop galau, saatnya ganti gadget baru tanpa ribet dan untung maksimal!
Kunjungi Toko Kami Sekarang!

Toko Kroya: Jl. Kroya No. 3, Kesiman, Denpasar
Toko Munang Maning: Jl. Subur No. 4 Pemecutan Klod, Denpasar Barat
Jam Buka: Setiap Hari 09:00 - 22:00 WITA
Admin WA: 081237200400 (Klik Link di Bio!)
Tokopedia/Shopee/TikTok Shop: Pura Pura Ponsel

Kualitas Tidak Pernah Pura Pura - Solusi tukar tambah HP terbaik di Bali.",17,"02/08/2026 02:01",https://www.instagram.com/reel/DUfildklHXD/,"IG reel",,Lifetime,35479,19676,190,6,0,0,16
18124283737484069,17841414051683694,purapura.ponsel,"Pura Pura Ponsel","ngelawak dengan twist🤪

awalnya bikin penasaran bahkan sedikit bingung ""kok tutor jadi monyet?"", terus pas digeser langsung jelas maknanya dan bikin ngakak karena ada kejutan positifnya 😄

Bingung mau Upgrade HP tapi HP lama gak terpakai?
Jangan khawatir! Bawa saja ke Pura Pura Ponsel
Kami terima Tukar Tambah semua kondisi dan series!

✅ Series Terlama? Bisa!
✅ Android ke iPhone? Bisa Banget!
✅ KREDIT DP & BUNGA 0% (S&K Berlaku)
✅ BISA SPLIT PAYMENT
✅ BANYAK BENEFIT eksklusif lainnya!

Stop galau, saatnya ganti gadget baru tanpa ribet dan untung maksimal!
Kunjungi Toko Kami Sekarang!

Toko Kroya: Jl. Kroya No. 3, Kesiman, Denpasar
Toko Munang Maning: Jl. Subur No. 4 Pemecutan Klod, Denpasar Barat
Jam Buka: Setiap Hari 09:00 - 22:00 WITA
Admin WA: 081237200400 (Klik Link di Bio!)
Tokopedia/Shopee/TikTok Shop: Pura Pura Ponsel

Kualitas Tidak Pernah Pura Pura - Solusi tukar tambah HP terbaik di Bali.",0,"02/07/2026 20:00",https://www.instagram.com/p/DUe5SEFj3vs/,"IG carousel",,Lifetime,8300,2963,21,0,0,0,0
17919351360100493,17841414051683694,purapura.ponsel,"Pura Pura Ponsel","BUKAN COWO SMART TAPI ???

Terkadang yang banyak teori tidak bisa melewati tantangan hidupnya sendiri, tapi kalau urusan menggurui nomer 1, bener gak? siapa tuhh temenya suka begituhh?🤣

Bingung mau Upgrade HP tapi HP lama gak terpakai?
Jangan khawatir! Bawa saja ke Pura Pura Ponsel
Kami terima Tukar Tambah semua kondisi dan series!

✅ Series Terlama? Bisa!
✅ Android ke iPhone? Bisa Banget!
✅ KREDIT DP & BUNGA 0% (S&K Berlaku)
✅ BISA SPLIT PAYMENT
✅ BANYAK BENEFIT eksklusif lainnya!

Stop galau, saatnya ganti gadget baru tanpa ribet dan untung maksimal!
Kunjungi Toko Kami Sekarang!

Toko Kroya: Jl. Kroya No. 3, Kesiman, Denpasar
Toko Munang Maning: Jl. Subur No. 4 Pemecutan Klod, Denpasar Barat
Jam Buka: Setiap Hari 09:00 - 22:00 WITA
Admin WA: 081237200400 (Klik Link di Bio!)
Tokopedia/Shopee/TikTok Shop: Pura Pura Ponsel",21,"02/07/2026 17:01",https://www.instagram.com/reel/DUekuhRiCDL/,"IG reel",,Lifetime,16246,10101,95,0,0,9,0
18073898570122772,17841414051683694,purapura.ponsel,"Pura Pura Ponsel","Siapa disini  yang mau join bersih-bersih teras? 🤭
coba dong komen dibawah, nanti minpur invite biar bisa bersih-bersih bareng 🫣

Bingung mau Upgrade HP tapi HP lama gak terpakai?
Jangan khawatir! Bawa saja ke Pura Pura Ponsel
Kami terima Tukar Tambah semua kondisi dan series!

✅ Series Terlama? Bisa!
✅ Android ke iPhone? Bisa Banget!
✅ KREDIT DP & BUNGA 0% (S&K Berlaku)
✅ BISA SPLIT PAYMENT
✅ BANYAK BENEFIT eksklusif lainnya!

Stop galau, saatnya ganti gadget baru tanpa ribet dan untung maksimal!
Kunjungi Toko Kami Sekarang!

Toko Kroya: Jl. Kroya No. 3, Kesiman, Denpasar
Toko Munang Maning: Jl. Subur No. 4 Pemecutan Klod, Denpasar Barat
Jam Buka: Setiap Hari 09:00 - 22:00 WITA
Admin WA: 081237200400 (Klik Link di Bio!)
Tokopedia/Shopee/TikTok Shop: Pura Pura Ponsel

Kualitas Tidak Pernah Pura Pura - Solusi tukar tambah HP terbaik di Bali.",19,"02/07/2026 02:01",https://www.instagram.com/reel/DUc9z9zDlgZ/,"IG reel",,Lifetime,6259,3751,32,1,0,2,0
18103684048855179,17841414051683694,purapura.ponsel,"Pura Pura Ponsel","Capek banget jadi pejuang iPhone series lama di tahun 2026!😭
Dari yang HP-nya jadi alat kompresan, sampe yang bener-bener ""Tamat"" alias mati total🥹. Siapa nih yang iPhone-nya udah mulai ngajak berantem tiap hari? 🙋‍♂️🙋‍♀️

Tag temen kamu yang iPhone-nya harus dipensiunkan! ⬇️

Bingung mau Upgrade HP tapi HP lama gak terpakai?
Jangan khawatir! Bawa saja ke Pura Pura Ponsel
Kami terima Tukar Tambah semua kondisi dan series!

✅ Series Terlama? Bisa!
✅ Android ke iPhone? Bisa Banget!
✅ KREDIT DP & BUNGA 0% (S&K Berlaku)
✅ BISA SPLIT PAYMENT
✅ BANYAK BENEFIT eksklusif lainnya!

Stop galau, saatnya ganti gadget baru tanpa ribet dan untung maksimal!
Kunjungi Toko Kami Sekarang!

Toko Kroya: Jl. Kroya No. 3, Kesiman, Denpasar
Toko Munang Maning: Jl. Subur No. 4 Pemecutan Klod, Denpasar Barat
Jam Buka: Setiap Hari 09:00 - 22:00 WITA
Admin WA: 081237200400 (Klik Link di Bio!)
Tokopedia/Shopee/TikTok Shop: Pura Pura Ponsel",0,"02/06/2026 20:00",https://www.instagram.com/p/DUcUd5VD3Xt/,"IG carousel",,Lifetime,21800,7791,93,2,0,0,3
18058127072343066,17841414051683694,purapura.ponsel,"Pura Pura Ponsel","MMK: HANDLE CUST GEN Z😭

mau heran tapi ini gen z, kalau dimarah kena mental health, kalok di manja malah ngelanjuk😫

Bingung mau Upgrade HP tapi HP lama gak terpakai?
Jangan khawatir! Bawa saja ke Pura Pura Ponsel
Kami terima Tukar Tambah semua kondisi dan series!

✅ Series Terlama? Bisa!
✅ Android ke iPhone? Bisa Banget!
✅ KREDIT DP & BUNGA 0% (S&K Berlaku)
✅ BISA SPLIT PAYMENT
✅ BANYAK BENEFIT eksklusif lainnya!

Stop galau, saatnya ganti gadget baru tanpa ribet dan untung maksimal!
Kunjungi Toko Kami Sekarang!

Toko Kroya: Jl. Kroya No. 3, Kesiman, Denpasar
Toko Munang Maning: Jl. Subur No. 4 Pemecutan Klod, Denpasar Barat
Jam Buka: Setiap Hari 09:00 - 22:00 WITA
Admin WA: 081237200400 (Klik Link di Bio!)
Tokopedia/Shopee/TikTok Shop: Pura Pura Ponsel",27,"02/06/2026 17:01",https://www.instagram.com/reel/DUb_7AOiHaa/,"IG reel",,Lifetime,7707,4616,49,1,0,4,1
17843936226677133,17841414051683694,purapura.ponsel,"Pura Pura Ponsel","Coba cowok-cowok ngaku, yang diliat yang manaa nihh 🫣

Bingung mau Upgrade HP tapi HP lama gak terpakai?
Jangan khawatir! Bawa saja ke Pura Pura Ponsel
Kami terima Tukar Tambah semua kondisi dan series!

✅ Series Terlama? Bisa!
✅ Android ke iPhone? Bisa Banget!
✅ KREDIT DP & BUNGA 0% (S&K Berlaku)
✅ BISA SPLIT PAYMENT
✅ BANYAK BENEFIT eksklusif lainnya!

Stop galau, saatnya ganti gadget baru tanpa ribet dan untung maksimal!
Kunjungi Toko Kami Sekarang!

Toko Kroya: Jl. Kroya No. 3, Kesiman, Denpasar
Toko Munang Maning: Jl. Subur No. 4 Pemecutan Klod, Denpasar Barat
Jam Buka: Setiap Hari 09:00 - 22:00 WITA
Admin WA: 081237200400 (Klik Link di Bio!)
Tokopedia/Shopee/TikTok Shop: Pura Pura Ponsel

Kualitas Tidak Pernah Pura Pura - Solusi tukar tambah HP terbaik di Bali.",18,"02/06/2026 02:16",https://www.instagram.com/reel/DUaavKjEQjl/,"IG reel",,Lifetime,18911,10652,126,11,0,12,4
18109775659735309,17841414051683694,purapura.ponsel,"Pura Pura Ponsel","MMK: LU LAGI COD TAPI GAK ADA KUOTA🫠

Jujur bingung kalok udah gini terpaksa menyerupai supir lagi jemput tamunya di bandara😭 untung kagak jadi pembawa papan ronde di ring tinju🥴

Bingung mau Upgrade HP tapi HP lama gak terpakai?
Jangan khawatir! Bawa saja ke Pura Pura Ponsel
Kami terima Tukar Tambah semua kondisi dan series!

✅ Series Terlama? Bisa!
✅ Android ke iPhone? Bisa Banget!
✅ KREDIT DP & BUNGA 0% (S&K Berlaku)
✅ BISA SPLIT PAYMENT
✅ BANYAK BENEFIT eksklusif lainnya!

Stop galau, saatnya ganti gadget baru tanpa ribet dan untung maksimal!
Kunjungi Toko Kami Sekarang!

Toko Kroya: Jl. Kroya No. 3, Kesiman, Denpasar
Toko Munang Maning: Jl. Subur No. 4 Pemecutan Klod, Denpasar Barat
Jam Buka: Setiap Hari 09:00 - 22:00 WITA
Admin WA: 081237200400 (Klik Link di Bio!)
Tokopedia/Shopee/TikTok Shop: Pura Pura Ponsel",11,"02/05/2026 17:01",https://www.instagram.com/reel/DUZbHvvivq6/,"IG reel",,Lifetime,16496,10431,98,1,1,4,0
18366000775202949,17841414051683694,purapura.ponsel,"Pura Pura Ponsel","⚠️ PERHATIAN! Informasi ini perlu dikonfirmasi kebenarannya ⚠️

Penting untuk diketahui: Meskipun kasus ponsel mengalami masalah panas atau bahkan meledak sangat jarang, hal ini bisa terkait dengan faktor seperti baterai rusak, penggunaan charger tidak asli, atau paparan suhu ekstrem. Selalu gunakan aksesoris resmi dan jangan gunakan ponsel yang sudah terasa sangat panas secara terus-menerus. kalau mau belajar bahasa iPhone yukk konsultasi dengan minpur sekarang🥰

Bingung mau Upgrade HP tapi HP lama gak terpakai?
Jangan khawatir! Bawa saja ke Pura Pura Ponsel
Kami terima Tukar Tambah semua kondisi dan series!

✅ Series Terlama? Bisa!
✅ Android ke iPhone? Bisa Banget!
✅ KREDIT DP & BUNGA 0% (S&K Berlaku)
✅ BISA SPLIT PAYMENT
✅ BANYAK BENEFIT eksklusif lainnya!

Stop galau, saatnya ganti gadget baru tanpa ribet dan untung maksimal!
Kunjungi Toko Kami Sekarang!

Toko Kroya: Jl. Kroya No. 3, Kesiman, Denpasar
Toko Munang Maning: Jl. Subur No. 4 Pemecutan Klod, Denpasar Barat
Jam Buka: Setiap Hari 09:00 - 22:00 WITA
Admin WA: 081237200400 (Klik Link di Bio!)
Tokopedia/Shopee/TikTok Shop: Pura Pura Ponsel",36,"02/04/2026 17:01",https://www.instagram.com/reel/DUW2XReCmvM/,"IG reel",,Lifetime,22481,11887,106,5,0,4,3
18063505100306529,17841414051683694,purapura.ponsel,"Pura Pura Ponsel","lahhh yang mana anjing ini🫣

terkadang sebutan anjing bukan hanya untuk hewan tapi prilaku manusia🥴😇

Bingung mau Upgrade HP tapi HP lama gak terpakai?
Jangan khawatir! Bawa saja ke Pura Pura Ponsel
Kami terima Tukar Tambah semua kondisi dan series!

✅ Series Terlama? Bisa!
✅ Android ke iPhone? Bisa Banget!
✅ KREDIT DP & BUNGA 0% (S&K Berlaku)
✅ BISA SPLIT PAYMENT
✅ BANYAK BENEFIT eksklusif lainnya!

Stop galau, saatnya ganti gadget baru tanpa ribet dan untung maksimal!
Kunjungi Toko Kami Sekarang!

Toko Kroya: Jl. Kroya No. 3, Kesiman, Denpasar
Toko Munang Maning: Jl. Subur No. 4 Pemecutan Klod, Denpasar Barat
Jam Buka: Setiap Hari 09:00 - 22:00 WITA
Admin WA: 081237200400 (Klik Link di Bio!)
Tokopedia/Shopee/TikTok Shop: Pura Pura Ponsel",13,"02/03/2026 17:01",https://www.instagram.com/reel/DUURj1BiEWU/,"IG reel",,Lifetime,39617,19662,285,28,0,16,6
18317394235302161,17841414051683694,purapura.ponsel,"Pura Pura Ponsel","ANDROID HARGA GROSIR, HANYA ADA DISINI 😆‼️

Besti gabut atau bingung nich mau cari Handphone Android yang terpercaya mending langsung login ke Pura Pura Ponsel 😜 
Karena Pura Pura Ponsel hadir dengan berbagai series Android Brand New yang tentunya lengkap dan dengan HARGA GROSIR yang ga nanggung nanggung 😱

Kenapa harus di Pura Pura Ponsel ? 
✅ Bergaransi resmi
✅ Kualitas barang sama
✅ Bisa kredit, dapatkan PROMO Bunga dan DP 0%
✅ Bisa TUKAR TAMBAH, bahkan dari series terlama sekalipun
✅ Bisa SPLIT PAYMENT
✅ After Sales ( yang pastinya fast response dan dibantu jika terjadi kendala )
✅ DAN MASIH BANYAK BENEFIT LAINNYA ‼️

Dan tentunya BERKESEMPATAN LUCKY DRAW di setiap pembelian Android Brand New yang hadiahnya berupa VOUCHER BELANJA JUTAAN rupiah hingga HANDPHONE 🤩

Buat kalian yang nggak bisa datang ke toko bisa checkout di toko online Minpur yaa. Ada CASHBACK hingga jutaan rupiah 🤩 pengiriman cepat, dijamin aman sampai tujuan whoosh 💨
Jadi tunggu apalagi ? Yuk Segera tentukan pilihanmu bestie 🥰

Toko Kroya: Jl. Kroya No. 3, Kesiman, Denpasar
Toko Munang Maning: Jl. Subur No. 4 Pemecutan Klod, Denpasar Barat
Jam Buka: Setiap Hari 09:00 - 22:00 WITA
Admin WA: 081237200400 (Klik Link di Bio!)
Tokopedia/Shopee/TikTok Shop: Pura Pura Ponsel

Kualitas Tidak Pernah Pura Pura - Solusi tukar tambah HP terbaik di Bali.",60,"02/03/2026 02:01",https://www.instagram.com/reel/DUSqhVRjbzd/,"IG reel",,Lifetime,21016,15156,112,3,1,8,4
17880946095453211,17841414051683694,purapura.ponsel,"Pura Pura Ponsel","PAKAI IPHONE GENGSI???🤔

Yakin pakai iphone itu karna gengsi atau karna suatu tujuan yang tak menentu atau emang iphone sebagus itu yaa? kalau kalian alasan pakai iphone karna apasihhhh🤗

Bingung mau Upgrade HP tapi HP lama gak terpakai?
Jangan khawatir! Bawa saja ke Pura Pura Ponsel
Kami terima Tukar Tambah semua kondisi dan series!

✅ Series Terlama? Bisa!
✅ Android ke iPhone? Bisa Banget!
✅ KREDIT DP & BUNGA 0% (S&K Berlaku)
✅ BISA SPLIT PAYMENT
✅ BANYAK BENEFIT eksklusif lainnya!

Stop galau, saatnya ganti gadget baru tanpa ribet dan untung maksimal!
Kunjungi Toko Kami Sekarang!

Toko Kroya: Jl. Kroya No. 3, Kesiman, Denpasar
Toko Munang Maning: Jl. Subur No. 4 Pemecutan Klod, Denpasar Barat
Jam Buka: Setiap Hari 09:00 - 22:00 WITA
Admin WA: 081237200400 (Klik Link di Bio!)
Tokopedia/Shopee/TikTok Shop: Pura Pura Ponsel",14,"02/02/2026 17:01",https://www.instagram.com/reel/DURszOelMzv/,"IG reel",,Lifetime,28292,16313,208,2,1,6,3
18095712745754797,17841401356087722,ogohogohdenpasar,"Ogoh Ogoh Denpasar, Bali","SKETSA OGOH-OGOH PART 14

Banjar Celuk, Panjer @stdb_panjer

Banjar Sari Buana, Tegal Harum @st.yowanadharmalaksana_

Banjar Semilajati, Pemecutan Kaja @satya_yowana

#ogohogohdenpasar #ogohogohbali #caka1948 #ogohogoh1948 #sketsaogohogoh",23,"02/02/2026 05:35",https://www.instagram.com/reel/DUQeTDRDebE/,"IG reel",,Lifetime,35672,18762,739,18,8,1,0
18006334883833237,17841414051683694,purapura.ponsel,"Pura Pura Ponsel","Sosial Eksperimen: Taruh iPhone 16 Pro Max di jalanan,kira - kira  bakal diambil nggak ya sama abang baksonya? 🤔

Ternyata, kejujuran masih sangat hidup di hati orang-orang hebat seperti abang bakso ini. Definisi 'rezeki nggak akan tertukar'. Salut banget! 👏🏻

Bingung mau Upgrade HP tapi HP lama gak terpakai?
Jangan khawatir! Bawa saja ke Pura Pura Ponsel
Kami terima Tukar Tambah semua kondisi dan series!

✅ Series Terlama? Bisa!
✅ Android ke iPhone? Bisa Banget!
✅ KREDIT DP & BUNGA 0% (S&K Berlaku)
✅ BISA SPLIT PAYMENT
✅ BANYAK BENEFIT eksklusif lainnya!

Stop galau, saatnya ganti gadget baru tanpa ribet dan untung maksimal!
Kunjungi Toko Kami Sekarang!

Toko Kroya: Jl. Kroya No. 3, Kesiman, Denpasar
Toko Munang Maning: Jl. Subur No. 4 Pemecutan Klod, Denpasar Barat
Jam Buka: Setiap Hari 09:00 - 22:00 WITA
Admin WA: 081237200400 (Klik Link di Bio!)
Tokopedia/Shopee/TikTok Shop: Pura Pura Ponsel",49,"02/02/2026 05:07",https://www.instagram.com/reel/DUQZ1bekw4u/,"IG reel",,Lifetime,253177,176760,3820,44,291,311,102
17923207509230734,17841414051683694,purapura.ponsel,"Pura Pura Ponsel","HANDPHONEMU KE BLOCKIR ? TUKAR TAMBAH AJA ‼️

Bestie mau ganti Handphone tapi kasihan Handphone lama tidak terpakai ? Tukar Tambah saja di Pura Pura Ponsel 🤩

Kenapa harus di Pura Pura Ponsel ? 
✅ Bisa Tukar Tambah dari series terlama sekalipun
✅ Bisa Tukar Tambah dari imei TERBLOCKIR
✅ Android ke iPhone ? bisa banget dong 🥰
✅ Tukar Tambah dan Kredit ? Bisa banget dong 🥰 dapatkan Promo Bunga dan DP 0%
✅ Bisa SPLIT PAYMENT
✅ After Sales ( yang pastinya fast response dan dibantu jika terjadi kendala )
✅ DAN MASIH BANYAK BENEFIT LAINNYA ‼️

Dan tentunya Handphone lama kalian akan diambil dengan harga tinggi 🤩
Jadi tunggu apalagi ? Yuk Segera datang ke toko yaa 🥰

Toko Kroya: Jl. Kroya No. 3, Kesiman, Denpasar
Toko Munang Maning: Jl. Subur No. 4 Pemecutan Klod, Denpasar Barat
Jam Buka: Setiap Hari 09:00 - 22:00 WITA
Admin WA: 081237200400 (Klik Link di Bio!)
Tokopedia/Shopee/TikTok Shop: Pura Pura Ponsel

Kualitas Tidak Pernah Pura Pura - Solusi tukar tambah HP terbaik di Bali.",58,"02/02/2026 02:01",https://www.instagram.com/reel/DUQFwNojWbo/,"IG reel",,Lifetime,20534,13777,198,8,3,11,8
18403799593124915,17841414051683694,purapura.ponsel,"Pura Pura Ponsel","Tebak tebakan kamera iphone📸

yuk dicoba tebak yang dipakai ngerekan yang mana yaaa?😇

Bingung mau Upgrade HP tapi HP lama gak terpakai?
Jangan khawatir! Bawa saja ke Pura Pura Ponsel
Kami terima Tukar Tambah semua kondisi dan series!

✅ Series Terlama? Bisa!
✅ Android ke iPhone? Bisa Banget!
✅ KREDIT DP & BUNGA 0% (S&K Berlaku)
✅ BISA SPLIT PAYMENT
✅ BANYAK BENEFIT eksklusif lainnya!

Stop galau, saatnya ganti gadget baru tanpa ribet dan untung maksimal!
Kunjungi Toko Kami Sekarang!

Toko Kroya: Jl. Kroya No. 3, Kesiman, Denpasar
Toko Munang Maning: Jl. Subur No. 4 Pemecutan Klod, Denpasar Barat
Jam Buka: Setiap Hari 09:00 - 22:00 WITA
Admin WA: 081237200400 (Klik Link di Bio!)
Tokopedia/Shopee/TikTok Shop: Pura Pura Ponsel

Kualitas Tidak Pernah Pura Pura - Solusi tukar tambah HP terbaik di Bali.",11,"02/01/2026 17:00",https://www.instagram.com/reel/DUPH7tcj1Ye/,"IG reel",,Lifetime,28544,15066,114,3,0,12,0
18193130929343876,17841401870239980,depraz_,"Deka Pratama Satya Alam","Panduan Beli Apple FEBRUARI 2026🍎

Kamu ngincer produk Apple yang mana nih?

(Updated List 1 Februari 2026)

#apple #iphone #tech #gadget",0,"02/01/2026 05:55",https://www.instagram.com/p/DUN70_SknqX/,"IG carousel",,Lifetime,134651,72072,2251,598,184,61,0
18072309893128767,17841414051683694,purapura.ponsel,"Pura Pura Ponsel","SEMUA PROMO ‼️
PROMO UGAL-UGALAN IPHONE HINGGA IPAD BRAND NEW 😆

Upgrade yang gaakan buat kantong kalian jebol dan pastinya PROMO UGAL-UGALAN hanya ada di Pura Pura Ponsel 

Kenapa harus di Pura Pura Ponsel ? 
✅ Bergaransi resmi
✅ Kualitas barang sama
✅ Bisa kredit, dapatkan PROMO Bunga dan DP 0%
✅ Bisa TUKAR TAMBAH, bahkan dari series terlama sekalipun
✅ Bisa SPLIT PAYMENT
✅ Dibantu pemindahan data dari handphone lama ke handphone baru
✅ After Sales ( yang pastinya fast response dan dibantu jika terjadi kendala )
✅ DAN MASIH BENEFIT LAINNYA ‼️

Yuk DM atau langsung datang ke toko ya bestie 😊🚀

Toko Kroya: Jl. Kroya No. 3, Kesiman, Denpasar
Toko Munang Maning: Jl. Subur No. 4 Pemecutan Klod, Denpasar Barat
Jam Buka: Setiap Hari 09:00 - 22:00 WITA
Admin WA: 081237200400 (Klik Link di Bio!)
Tokopedia/Shopee/TikTok Shop: Pura Pura Ponsel

Kualitas Tidak Pernah Pura Pura - Solusi tukar tambah HP terbaik di Bali.",58,"02/01/2026 02:01",https://www.instagram.com/reel/DUNg_H2D0VT/,"IG reel",,Lifetime,14863,10437,121,5,2,0,4
18070467278431848,17841414051683694,purapura.ponsel,"Pura Pura Ponsel","BESTIE PENGGUNA IPHONE ATAU MACBOOK ? 🤩

belum lengkap kalau belum koleksi Apple Product lainnya nih. Transfer data yang mudah, sinkronisasi antar perangkat, serta pengalaman pengguna yang konsisten disemua perangkat 🥳

Kenapa harus di Pura Pura Ponsel ? 
✅ Bergaransi resmi
✅ Kualitas barang sama
✅ Bisa kredit, dapatkan PROMO Bunga dan DP 0%
✅ Bisa SPLIT PAYMENT
✅ After Sales ( yang pastinya fast response dan dibantu jika terjadi kendala )
✅ DAN MASIH BENEFIT LAINNYA ‼️

Buat kalian yang nggak bisa datang ke toko bisa checkout di toko online Minpur yaa. Pengiriman cepat, tepat, dan aman sampai tujuan whoosh 💨
Jadi tunggu apalagi ? Yuk Segera datang ke toko bestie 🥰

Toko Kroya: Jl. Kroya No. 3, Kesiman, Denpasar
Toko Munang Maning: Jl. Subur No. 4 Pemecutan Klod, Denpasar Barat
Jam Buka: Setiap Hari 09:00 - 22:00 WITA
Admin WA: 081237200400 (Klik Link di Bio!)
Tokopedia/Shopee/TikTok Shop: Pura Pura Ponsel

Kualitas Tidak Pernah Pura Pura - Solusi tukar tambah HP terbaik di Bali.",0,"02/01/2026 00:41",https://www.instagram.com/p/DUNX71eETkM/,"IG carousel",,Lifetime,127288,104091,150,31,24,10,37
18066563318239085,17841414051683694,purapura.ponsel,"Pura Pura Ponsel","MAU UPGRADE TAPI GAMAU UANG BERKURANG ? DAPATKAN PROMO BUNGA DAN DP 0% ‼️🤩

Khusus untuk bestie yang kaum mendang mending atau budget menipis. Tenang Minpur punya solusinya yaa 🥳
Bestie bisa KREDIT dengan berbagai pilihan finance :
✅ Indodana
✅ Home Credit
✅ Akulaku
✅ Kredivo
✅ Samsung Finance+
✅ Spaylater limit X-tra
✅ Gopaylater

Dapatkan PROMO BUNGA dan DP 0% hingga FREE 2 kali cicilan 🥳
Yuk langsung datang ke toko dengan bawa KTP dan Handphone saja ya bestie 🤩🚀

Toko Kroya: Jl. Kroya No. 3, Kesiman, Denpasar
Toko Munang Maning: Jl. Subur No. 4 Pemecutan Klod, Denpasar Barat
Jam Buka: Setiap Hari 09:00 - 22:00 WITA
Admin WA: 081237200400 (Klik Link di Bio!)
Tokopedia/Shopee/TikTok Shop: Pura Pura Ponsel

Kualitas Tidak Pernah Pura Pura - Solusi tukar tambah HP terbaik di Bali.",0,"01/31/2026 23:27",https://www.instagram.com/p/DUNPeYJABNh/,"IG carousel",,Lifetime,283625,98696,294,6,88,14,43
18085711958134813,17841414051683694,purapura.ponsel,"Pura Pura Ponsel","MACET - MACETAN ATAU TIDAK BISA DISENTUH ?  DAPATKAN POTONGAN UP TO 50% 🤩‼️

Punya keluhan atau kendala dengan handphone bestie ? bawa saja ke Pura Pura Ponsel yaa. Kami menyediakan layanan Service dengan Teknisi yang terpercaya dan kompeten! 🤩
Kenapa harus Service di Pura Pura Ponsel ? 
✅ Service bisa ditunggu
✅ Bisa lihat prosesnya atau dilakukan secara Face To Face
✅ Free tempared glass dan case 
✅ Dapatkan potongan up to 50%

Yuk konsultasikan keluhanmu sekarang 😊🚀

Toko Kroya: Jl. Kroya No. 3, Kesiman, Denpasar
Toko Munang Maning: Jl. Subur No. 4 Pemecutan Klod, Denpasar Barat
Jam Buka: Setiap Hari 09:00 - 22:00 WITA
Admin WA: 081237200400 (Klik Link di Bio!)
Tokopedia/Shopee/TikTok Shop: Pura Pura Ponsel

Kualitas Tidak Pernah Pura Pura - Solusi tukar tambah HP terbaik di Bali.",0,"01/31/2026 22:19",https://www.instagram.com/p/DUNHq95kpjn/,"IG carousel",,Lifetime,381582,149644,440,28,106,19,97
17937000393148196,17841414051683694,purapura.ponsel,"Pura Pura Ponsel","IPHONE HARGA GROSIR 😆‼️

Buat bestie yang lagi cari iPhone Brand New 🥳 
Pura Pura Ponsel hadir dengan berbagai series iPhone Brand New dengan Harga dan Promo yang menarik ya bestie 🥰

Kenapa harus di Pura Pura Ponsel ? 
✅ Bergaransi resmi
✅ Kualitas barang sama
✅ Bisa kredit, dapatkan PROMO Bunga dan DP 0%
✅ Bisa TUKAR TAMBAH, bahkan dari series terlama sekalipun
✅ Bisa SPLIT PAYMENT
✅ Dibantu pemindahan data dari handphone lama ke handphone baru
✅ After Sales ( yang pastinya fast response dan dibantu jika terjadi kendala )
✅ Jika terjadi kendala, akan dibantu claim garansi resmi dan dapatkan unit pinjaman selama proses berlangsung
✅ DAN MASIH BENEFIT LAINNYA ‼️

Buat kalian yang nggak bisa datang ke toko bisa checkout di toko online Minpur yaa. Ada CASHBACK hingga jutaan rupiah 🤩 pengiriman cepat, dijamin aman sampai tujuan whoosh 💨
Jadi tunggu apalagi ? Yuk Segera datang ke toko ya bestie 🥰

Toko Kroya: Jl. Kroya No. 3, Kesiman, Denpasar
Toko Munang Maning: Jl. Subur No. 4 Pemecutan Klod, Denpasar Barat
Jam Buka: Setiap Hari 09:00 - 22:00 WITA
Admin WA: 081237200400 (Klik Link di Bio!)
Tokopedia/Shopee/TikTok Shop: Pura Pura Ponsel

Kualitas Tidak Pernah Pura Pura - Solusi tukar tambah HP terbaik di Bali.",0,"01/31/2026 22:12",https://www.instagram.com/p/DUNGyaxDJpK/,"IG carousel",,Lifetime,98581,112380,520,120,89,31,111
18072486713575030,17841414051683694,purapura.ponsel,"Pura Pura Ponsel","Pacaran tanggal tua🫣

Pas pengen makan, bukan lagi mikir dimana yang kekinian? tapi lebih dimana yang enak dan bisa makan banyak tanpa malu😂 Mulai dari warung kaki lima favorit yang udah di kunjungi ratusan kali, sampe rumah makan yang  porsinya gede. Pokoknya yang penting bareng kamu😍, makan apa aja rasanya enak banget! Mau makan kemana lagi yah kali ini? 🤔✨

Bingung mau Upgrade HP tapi HP lama gak terpakai?
Jangan khawatir! Bawa saja ke Pura Pura Ponsel
Kami terima Tukar Tambah semua kondisi dan series!

✅ Series Terlama? Bisa!
✅ Android ke iPhone? Bisa Banget!
✅ KREDIT DP & BUNGA 0% (S&K Berlaku)
✅ BISA SPLIT PAYMENT
✅ BANYAK BENEFIT eksklusif lainnya!

Stop galau, saatnya ganti gadget baru tanpa ribet dan untung maksimal!
Kunjungi Toko Kami Sekarang!

Toko Kroya: Jl. Kroya No. 3, Kesiman, Denpasar
Toko Munang Maning: Jl. Subur No. 4 Pemecutan Klod, Denpasar Barat
Jam Buka: Setiap Hari 09:00 - 22:00 WITA
Admin WA: 081237200400 (Klik Link di Bio!)
Tokopedia/Shopee/TikTok Shop: Pura Pura Ponsel

Kualitas Tidak Pernah Pura Pura - Solusi tukar tambah HP terbaik di Bali.",23,"01/31/2026 17:01",https://www.instagram.com/reel/DUMjJ4ijY30/,"IG reel",,Lifetime,11374,6976,49,1,0,2,0
18045847721708448,17841401356087722,ogohogohdenpasar,"Ogoh Ogoh Denpasar, Bali","PART 2 LAGU VIRAL OGOH-OGOH DI TAHUN 2025

@purapura.ponsel 

#ogohogoh #ogohogohdenpasar #ogohogoh2025 #ogoh_ogoh_bali #ogohogohbali",70,"01/31/2026 03:32",https://www.instagram.com/reel/DULGbd-Ehj1/,"IG reel",,Lifetime,20959,13016,317,1,0,4,0
17991908024752159,17841442251754246,sibliwira,"BLI WIRA","BUKU TABIK SUGRA

#sibliwira #reelsvideo #reelsinstagram #reels",31,"01/31/2026 02:16",https://www.instagram.com/reel/DUK9u-QEWhl/,"IG reel",,Lifetime,168237,98821,4091,427,18,66,0
18108799846733925,17841414051683694,purapura.ponsel,"Pura Pura Ponsel","HR-nya langsung kena mental attack. 💀
ini sih HRnya langsung yang kenak mental 🤣, Gen Z baru mulai interview HR tertekan 😭gimana nanti kalok kerja ya 🤔

Bingung mau Upgrade HP tapi HP lama gak terpakai?
Jangan khawatir! Bawa saja ke Pura Pura Ponsel
Kami terima Tukar Tambah semua kondisi dan series!

✅ Series Terlama? Bisa!
✅ Android ke iPhone? Bisa Banget!
✅ KREDIT DP & BUNGA 0% (S&K Berlaku)
✅ BISA SPLIT PAYMENT
✅ BANYAK BENEFIT eksklusif lainnya!

Stop galau, saatnya ganti gadget baru tanpa ribet dan untung maksimal!
Kunjungi Toko Kami Sekarang!

Toko Kroya: Jl. Kroya No. 3, Kesiman, Denpasar
Toko Munang Maning: Jl. Subur No. 4 Pemecutan Klod, Denpasar Barat
Jam Buka: Setiap Hari 09:00 - 22:00 WITA
Admin WA: 081237200400 (Klik Link di Bio!)
Tokopedia/Shopee/TikTok Shop: Pura Pura Ponsel",14,"01/30/2026 17:00",https://www.instagram.com/reel/DUJ-WmWku4J/,"IG reel",,Lifetime,8687,5265,60,5,0,4,0
18189964195354038,17841401356087722,ogohogohdenpasar,"Ogoh Ogoh Denpasar, Bali","OGOH-OGOH TAHUN 2026 LAGU APA YANG VIRAL YA??

@purapuraponsel

#ogohogoh #ogohogohdenpasar #ogohogohbali #ogohogoh2026 #ogohogoh2025",77,"01/30/2026 03:36",https://www.instagram.com/reel/DUIiSZSgpZw/,"IG reel",,Lifetime,65604,43141,2029,62,22,31,0
18060894170330642,17841442251754246,sibliwira,"BLI WIRA","BISNIS KECIL-KECILAN

#sibliwira #reelsvideo #reelsinstagram #reels",28,"01/30/2026 02:14",https://www.instagram.com/reel/DUIYr9JkWDs/,"IG reel",,Lifetime,432886,247312,13044,2041,111,193,0
18070658225148209,17841414051683694,purapura.ponsel,"Pura Pura Ponsel","‼️Anak training melihat privasi customer‼️🤨

Kisah anak teknisi saat sesi training tiba-tiba kena marah karena proses pekerjaannya sedang melihat bagian privasi customer yang tidak boleh diakses.  Tapi ini jadi pengingat pentingnya etika dan prosedur kerja yang ketat dalam menangani data orang lain. Semua teknisi pasti pernah melalui fase ini kan?, yang penting ambil pelajaran dan tidak mengulanginya 😉

Bingung mau Upgrade HP tapi HP lama gak terpakai?
Jangan khawatir! Bawa saja ke Pura Pura Ponsel
Kami terima Tukar Tambah semua kondisi dan series!

✅ Series Terlama? Bisa!
✅ Android ke iPhone? Bisa Banget!
✅ KREDIT DP & BUNGA 0% (S&K Berlaku)
✅ BISA SPLIT PAYMENT
✅ BANYAK BENEFIT eksklusif lainnya!

Stop galau, saatnya ganti gadget baru tanpa ribet dan untung maksimal!
Kunjungi Toko Kami Sekarang!

Toko Kroya: Jl. Kroya No. 3, Kesiman, Denpasar
Toko Munang Maning: Jl. Subur No. 4 Pemecutan Klod, Denpasar Barat
Jam Buka: Setiap Hari 09:00 - 22:00 WITA
Admin WA: 081237200400 (Klik Link di Bio!)
Tokopedia/Shopee/TikTok Shop: Pura Pura Ponsel",131,"01/30/2026 02:07",https://www.instagram.com/reel/DUIYBEAiq-G/,"IG reel",,Lifetime,71147,45846,656,13,3,9,17
17918950992100492,17841414051683694,purapura.ponsel,"Pura Pura Ponsel","Menjadi Best of the Best Partner 2025 dari Blibli GDN bukan sekadar tentang angka penjualan, tapi tentang komitmen PT Pura-Pura Ponsel untuk selalu memberikan yang terbaik bagi Anda.

Kepada seluruh tim, terima kasih atas keringat dan dedikasinya. Dan yang paling utama, kepada Pelanggan Setia kami, penghargaan ini adalah milik Anda. Tanpa kepercayaan dan dukungan Anda, kami tidak akan sampai di titik ini.

Motivasi Kami: ""Kesuksesan sejati bukan hanya tentang apa yang kita raih, tapi tentang seberapa besar manfaat dan pelayanan yang bisa kita berikan kepada sesama.""

Kami siap menyambut masa depan dengan standar pelayanan yang lebih tinggi lagi!",0,"01/30/2026 00:18",https://www.instagram.com/p/DUILqNcgH3t/,"IG carousel",,Lifetime,33223,13582,191,28,3,33,0
18066986030630176,17841414051683694,purapura.ponsel,"Pura Pura Ponsel","Isi kepala admin sosmed jam 2 siang, Otak multitasking, tenaga multi-pusing.. 🤯
Mata liat referensi, tangan mau bales DM, kaki mau berangkat take konten, tapi hati pengen rebahan sampai tahun depan 😭

Bingung mau Upgrade HP tapi HP lama gak terpakai?
Jangan khawatir! Bawa saja ke Pura Pura Ponsel
Kami terima Tukar Tambah semua kondisi dan series!

✅ Series Terlama? Bisa!
✅ Android ke iPhone? Bisa Banget!
✅ KREDIT DP & BUNGA 0% (S&K Berlaku)
✅ BISA SPLIT PAYMENT
✅ BANYAK BENEFIT eksklusif lainnya!

Stop galau, saatnya ganti gadget baru tanpa ribet dan untung maksimal!
Kunjungi Toko Kami Sekarang!

Toko Kroya: Jl. Kroya No. 3, Kesiman, Denpasar
Toko Munang Maning: Jl. Subur No. 4 Pemecutan Klod, Denpasar Barat
Jam Buka: Setiap Hari 09:00 - 22:00 WITA
Admin WA: 081237200400 (Klik Link di Bio!)
Tokopedia/Shopee/TikTok Shop: Pura Pura Ponsel",9,"01/29/2026 17:00",https://www.instagram.com/reel/DUHZixfDN9_/,"IG reel",,Lifetime,7720,4859,60,16,0,4,0
18101971165662363,17841414051683694,purapura.ponsel,"Pura Pura Ponsel","Baru sehari punya iPhone 17 Pro Max malah kena  alergi😭

ada yang tau kenapa?🤔

Bingung mau Upgrade HP tapi HP lama gak terpakai?
Jangan khawatir! Bawa saja ke Pura Pura Ponsel
Kami terima Tukar Tambah semua kondisi dan series!

✅ Series Terlama? Bisa!
✅ Android ke iPhone? Bisa Banget!
✅ KREDIT DP & BUNGA 0% (S&K Berlaku)
✅ BISA SPLIT PAYMENT
✅ BANYAK BENEFIT eksklusif lainnya!

Stop galau, saatnya ganti gadget baru tanpa ribet dan untung maksimal!
Kunjungi Toko Kami Sekarang!

Toko Kroya: Jl. Kroya No. 3, Kesiman, Denpasar
Toko Munang Maning: Jl. Subur No. 4 Pemecutan Klod, Denpasar Barat
Jam Buka: Setiap Hari 09:00 - 22:00 WITA
Admin WA: 081237200400 (Klik Link di Bio!)
Tokopedia/Shopee/TikTok Shop: Pura Pura Ponsel",12,"01/28/2026 17:01",https://www.instagram.com/reel/DUE0yU-DU87/,"IG reel",,Lifetime,24486,13263,132,24,2,23,1
18156670078424476,17841414051683694,purapura.ponsel,"Pura Pura Ponsel","hayolohhh yang dilihat yang mana itu, kok tiba tiba kebingungan😆

Bingung mau Upgrade HP tapi HP lama gak terpakai?
Jangan khawatir! Bawa saja ke Pura Pura Ponsel
Kami terima Tukar Tambah semua kondisi dan series!

✅ Series Terlama? Bisa!
✅ Android ke iPhone? Bisa Banget!
✅ KREDIT DP & BUNGA 0% (S&K Berlaku)
✅ BISA SPLIT PAYMENT
✅ BANYAK BENEFIT eksklusif lainnya!

Stop galau, saatnya ganti gadget baru tanpa ribet dan untung maksimal!
Kunjungi Toko Kami Sekarang!

Toko Kroya: Jl. Kroya No. 3, Kesiman, Denpasar
Toko Munang Maning: Jl. Subur No. 4 Pemecutan Klod, Denpasar Barat
Jam Buka: Setiap Hari 09:00 - 22:00 WITA
Admin WA: 081237200400 (Klik Link di Bio!)
Tokopedia/Shopee/TikTok Shop: Pura Pura Ponsel

Kualitas Tidak Pernah Pura Pura - Solusi tukar tambah HP terbaik di Bali.",30,"01/28/2026 02:01",https://www.instagram.com/reel/DUDN1KRFEqv/,"IG reel",,Lifetime,88098,41611,346,16,1,12,22
17986249070946283,17841414051683694,purapura.ponsel,"Pura Pura Ponsel","Tips ijin nongkrong ke pacar kalian, cobain dehh pasti bakal nongkrong dengan tenang 🥰

Bingung mau Upgrade HP tapi HP lama gak terpakai?
Jangan khawatir! Bawa saja ke Pura Pura Ponsel
Kami terima Tukar Tambah semua kondisi dan series!

✅ Series Terlama? Bisa!
✅ Android ke iPhone? Bisa Banget!
✅ KREDIT DP & BUNGA 0% (S&K Berlaku)
✅ BISA SPLIT PAYMENT
✅ BANYAK BENEFIT eksklusif lainnya!

Stop galau, saatnya ganti gadget baru tanpa ribet dan untung maksimal!
Kunjungi Toko Kami Sekarang!

Toko Kroya: Jl. Kroya No. 3, Kesiman, Denpasar
Toko Munang Maning: Jl. Subur No. 4 Pemecutan Klod, Denpasar Barat
Jam Buka: Setiap Hari 09:00 - 22:00 WITA
Admin WA: 081237200400 (Klik Link di Bio!)
Tokopedia/Shopee/TikTok Shop: Pura Pura Ponsel",24,"01/27/2026 17:01",https://www.instagram.com/reel/DUCQCQfktX9/,"IG reel",,Lifetime,8486,5355,52,0,0,7,1
17864802267485258,17841401356087722,ogohogohdenpasar,"Ogoh Ogoh Denpasar, Bali","ADA LAGI OGOH-OGOH BIG SIZE TONN??

#ogohogoh #ogohogohdenpasar #ogohogohbali #ogohogoh2026 #caka1948",73,"01/27/2026 03:49",https://www.instagram.com/reel/DUA1SNwkoWk/,"IG reel",,Lifetime,35692,21806,920,11,9,18,0
18030914057784466,17841414051683694,purapura.ponsel,"Pura Pura Ponsel","Buat pengguna iphone 11 ada yang relate gak kira-kira? 🥹

Bingung mau Upgrade HP tapi HP lama gak terpakai?
Jangan khawatir! Bawa saja ke Pura Pura Ponsel
Kami terima Tukar Tambah semua kondisi dan series!

✅ Series Terlama? Bisa!
✅ Android ke iPhone? Bisa Banget!
✅ KREDIT DP & BUNGA 0% (S&K Berlaku)
✅ BISA SPLIT PAYMENT
✅ BANYAK BENEFIT eksklusif lainnya!

Stop galau, saatnya ganti gadget baru tanpa ribet dan untung maksimal!
Kunjungi Toko Kami Sekarang!

Toko Kroya: Jl. Kroya No. 3, Kesiman, Denpasar
Toko Munang Maning: Jl. Subur No. 4 Pemecutan Klod, Denpasar Barat
Jam Buka: Setiap Hari 09:00 - 22:00 WITA
Admin WA: 081237200400 (Klik Link di Bio!)
Tokopedia/Shopee/TikTok Shop: Pura Pura Ponsel",23,"01/26/2026 17:00",https://www.instagram.com/reel/DT_rK3wFU4s/,"IG reel",,Lifetime,13390,8066,85,2,0,0,2
18087486830113548,17841414051683694,purapura.ponsel,"Pura Pura Ponsel","Coba tebak yang mana gaji UMR?
Komen dibawah sekarang !! 🫣

Bingung mau Upgrade HP tapi HP lama gak terpakai?
Jangan khawatir! Bawa saja ke Pura Pura Ponsel
Kami terima Tukar Tambah semua kondisi dan series!

✅ Series Terlama? Bisa!
✅ Android ke iPhone? Bisa Banget!
✅ KREDIT DP & BUNGA 0% (S&K Berlaku)
✅ BISA SPLIT PAYMENT
✅ BANYAK BENEFIT eksklusif lainnya!

Stop galau, saatnya ganti gadget baru tanpa ribet dan untung maksimal!
Kunjungi Toko Kami Sekarang!

Toko Kroya: Jl. Kroya No. 3, Kesiman, Denpasar
Toko Munang Maning: Jl. Subur No. 4 Pemecutan Klod, Denpasar Barat
Jam Buka: Setiap Hari 09:00 - 22:00 WITA
Admin WA: 081237200400 (Klik Link di Bio!)
Tokopedia/Shopee/TikTok Shop: Pura Pura Ponsel",21,"01/25/2026 17:01",https://www.instagram.com/reel/DT9GZuNj4Wy/,"IG reel",,Lifetime,7144,4795,103,65,2,0,0
18031550639783853,17841414051683694,purapura.ponsel,"Pura Pura Ponsel","‼️Interview Kerja‼️

kalau kalian dapet momen interview gini bawaanya serius atau mau cepet cepetan pulang yaa?🤔🤣

Bingung mau Upgrade HP tapi HP lama gak terpakai?
Jangan khawatir! Bawa saja ke Pura Pura Ponsel
Kami terima Tukar Tambah semua kondisi dan series!

✅ Series Terlama? Bisa!
✅ Android ke iPhone? Bisa Banget!
✅ KREDIT DP & BUNGA 0% (S&K Berlaku)
✅ BISA SPLIT PAYMENT
✅ BANYAK BENEFIT eksklusif lainnya!

Stop galau, saatnya ganti gadget baru tanpa ribet dan untung maksimal!
Kunjungi Toko Kami Sekarang!

Toko Kroya: Jl. Kroya No. 3, Kesiman, Denpasar
Toko Munang Maning: Jl. Subur No. 4 Pemecutan Klod, Denpasar Barat
Jam Buka: Setiap Hari 09:00 - 22:00 WITA
Admin WA: 081237200400 (Klik Link di Bio!)
Tokopedia/Shopee/TikTok Shop: Pura Pura Ponsel",57,"01/25/2026 03:01",https://www.instagram.com/reel/DT7mSaOgfqu/,"IG reel",,Lifetime,10014,5845,104,1,0,9,2
18097740046906636,17841442251754246,sibliwira,"BLI WIRA","PADAHAL DH SEMANGAT LIAT GUNUNG

#sibliwira #reelsvideo #reelsinstagram #reels",27,"01/25/2026 02:15",https://www.instagram.com/reel/DT7g6Gvkbeg/,"IG reel",,Lifetime,295927,163347,8349,205,61,82,0
18109818751733029,17841414051683694,purapura.ponsel,"Pura Pura Ponsel","Ini alasan kenapa obat sakit kepala gambarnya cowok 🫣
Paham kan cowok-cowok? 😣

Bingung mau Upgrade HP tapi HP lama gak terpakai?
Jangan khawatir! Bawa saja ke Pura Pura Ponsel
Kami terima Tukar Tambah semua kondisi dan series!

✅ Series Terlama? Bisa!
✅ Android ke iPhone? Bisa Banget!
✅ KREDIT DP & BUNGA 0% (S&K Berlaku)
✅ BISA SPLIT PAYMENT
✅ BANYAK BENEFIT eksklusif lainnya!

Stop galau, saatnya ganti gadget baru tanpa ribet dan untung maksimal!
Kunjungi Toko Kami Sekarang!

Toko Kroya: Jl. Kroya No. 3, Kesiman, Denpasar
Toko Munang Maning: Jl. Subur No. 4 Pemecutan Klod, Denpasar Barat
Jam Buka: Setiap Hari 09:00 - 22:00 WITA
Admin WA: 081237200400 (Klik Link di Bio!)
Tokopedia/Shopee/TikTok Shop: Pura Pura Ponsel",14,"01/24/2026 17:01",https://www.instagram.com/reel/DT6hnHOjKQ3/,"IG reel",,Lifetime,7781,4714,70,7,0,4,2
18089553767050161,17841414051683694,purapura.ponsel,"Pura Pura Ponsel","TANDA-TANDA KAMU BAKAL DAPAT JODOHH!! 😱
yang punya pasangan jangan di slide yaa ‼️

Bingung mau Upgrade HP tapi HP lama gak terpakai?
Jangan khawatir! Bawa saja ke Pura Pura Ponsel
Kami terima Tukar Tambah semua kondisi dan series!

✅ Series Terlama? Bisa!
✅ Android ke iPhone? Bisa Banget!
✅ KREDIT DP & BUNGA 0% (S&K Berlaku)
✅ BISA SPLIT PAYMENT
✅ BANYAK BENEFIT eksklusif lainnya!

Stop galau, saatnya ganti gadget baru tanpa ribet dan untung maksimal!
Kunjungi Toko Kami Sekarang!

Toko Kroya: Jl. Kroya No. 3, Kesiman, Denpasar
Toko Munang Maning: Jl. Subur No. 4 Pemecutan Klod, Denpasar Barat
Jam Buka: Setiap Hari 09:00 - 22:00 WITA
Admin WA: 081237200400 (Klik Link di Bio!)
Tokopedia/Shopee/TikTok Shop: Pura Pura Ponsel",0,"01/23/2026 20:00",https://www.instagram.com/p/DT4RV4_AUs9/,"IG carousel",,Lifetime,13347,5236,40,3,0,0,0
17996633348910375,17841414051683694,purapura.ponsel,"Pura Pura Ponsel","Kenapa kebayang-bayang terus yaa 🥹

Bingung mau Upgrade HP tapi HP lama gak terpakai?
Jangan khawatir! Bawa saja ke Pura Pura Ponsel
Kami terima Tukar Tambah semua kondisi dan series!

✅ Series Terlama? Bisa!
✅ Android ke iPhone? Bisa Banget!
✅ KREDIT DP & BUNGA 0% (S&K Berlaku)
✅ BISA SPLIT PAYMENT
✅ BANYAK BENEFIT eksklusif lainnya!

Stop galau, saatnya ganti gadget baru tanpa ribet dan untung maksimal!
Kunjungi Toko Kami Sekarang!

Toko Kroya: Jl. Kroya No. 3, Kesiman, Denpasar
Toko Munang Maning: Jl. Subur No. 4 Pemecutan Klod, Denpasar Barat
Jam Buka: Setiap Hari 09:00 - 22:00 WITA
Admin WA: 081237200400 (Klik Link di Bio!)
Tokopedia/Shopee/TikTok Shop: Pura Pura Ponsel",15,"01/23/2026 17:01",https://www.instagram.com/reel/DT3802BFVl2/,"IG reel",,Lifetime,7288,4704,48,2,0,9,1
17994260213863353,17841401356087722,ogohogohdenpasar,"Ogoh Ogoh Denpasar, Bali","SKETSA OGOH-OGOH 2026 PART 11

BANJAR JABA TENGAH, PEMOGAN @stt.putradharmacanthi 
BANJAR PITIK, PEDUNGAN @setia_remaja 
BANJAR ANYAR-ANYAR, UBUNG KAJA
@st.yba 

#ogohogoh #ogohogohbali #ogohogohdenpasar #ogohogoh2026 #ogohogohcaka1948",23,"01/21/2026 00:06",https://www.instagram.com/reel/DTw-k2ZkkTp/,"IG reel",,Lifetime,48476,25633,752,12,2,2,0
18109550416654822,17841414051683694,purapura.ponsel,"Pura Pura Ponsel","Problem semua pengguna iphone ga sih?
Apalagi kalau udah pakai masker + kacamata, udah berasa maling handphone sendiri 🫣

Kalian pernah ngalamin??

Bingung mau Upgrade HP tapi HP lama gak terpakai?
Jangan khawatir! Bawa saja ke Pura Pura Ponsel
Kami terima Tukar Tambah semua kondisi dan series!

✅ Series Terlama? Bisa!
✅ Android ke iPhone? Bisa Banget!
✅ KREDIT DP & BUNGA 0% (S&K Berlaku)
✅ BISA SPLIT PAYMENT
✅ BANYAK BENEFIT eksklusif lainnya!

Stop galau, saatnya ganti gadget baru tanpa ribet dan untung maksimal!
Kunjungi Toko Kami Sekarang!

Toko Kroya: Jl. Kroya No. 3, Kesiman, Denpasar
Toko Munang Maning: Jl. Subur No. 4 Pemecutan Klod, Denpasar Barat
Jam Buka: Setiap Hari 09:00 - 22:00 WITA
Admin WA: 081237200400 (Klik Link di Bio!)
Tokopedia/Shopee/TikTok Shop: Pura Pura Ponsel

Kualitas Tidak Pernah Pura Pura - Solusi tukar tambah HP terbaik di Bali.",8,"01/19/2026 17:01",https://www.instagram.com/reel/DTtppyFD89P/,"IG reel",,Lifetime,18197,9936,95,2,0,5,1
17886905757306495,17841401356087722,ogohogohdenpasar,"Ogoh Ogoh Denpasar, Bali","Semeton punya temen yang semangat dan si paling tau kalo bahas ogoh-ogoh?

#ogohogoh #ogohogohdenpasar #ogohogohbali #ogohogoh2026 #caka1948",97,"01/19/2026 03:25",https://www.instagram.com/reel/DTsL3nCkltK/,"IG reel",,Lifetime,29451,17873,666,37,5,12,0
18521644900070421,17841414051683694,purapura.ponsel,"Pura Pura Ponsel","Gak bermaksud pamer sih... 🫣
Kalian juga pasti bisa kok gaes 🤭

Bingung mau Upgrade HP tapi HP lama gak terpakai?
Jangan khawatir! Bawa saja ke Pura Pura Ponsel
Kami terima Tukar Tambah semua kondisi dan series!

✅ Series Terlama? Bisa!
✅ Android ke iPhone? Bisa Banget!
✅ KREDIT DP & BUNGA 0% (S&K Berlaku)
✅ BISA SPLIT PAYMENT
✅ BANYAK BENEFIT eksklusif lainnya!

Stop galau, saatnya ganti gadget baru tanpa ribet dan untung maksimal!
Kunjungi Toko Kami Sekarang!

Toko Kroya: Jl. Kroya No. 3, Kesiman, Denpasar
Toko Munang Maning: Jl. Subur No. 4 Pemecutan Klod, Denpasar Barat
Jam Buka: Setiap Hari 09:00 - 22:00 WITA
Admin WA: 081237200400 (Klik Link di Bio!)
Tokopedia/Shopee/TikTok Shop: Pura Pura Ponsel

Kualitas Tidak Pernah Pura Pura - Solusi tukar tambah HP terbaik di Bali.",12,"01/18/2026 17:01",https://www.instagram.com/reel/DTrE1H9D82o/,"IG reel",,Lifetime,17319,9421,79,0,0,4,0
18334558786208912,17841401356087722,ogohogohdenpasar,"Ogoh Ogoh Denpasar, Bali","NOSTALGIA OGOH-OGOH 2017 - PART 1

Comment ogoh-ogoh favoritmu di tahun 2017🔥🔥🔥

#ogohogoh #ogohogohbali #ogohogohdenpasar #ogohogoh2017 #ogohogohcaka1939",97,"01/18/2026 00:56",https://www.instagram.com/reel/DTpWcB8jsW_/,"IG reel",,Lifetime,43904,23212,1201,23,4,8,0
18069090977156767,17841414051683694,purapura.ponsel,"Pura Pura Ponsel","3 Rekomendasi iphone di tahun 2026 ini,
kalian udah tau belum mau pilih yang mana? 😉

Bingung mau Upgrade HP tapi HP lama gak terpakai?
Jangan khawatir! Bawa saja ke Pura Pura Ponsel
Kami terima Tukar Tambah semua kondisi dan series!

✅ Series Terlama? Bisa!
✅ Android ke iPhone? Bisa Banget!
✅ KREDIT DP & BUNGA 0% (S&K Berlaku)
✅ BISA SPLIT PAYMENT
✅ BANYAK BENEFIT eksklusif lainnya!

Stop galau, saatnya ganti gadget baru tanpa ribet dan untung maksimal!
Kunjungi Toko Kami Sekarang!

Toko Kroya: Jl. Kroya No. 3, Kesiman, Denpasar
Toko Munang Maning: Jl. Subur No. 4 Pemecutan Klod, Denpasar Barat
Jam Buka: Setiap Hari 09:00 - 22:00 WITA
Admin WA: 081237200400 (Klik Link di Bio!)
Tokopedia/Shopee/TikTok Shop: Pura Pura Ponsel

Kualitas Tidak Pernah Pura Pura - Solusi tukar tambah HP terbaik di Bali.",60,"01/17/2026 17:01",https://www.instagram.com/reel/DTogEpYgQF6/,"IG reel",,Lifetime,8470,5445,55,2,1,4,4
18131015146502866,17841414051683694,purapura.ponsel,"Pura Pura Ponsel","Ketika lagi kangen bangetttt 🥹
Tapi... apa yang salah yaaa? 🫣

Bingung mau Upgrade HP tapi HP lama gak terpakai?
Jangan khawatir! Bawa saja ke Pura Pura Ponsel
Kami terima Tukar Tambah semua kondisi dan series!

✅ Series Terlama? Bisa!
✅ Android ke iPhone? Bisa Banget!
✅ KREDIT DP & BUNGA 0% (S&K Berlaku)
✅ BISA SPLIT PAYMENT
✅ BANYAK BENEFIT eksklusif lainnya!

Stop galau, saatnya ganti gadget baru tanpa ribet dan untung maksimal!
Kunjungi Toko Kami Sekarang!

Toko Kroya: Jl. Kroya No. 3, Kesiman, Denpasar
Toko Munang Maning: Jl. Subur No. 4 Pemecutan Klod, Denpasar Barat
Jam Buka: Setiap Hari 09:00 - 22:00 WITA
Admin WA: 081237200400 (Klik Link di Bio!)
Tokopedia/Shopee/TikTok Shop: Pura Pura Ponsel

Kualitas Tidak Pernah Pura Pura - Solusi tukar tambah HP terbaik di Bali.",16,"01/17/2026 17:01",https://www.instagram.com/reel/DTogBakii_b/,"IG reel",,Lifetime,30389,15767,101,3,0,8,2
17863707312485803,17841414051683694,purapura.ponsel,"Pura Pura Ponsel","‼️ INFO TERKINI ‼️

Dikabarkan sebuah truck masuk ke sebuah toko handphone di denpasarr 😱

Bingung mau Upgrade HP tapi HP lama gak terpakai?
Jangan khawatir! Bawa saja ke Pura Pura Ponsel
Kami terima Tukar Tambah semua kondisi dan series!

✅ Series Terlama? Bisa!
✅ Android ke iPhone? Bisa Banget!
✅ KREDIT DP & BUNGA 0% (S&K Berlaku)
✅ BISA SPLIT PAYMENT
✅ BANYAK BENEFIT eksklusif lainnya!

Stop galau, saatnya ganti gadget baru tanpa ribet dan untung maksimal!
Kunjungi Toko Kami Sekarang!

Toko Kroya: Jl. Kroya No. 3, Kesiman, Denpasar
Toko Munang Maning: Jl. Subur No. 4 Pemecutan Klod, Denpasar Barat
Jam Buka: Setiap Hari 09:00 - 22:00 WITA
Admin WA: 081237200400 (Klik Link di Bio!)
Tokopedia/Shopee/TikTok Shop: Pura Pura Ponsel

Kualitas Tidak Pernah Pura Pura - Solusi tukar tambah HP terbaik di Bali.",19,"01/17/2026 02:01",https://www.instagram.com/reel/DTm5HrLgVL_/,"IG reel",,Lifetime,41941,22297,148,0,1,9,5
18027761573789663,17841414051683694,purapura.ponsel,"Pura Pura Ponsel","Ketika pacar ngidam iphone 17 promax, dan harus diturutinn 🥹

Bingung mau Upgrade HP tapi HP lama gak terpakai?
Jangan khawatir! Bawa saja ke Pura Pura Ponsel
Kami terima Tukar Tambah semua kondisi dan series!

✅ Series Terlama? Bisa!
✅ Android ke iPhone? Bisa Banget!
✅ KREDIT DP & BUNGA 0% (S&K Berlaku)
✅ BISA SPLIT PAYMENT
✅ BANYAK BENEFIT eksklusif lainnya!

Stop galau, saatnya ganti gadget baru tanpa ribet dan untung maksimal!
Kunjungi Toko Kami Sekarang!

Toko Kroya: Jl. Kroya No. 3, Kesiman, Denpasar
Toko Munang Maning: Jl. Subur No. 4 Pemecutan Klod, Denpasar Barat
Jam Buka: Setiap Hari 09:00 - 22:00 WITA
Admin WA: 081237200400 (Klik Link di Bio!)
Tokopedia/Shopee/TikTok Shop: Pura Pura Ponsel

Kualitas Tidak Pernah Pura Pura - Solusi tukar tambah HP terbaik di Bali.",0,"01/16/2026 17:00",https://www.instagram.com/p/DTl7LTKjF_i/,"IG carousel",,Lifetime,134623,51870,797,14,0,33,26
18103358785830348,17841401356087722,ogohogohdenpasar,"Ogoh Ogoh Denpasar, Bali","SKETSA OGOH-OGOH 2026 PART 9

BANJAR MERTA RAUH, DANGIN PURI KANGIN @st.ekapramana
BANJAR ABIAN TEGAL, DAUH PURI KAUH @stgrahatula
BANJAR KEBON KURI TENGAH, KESIMAN @st.yowanasatryawerdhi

#ogohogoh #ogohogohbali #ogohogohdenpasar #ogohogoh2026 #ogohogohcaka1948",23,"01/15/2026 00:55",https://www.instagram.com/reel/DThn8hJkvLj/,"IG reel",,Lifetime,72755,36801,1205,33,9,2,0
18371135527080670,17841414051683694,purapura.ponsel,"Pura Pura Ponsel","Kalau penyesalan versi kalian apa guys? 

Kalau versi minmin sihh... gak ada yaa 🤪

Bingung mau Upgrade HP tapi HP lama gak terpakai?
Jangan khawatir! Bawa saja ke Pura Pura Ponsel
Kami terima Tukar Tambah semua kondisi dan series!

✅ Series Terlama? Bisa!
✅ Android ke iPhone? Bisa Banget!
✅ KREDIT DP & BUNGA 0% (S&K Berlaku)
✅ BISA SPLIT PAYMENT
✅ BANYAK BENEFIT eksklusif lainnya!

Stop galau, saatnya ganti gadget baru tanpa ribet dan untung maksimal!
Kunjungi Toko Kami Sekarang!

Toko Kroya: Jl. Kroya No. 3, Kesiman, Denpasar
Toko Munang Maning: Jl. Subur No. 4 Pemecutan Klod, Denpasar Barat
Jam Buka: Setiap Hari 09:00 - 22:00 WITA
Admin WA: 081237200400 (Klik Link di Bio!)
Tokopedia/Shopee/TikTok Shop: Pura Pura Ponsel

Kualitas Tidak Pernah Pura Pura - Solusi tukar tambah HP terbaik di Bali.",19,"01/14/2026 17:00",https://www.instagram.com/reel/DTgxn7tAWBS/,"IG reel",,Lifetime,44821,24458,303,10,11,17,16
17896340004380414,17841442251754246,sibliwira,"BLI WIRA","PEMANASAN

#sibliwira #reelsvideo #reelsinstagram #reels",29,"01/14/2026 02:14",https://www.instagram.com/reel/DTfME_6EbeD/,"IG reel",,Lifetime,206076,114310,7233,737,45,137,0
18063712979536182,17841414051683694,purapura.ponsel,"Pura Pura Ponsel","POV ; orang tua mana yang gak bangga kalau gini

Bingung mau Upgrade HP tapi HP lama gak terpakai?
Jangan khawatir! Bawa saja ke Pura Pura Ponsel
Kami terima Tukar Tambah semua kondisi dan series!

✅ Series Terlama? Bisa!
✅ Android ke iPhone? Bisa Banget!
✅ KREDIT DP & BUNGA 0% (S&K Berlaku)
✅ BISA SPLIT PAYMENT
✅ BANYAK BENEFIT eksklusif lainnya!

Stop galau, saatnya ganti gadget baru tanpa ribet dan untung maksimal!
Kunjungi Toko Kami Sekarang!

Toko Kroya: Jl. Kroya No. 3, Kesiman, Denpasar
Toko Munang Maning: Jl. Subur No. 4 Pemecutan Klod, Denpasar Barat
Jam Buka: Setiap Hari 09:00 - 22:00 WITA
Admin WA: 081237200400 (Klik Link di Bio!)
Tokopedia/Shopee/TikTok Shop: Pura Pura Ponsel

Kualitas Tidak Pernah Pura Pura - Solusi tukar tambah HP terbaik di Bali.",15,"01/13/2026 17:00",https://www.instagram.com/reel/DTeMz0hjCkJ/,"IG reel",,Lifetime,35175,20049,228,14,1,11,0
18133355011498996,17841401356087722,ogohogohdenpasar,"Ogoh Ogoh Denpasar, Bali","SKETSA OGOH-OGOH 2026 PART 7

BANJAR KALIUNGU KAJA, DANGIN PURI KAJA @yowanajaya 
BANJAR DAUH KUTUH, UBUNG KAJA @st_dharmaja 
BANJAR BUANA INDAH, PADANGSAMBIAN @st.dharmacitta 

#ogohogoh #ogohogohramahlingkungan #ogohogohbali #ogohogohdenpasar #ogohogoh2026",23,"01/12/2026 19:14",https://www.instagram.com/reel/DTb3Bq8EshD/,"IG reel",,Lifetime,41801,21149,716,5,5,0,0
18085977833038635,17841414051683694,purapura.ponsel,"Pura Pura Ponsel","Ketika suami ikut campur 😣
gagal deh mau keluar bareng istrinya 🥹

Bingung mau Upgrade HP tapi HP lama gak terpakai?
Jangan khawatir! Bawa saja ke Pura Pura Ponsel
Kami terima Tukar Tambah semua kondisi dan series!

✅ Series Terlama? Bisa!
✅ Android ke iPhone? Bisa Banget!
✅ KREDIT DP & BUNGA 0% (S&K Berlaku)
✅ BISA SPLIT PAYMENT
✅ BANYAK BENEFIT eksklusif lainnya!

Stop galau, saatnya ganti gadget baru tanpa ribet dan untung maksimal!
Kunjungi Toko Kami Sekarang!

Toko Kroya: Jl. Kroya No. 3, Kesiman, Denpasar
Toko Munang Maning: Jl. Subur No. 4 Pemecutan Klod, Denpasar Barat
Jam Buka: Setiap Hari 09:00 - 22:00 WITA
Admin WA: 081237200400 (Klik Link di Bio!)
Tokopedia/Shopee/TikTok Shop: Pura Pura Ponsel

Kualitas Tidak Pernah Pura Pura - Solusi tukar tambah HP terbaik di Bali.",22,"01/12/2026 17:01",https://www.instagram.com/reel/DTboH7ljErV/,"IG reel",,Lifetime,16721,9485,92,0,0,3,1
18086695745017338,17841414051683694,purapura.ponsel,"Pura Pura Ponsel","BLI NOK & GEK NE😁

Lagi cari handphone second tapi rasa BRAND NEW!! 😱, di Pura-Pura Ponsel solusinyaa 😍.
handphone second rasa baruu, no lecet-lecet, barang muluss lohh 🥰

Bingung mau Upgrade HP tapi HP lama gak terpakai?
Jangan khawatir! Bawa saja ke Pura Pura Ponsel
Kami terima Tukar Tambah semua kondisi dan series!

✅ Series Terlama? Bisa!
✅ Android ke iPhone? Bisa Banget!
✅ KREDIT DP & BUNGA 0% (S&K Berlaku)
✅ BISA SPLIT PAYMENT
✅ BANYAK BENEFIT eksklusif lainnya!

Stop galau, saatnya ganti gadget baru tanpa ribet dan untung maksimal!
Kunjungi Toko Kami Sekarang!

Toko Kroya: Jl. Kroya No. 3, Kesiman, Denpasar
Toko Munang Maning: Jl. Subur No. 4 Pemecutan Klod, Denpasar Barat
Jam Buka: Setiap Hari 09:00 - 22:00 WITA
Admin WA: 081237200400 (Klik Link di Bio!)
Tokopedia/Shopee/TikTok Shop: Pura Pura Ponsel

Kualitas Tidak Pernah Pura Pura - Solusi tukar tambah HP terbaik di Bali.",25,"01/12/2026 02:01",https://www.instagram.com/reel/DTaBE-OjCxf/,"IG reel",,Lifetime,9076,5669,50,0,1,0,2
18550226476042000,17841414051683694,purapura.ponsel,"Pura Pura Ponsel","TEMUKAN ULAR🐍 

Kalau nemu artinya mata mu sehat😎 
 
Bingung mau Upgrade HP tapi HP lama gak terpakai?
Jangan khawatir! Bawa saja ke Pura Pura Ponsel
Kami terima Tukar Tambah semua kondisi dan series!

✅ Series Terlama? Bisa!
✅ Android ke iPhone? Bisa Banget!
✅ KREDIT DP & BUNGA 0% (S&K Berlaku)
✅ BISA SPLIT PAYMENT
✅ BANYAK BENEFIT eksklusif lainnya!

Stop galau, saatnya ganti gadget baru tanpa ribet dan untung maksimal!
Kunjungi Toko Kami Sekarang!

Toko Kroya: Jl. Kroya No. 3, Kesiman, Denpasar
Toko Munang Maning: Jl. Subur No. 4 Pemecutan Klod, Denpasar Barat
Jam Buka: Setiap Hari 09:00 - 22:00 WITA
Admin WA: 081237200400 (Klik Link di Bio!)
Tokopedia/Shopee/TikTok Shop: Pura Pura Ponsel

Kualitas Tidak Pernah Pura Pura - Solusi tukar tambah HP terbaik di Bali.",7,"01/11/2026 17:00",https://www.instagram.com/reel/DTZDQOjCUV0/,"IG reel",,Lifetime,49758,21233,153,5,1,4,5
17957851716047489,17841414051683694,purapura.ponsel,"Pura Pura Ponsel","CAMERA TOP KELAS ✨PILIH YANG PAS UNTUK MU📸 

Mau upgrade hp dengan kamera top kelas? Yukk bandingin dua pilihan terbaik hp mu sekarang atau coba deh liat perbandingan hp mu dengan teman dulu yang related bisa komen yaa✨ 

Bingung mau Upgrade HP tapi HP lama gak terpakai?
Jangan khawatir! Bawa saja ke Pura Pura Ponsel
Kami terima Tukar Tambah semua kondisi dan series!

✅ Series Terlama? Bisa!
✅ Android ke iPhone? Bisa Banget!
✅ KREDIT DP & BUNGA 0% (S&K Berlaku)
✅ BISA SPLIT PAYMENT
✅ BANYAK BENEFIT eksklusif lainnya!

Stop galau, saatnya ganti gadget baru tanpa ribet dan untung maksimal!
Kunjungi Toko Kami Sekarang!

Toko Kroya: Jl. Kroya No. 3, Kesiman, Denpasar
Toko Munang Maning: Jl. Subur No. 4 Pemecutan Klod, Denpasar Barat
Jam Buka: Setiap Hari 09:00 - 22:00 WITA
Admin WA: 081237200400 (Klik Link di Bio!)
Tokopedia/Shopee/TikTok Shop: Pura Pura Ponsel

Kualitas Tidak Pernah Pura Pura - Solusi tukar tambah HP terbaik di Bali.",63,"01/10/2026 17:01",https://www.instagram.com/reel/DTWeeZUFWr_/,"IG reel",,Lifetime,9737,5698,35,1,0,0,0
17937087060128061,17841414051683694,purapura.ponsel,"Pura Pura Ponsel","BLI NOK & GEK NE😁 PURA PURA PONSEL NEE - SOLUSI HP RUSAKMU NEE NOK‼️ 

HP mati total, layar pecah, baterai ngeblong, atau masalah sistem yang bikin pusing?😱 tenang saja, di Pura Pura Ponsel semua masalah HP kamu bakal kelar dengan cepat dan terjangkau✨ 
 
Bingung mau Upgrade HP tapi HP lama gak terpakai?
Jangan khawatir! Bawa saja ke Pura Pura Ponsel
Kami terima Tukar Tambah semua kondisi dan series!

✅ Series Terlama? Bisa!
✅ Android ke iPhone? Bisa Banget!
✅ KREDIT DP & BUNGA 0% (S&K Berlaku)
✅ BISA SPLIT PAYMENT
✅ BANYAK BENEFIT eksklusif lainnya!

Stop galau, saatnya ganti gadget baru tanpa ribet dan untung maksimal!
Kunjungi Toko Kami Sekarang!

Toko Kroya: Jl. Kroya No. 3, Kesiman, Denpasar
Toko Munang Maning: Jl. Subur No. 4 Pemecutan Klod, Denpasar Barat
Jam Buka: Setiap Hari 09:00 - 22:00 WITA
Admin WA: 081237200400 (Klik Link di Bio!)
Tokopedia/Shopee/TikTok Shop: Pura Pura Ponsel

Kualitas Tidak Pernah Pura Pura - Solusi tukar tambah HP terbaik di Bali.",29,"01/10/2026 02:01",https://www.instagram.com/reel/DTU3e2SlEyO/,"IG reel",,Lifetime,8165,5275,36,0,0,0,0
17983485917949174,17841414051683694,purapura.ponsel,"Pura Pura Ponsel","BLI NOK & GEK NE😁

iPhone 17 Pro Max kamera ne luung nee, ada promo kredit bunga 0% dengan kartu kredit BCA, Mandiri, BNI dan juga BRI nok😱 dije ngalih? yaa di Pura-Pura Ponsel lahh☺️

Bingung mau Upgrade HP tapi HP lama gak terpakai?
Jangan khawatir! Bawa saja ke Pura Pura Ponsel
Kami terima Tukar Tambah semua kondisi dan series!

✅ Series Terlama? Bisa!
✅ Android ke iPhone? Bisa Banget!
✅ KREDIT DP & BUNGA 0% (S&K Berlaku)
✅ BISA SPLIT PAYMENT
✅ BANYAK BENEFIT eksklusif lainnya!

Stop galau, saatnya ganti gadget baru tanpa ribet dan untung maksimal!
Kunjungi Toko Kami Sekarang!

Toko Kroya: Jl. Kroya No. 3, Kesiman, Denpasar
Toko Munang Maning: Jl. Subur No. 4 Pemecutan Klod, Denpasar Barat
Jam Buka: Setiap Hari 09:00 - 22:00 WITA
Admin WA: 081237200400 (Klik Link di Bio!)
Tokopedia/Shopee/TikTok Shop: Pura Pura Ponsel

Kualitas Tidak Pernah Pura Pura - Solusi tukar tambah HP terbaik di Bali.",42,"01/08/2026 02:01",https://www.instagram.com/reel/DTPt8NaCpKI/,"IG reel",,Lifetime,32579,21682,168,9,2,5,6
17949797082073393,17841403237713917,telagabagus,"TELAGA BAGUS","Jangan berburuk sangka dulu semeton😭🤣

Tempat busana adat keren bisa custome sesuka hati cuma di @telagabagus 
Toko ponsel termurah dan lengkap ada di @purapura.ponsel 

By : @arthadashing_ 

#telagabagus #arthadashing #purapuraponsel",79,"01/07/2026 04:43",https://www.instagram.com/reel/DTNbWt6j7La/,"IG reel",,Lifetime,666512,515976,29267,1954,177,336,0
18079005470335666,17841414051683694,purapura.ponsel,"Pura Pura Ponsel","UPDATE IOS 26.3😱

Beneran nih? Apakah ini langkah untuk lebih ramah pengguna atau ada strategi tersembunyi di baliknya? 🤔 Siapa yang udah kepikiran ganti HP, atau malah jadi bingung harus tetap setia atau ikutan arus? 📱💨

Bingung mau Upgrade HP tapi HP lama gak terpakai?
Jangan khawatir! Bawa saja ke Pura Pura Ponsel
Kami terima Tukar Tambah semua kondisi dan series!

✅ Series Terlama? Bisa!
✅ Android ke iPhone? Bisa Banget!
✅ KREDIT DP & BUNGA 0% (S&K Berlaku)
✅ BISA SPLIT PAYMENT
✅ BANYAK BENEFIT eksklusif lainnya!

Stop galau, saatnya ganti gadget baru tanpa ribet dan untung maksimal!
Kunjungi Toko Kami Sekarang!

Toko Kroya: Jl. Kroya No. 3, Kesiman, Denpasar
Toko Munang Maning: Jl. Subur No. 4 Pemecutan Klod, Denpasar Barat
Jam Buka: Setiap Hari 09:00 - 22:00 WITA
Admin WA: 081237200400 (Klik Link di Bio!)
Tokopedia/Shopee/TikTok Shop: Pura Pura Ponsel

Kualitas Tidak Pernah Pura Pura - Solusi tukar tambah HP terbaik di Bali.",0,"01/06/2026 18:00",https://www.instagram.com/p/DTMSFg4CBca/,"IG carousel",,Lifetime,14469,4451,39,3,0,0,0
18055150862342530,17841414051683694,purapura.ponsel,"Pura Pura Ponsel","MMK: Dapat Promo Awal Tahun🤩

Kabar gembiraaa, IPHONE 17 AIR cuman 16 jutaan ajahhhh😱 dan berkesempatan 1 kali Free Spin lohhh, yang bener ajahh rugi donkk🤣

Bingung mau Upgrade HP tapi HP lama gak terpakai?
Jangan khawatir! Bawa saja ke Pura Pura Ponsel
Kami terima Tukar Tambah semua kondisi dan series!

✅ Series Terlama? Bisa!
✅ Android ke iPhone? Bisa Banget!
✅ KREDIT DP & BUNGA 0% (S&K Berlaku)
✅ BISA SPLIT PAYMENT
✅ BANYAK BENEFIT eksklusif lainnya!

Stop galau, saatnya ganti gadget baru tanpa ribet dan untung maksimal!
Kunjungi Toko Kami Sekarang!

Toko Kroya: Jl. Kroya No. 3, Kesiman, Denpasar
Toko Munang Maning: Jl. Subur No. 4 Pemecutan Klod, Denpasar Barat
Jam Buka: Setiap Hari 09:00 - 22:00 WITA
Admin WA: 081237200400 (Klik Link di Bio!)
Tokopedia/Shopee/TikTok Shop: Pura Pura Ponsel

Kualitas Tidak Pernah Pura Pura - Solusi tukar tambah HP terbaik di Bali.",30,"01/06/2026 17:01",https://www.instagram.com/reel/DTMLTl5CN5Y/,"IG reel",,Lifetime,6709,4734,33,0,0,2,0
18299468458275556,17841401356087722,ogohogohdenpasar,"Ogoh Ogoh Denpasar, Bali","SKETSA OGOH-OGOH 2026 PART 6

BANJAR TAINSIAT, DANGIN PURI KAJA @stysbtainsiat 
BANJAR BLANJONG, INTARAN SANUR @st.putrabahari 
BANJAR TEGES MAS JATI, PEMECUTAN KELOD @stt_jaya_kumara 

#ogohogoh #ogohogohramahlingkungan #ogohogohbali #ogohogohdenpasar #ogohogoh2026",23,"01/06/2026 02:32",https://www.instagram.com/reel/DTKnsHakkuf/,"IG reel",,Lifetime,132422,71543,2894,72,75,25,0
18102302047828907,17841414051683694,purapura.ponsel,"Pura Pura Ponsel","MMK: Kesel Sama Kucing🫣

Kucing biasanya suka kenyamanan, iya gak sihhhh?😁

Bingung mau Upgrade HP tapi HP lama gak terpakai?
Jangan khawatir! Bawa saja ke Pura Pura Ponsel
Kami terima Tukar Tambah semua kondisi dan series!

✅ Series Terlama? Bisa!
✅ Android ke iPhone? Bisa Banget!
✅ KREDIT DP & BUNGA 0% (S&K Berlaku)
✅ BISA SPLIT PAYMENT
✅ BANYAK BENEFIT eksklusif lainnya!

Stop galau, saatnya ganti gadget baru tanpa ribet dan untung maksimal!
Kunjungi Toko Kami Sekarang!

Toko Kroya: Jl. Kroya No. 3, Kesiman, Denpasar
Toko Munang Maning: Jl. Subur No. 4 Pemecutan Klod, Denpasar Barat
Jam Buka: Setiap Hari 09:00 - 22:00 WITA
Admin WA: 081237200400 (Klik Link di Bio!)
Tokopedia/Shopee/TikTok Shop: Pura Pura Ponsel

Kualitas Tidak Pernah Pura Pura - Solusi tukar tambah HP terbaik di Bali.",16,"01/06/2026 02:01",https://www.instagram.com/reel/DTKkVtpFFiJ/,"IG reel",,Lifetime,24896,13280,120,23,0,6,4
18177139942371742,17841401870239980,depraz_,"Deka Pratama Satya Alam","CARA GAMPANG KIRIM FOTO ANDROID KE IPHONE!

Nah beli Android dan iPhone PALING WORTH area Bali ya di @purapura.ponsel !
✅ iPhone 17 TERMURAH (Below SRP) 
✅ iPhone 16 & iPad 11 harga miring! 
✅ Stok iPhone 13 & 16 Pro aman (sebelum discontinue!) 
✅ Dibantuin backup data sampai tuntas!

Jangan sampai kehabisan promonya. Langsung meluncur ke store mereka atau marketplace mereka dan follow IG-nya sekarang! : @purapura.ponsel 🚀

#TipsiPhone #TipsAndroid #BlipApp #PuraPuraPonsel #RekomendasiHP",64,"01/04/2026 03:00",https://www.instagram.com/reel/DTFhc8Kkqvr/,"IG reel",,Lifetime,36847,23690,476,139,3,27,0
18053410655678021,17841414051683694,purapura.ponsel,"Pura Pura Ponsel","‼️KLARIFIKASI‼️

Konten Jawa-Bali bukan bermaksud rasis melainkan ingin menunjukan hubungan yang harmonis antara jawa dengan bali🫰🏻🙏🏻 

Bingung mau Upgrade HP tapi HP lama gak terpakai?
Jangan khawatir! Bawa saja ke Pura Pura Ponsel
Kami terima Tukar Tambah semua kondisi dan series!

✅ Series Terlama? Bisa!
✅ Android ke iPhone? Bisa Banget!
✅ KREDIT DP & BUNGA 0% (S&K Berlaku)
✅ BISA SPLIT PAYMENT
✅ BANYAK BENEFIT eksklusif lainnya!

Stop galau, saatnya ganti gadget baru tanpa ribet dan untung maksimal!
Kunjungi Toko Kami Sekarang!

Toko Kroya: Jl. Kroya No. 3, Kesiman, Denpasar
Toko Munang Maning: Jl. Subur No. 4 Pemecutan Klod, Denpasar Barat
Jam Buka: Setiap Hari 09:00 - 22:00 WITA
Admin WA: 081237200400 (Klik Link di Bio!)
Tokopedia/Shopee/TikTok Shop: Pura Pura Ponsel

Kualitas Tidak Pernah Pura Pura - Solusi tukar tambah HP terbaik di Bali.",83,"01/04/2026 02:01",https://www.instagram.com/reel/DTFatqVDBoS/,"IG reel",,Lifetime,127397,99807,1187,21,9,40,43
18117313624508819,17841414051683694,purapura.ponsel,"Pura Pura Ponsel","IPHONEMU KE BLOCKIR ? TUKAR TAMBAH AJA ‼️

Bestie mau ganti Handphone tapi kasihan Handphone lama tidak terpakai ? Tukar Tambah saja di Pura Pura Ponsel 🤩

Kenapa harus di Pura Pura Ponsel ? 
✅ Bisa Tukar Tambah dari series terlama sekalipun
✅ Bisa Tukar Tambah dari imei TERBLOCKIR
✅ Android ke iPhone ? bisa banget dong 🥰
✅ Bisa Kredit, dapatkan Promo Bunga dan DP 0%
✅ Bisa SPLIT PAYMENT
✅ After Sales ( yang pastinya fast response dan dibantu jika terjadi kendala )
✅ DAN MASIH BANYAK BENEFIT LAINNYA ‼️

Dan tentunya Handphone lama kalian akan diambil dengan harga tinggi 🤩
Jadi tunggu apalagi ? Yuk Segera datang ke toko yaa 🥰

Toko Kroya: Jl. Kroya No. 3, Kesiman, Denpasar
Toko Munang Maning: Jl. Subur No. 4 Pemecutan Klod, Denpasar Barat
Jam Buka: Setiap Hari 09:00 - 22:00 WITA
Admin WA: 081237200400 (Klik Link di Bio!)
Tokopedia/Shopee/TikTok Shop: Pura Pura Ponsel

Kualitas Tidak Pernah Pura Pura - Solusi tukar tambah HP terbaik di Bali.",60,"01/03/2026 02:01",https://www.instagram.com/reel/DTC163Lj97v/,"IG reel",,Lifetime,24338,16335,239,2,3,9,11
18447922702098986,17841414051683694,purapura.ponsel,"Pura Pura Ponsel","BAHAYA MENG*NJAK CANANG, HARUS LOG IN ?! 😱

Jangan yaa .. kalau besti gabut atau bingung nich mau cari Handphone Android yang terpercaya mending langsung login ke Pura Pura Ponsel 😜 
Karena Pura Pura Ponsel hadir dengan berbagai series Android Brand New yang tentunya lengkap dan dengan PROMO yang ga nanggung nanggung 😱

Kenapa harus di Pura Pura Ponsel ? 
✅ Bergaransi resmi
✅ Kualitas barang sama
✅ Bisa kredit, dapatkan PROMO Bunga dan DP 0%
✅ Bisa TUKAR TAMBAH, bahkan dari series terlama sekalipun
✅ Bisa SPLIT PAYMENT
✅ After Sales ( yang pastinya fast response dan dibantu jika terjadi kendala )
✅ DAN MASIH BANYAK BENEFIT LAINNYA ‼️

Dan tentunya BERKESEMPATAN LUCKY DRAW di setiap pembelian Android Brand New yang hadiahnya berupa VOUCHER BELANJA JUTAAN rupiah hingga HANDPHONE 🤩

Buat kalian yang nggak bisa datang ke toko bisa checkout di toko online Minpur yaa. Ada CASHBACK hingga jutaan rupiah 🤩 pengiriman cepat, dijamin aman sampai tujuan whoosh 💨
Jadi tunggu apalagi ? Yuk Segera tentukan pilihanmu bestie 🥰

Toko Kroya: Jl. Kroya No. 3, Kesiman, Denpasar
Toko Munang Maning: Jl. Subur No. 4 Pemecutan Klod, Denpasar Barat
Jam Buka: Setiap Hari 09:00 - 22:00 WITA
Admin WA: 081237200400 (Klik Link di Bio!)
Tokopedia/Shopee/TikTok Shop: Pura Pura Ponsel

Kualitas Tidak Pernah Pura Pura - Solusi tukar tambah HP terbaik di Bali.",59,"01/02/2026 02:01",https://www.instagram.com/reel/DTARFyVjRt5/,"IG reel",,Lifetime,29947,19750,322,7,5,7,4
